density,repetition,seed,algorithm,runtime_seconds,betti_number
0.1,0,1,general,0.007097499998053536,0
0.1,0,1,recursive_basis,0.0007728000055067241,0
0.1,0,1,recursive_no_basis,0.00479589999304153,0
0.1,1,2,recursive_basis,0.0006173000147100538,0
0.1,1,2,recursive_no_basis,0.0005261999904178083,0
0.1,1,2,general,0.01096829999005422,0
0.1,2,3,recursive_no_basis,0.0005725999944843352,0
0.1,2,3,general,0.006015199993271381,0
0.1,2,3,recursive_basis,0.0005238000012468547,0
0.1,3,4,general,0.011515599995618686,0
0.1,3,4,recursive_basis,0.0006138999888207763,0
0.1,3,4,recursive_no_basis,0.0005027000152040273,0
0.1,4,5,recursive_basis,0.0005187000206205994,0
0.1,4,5,recursive_no_basis,0.0005942999850958586,0
0.1,4,5,general,0.01076529998681508,0
0.1,5,6,recursive_no_basis,0.0005793999880552292,0
0.1,5,6,general,0.015677299990784377,0
0.1,5,6,recursive_basis,0.0007114000036381185,0
0.1,6,7,general,0.005973099992843345,0
0.1,6,7,recursive_basis,0.0005864000122528523,0
0.1,6,7,recursive_no_basis,0.0005658000009134412,0
0.1,7,8,recursive_basis,0.0005624000041279942,0
0.1,7,8,recursive_no_basis,0.0006581999768968672,0
0.1,7,8,general,0.010699300008127466,0
0.1,8,9,recursive_no_basis,0.0004833000130020082,0
0.1,8,9,general,0.010617699997965246,0
0.1,8,9,recursive_basis,0.000529499986441806,0
0.1,9,10,general,0.008149000001139939,0
0.1,9,10,recursive_basis,0.0005796999903395772,0
0.1,9,10,recursive_no_basis,0.0006762000266462564,0
0.1,10,11,recursive_basis,0.0005501999985426664,0
0.1,10,11,recursive_no_basis,0.0031820999865885824,0
0.1,10,11,general,0.0073748000140767545,0
0.1,11,12,recursive_no_basis,0.0005253999843262136,0
0.1,11,12,general,0.016990399977657944,0
0.1,11,12,recursive_basis,0.0007631999906152487,0
0.1,12,13,general,0.013716100016608834,0
0.1,12,13,recursive_basis,0.0014654000115115196,0
0.1,12,13,recursive_no_basis,0.0005444000125862658,0
0.1,13,14,recursive_basis,0.0005497999954968691,0
0.1,13,14,recursive_no_basis,0.0005761999927926809,0
0.1,13,14,general,0.007075100002111867,0
0.1,14,15,recursive_no_basis,0.0005126000032760203,0
0.1,14,15,general,0.018068800010951236,0
0.1,14,15,recursive_basis,0.0007069999992381781,0
0.1,15,16,general,0.008100900013232604,0
0.1,15,16,recursive_basis,0.0005566999898292124,0
0.1,15,16,recursive_no_basis,0.0008616000122856349,0
0.1,16,17,recursive_basis,0.0004963999963365495,0
0.1,16,17,recursive_no_basis,0.0004786000063177198,0
0.1,16,17,general,0.008354599995072931,0
0.1,17,18,recursive_no_basis,0.0007080999785102904,0
0.1,17,18,general,0.006096500001149252,0
0.1,17,18,recursive_basis,0.0005892000044696033,0
0.1,18,19,general,0.007096200017258525,0
0.1,18,19,recursive_basis,0.00074380001751706,0
0.1,18,19,recursive_no_basis,0.00074230000609532,0
0.1,19,20,recursive_basis,0.0006337999948300421,0
0.1,19,20,recursive_no_basis,0.0005425999988801777,0
0.1,19,20,general,0.007444699993357062,0
0.1,20,21,recursive_no_basis,0.0005087000026833266,0
0.1,20,21,general,0.012383899971609935,0
0.1,20,21,recursive_basis,0.0007868000247981399,0
0.1,21,22,general,0.01059039999381639,0
0.1,21,22,recursive_basis,0.0005702000053133816,0
0.1,21,22,recursive_no_basis,0.0005156999977771193,0
0.1,22,23,recursive_basis,0.0006228999991435558,0
0.1,22,23,recursive_no_basis,0.00046030001249164343,0
0.1,22,23,general,0.0072487000143155456,0
0.1,23,24,recursive_no_basis,0.000531300000147894,0
0.1,23,24,general,0.007373500004177913,0
0.1,23,24,recursive_basis,0.0011332999856676906,0
0.1,24,25,general,0.006049099989468232,0
0.1,24,25,recursive_basis,0.000542099995072931,0
0.1,24,25,recursive_no_basis,0.0004966999986208975,0
0.1,25,26,recursive_basis,0.0005299999902490526,0
0.1,25,26,recursive_no_basis,0.0005091999773867428,0
0.1,25,26,general,0.009831800009123981,0
0.1,26,27,recursive_no_basis,0.0004932000010740012,0
0.1,26,27,general,0.007260200014570728,0
0.1,26,27,recursive_basis,0.0005189999938011169,0
0.1,27,28,general,0.007506099995225668,0
0.1,27,28,recursive_basis,0.0005623000033665448,0
0.1,27,28,recursive_no_basis,0.0005266000225674361,0
0.1,28,29,recursive_basis,0.0005702000053133816,0
0.1,28,29,recursive_no_basis,0.0005206000059843063,0
0.1,28,29,general,0.011358299991115928,0
0.1,29,30,recursive_no_basis,0.0005478000093717128,0
0.1,29,30,general,0.011060999997425824,0
0.1,29,30,recursive_basis,0.0005446999857667834,0
0.1,30,31,general,0.010209100000793114,0
0.1,30,31,recursive_basis,0.0005628000071737915,0
0.1,30,31,recursive_no_basis,0.0004982000100426376,0
0.1,31,32,recursive_basis,0.0005028000159654766,0
0.1,31,32,recursive_no_basis,0.0004600000102072954,0
0.1,31,32,general,0.011454000021331012,0
0.1,32,33,recursive_no_basis,0.0005560999852605164,0
0.1,32,33,general,0.011698299989802763,0
0.1,32,33,recursive_basis,0.0005677999870385975,0
0.1,33,34,general,0.0073253999871667475,0
0.1,33,34,recursive_basis,0.0005510000046342611,0
0.1,33,34,recursive_no_basis,0.0005402000097092241,0
0.1,34,35,recursive_basis,0.0005311999993864447,0
0.1,34,35,recursive_no_basis,0.00047560001257807016,0
0.1,34,35,general,0.0074690000037662685,0
0.1,35,36,recursive_no_basis,0.0005119999987073243,0
0.1,35,36,general,0.009727900003781542,0
0.1,35,36,recursive_basis,0.0005737000028602779,0
0.1,36,37,general,0.00919640000211075,0
0.1,36,37,recursive_basis,0.0005155999970156699,0
0.1,36,37,recursive_no_basis,0.0005076999950688332,0
0.1,37,38,recursive_basis,0.0008575000101700425,0
0.1,37,38,recursive_no_basis,0.0005839999939780682,0
0.1,37,38,general,0.0086629000143148,0
0.1,38,39,recursive_no_basis,0.0005167999770492315,0
0.1,38,39,general,0.007971899991389364,0
0.1,38,39,recursive_basis,0.0005535999953281134,0
0.1,39,40,general,0.008692999981576577,0
0.1,39,40,recursive_basis,0.000532899983227253,0
0.1,39,40,recursive_no_basis,0.0005130999779794365,0
0.1,40,41,recursive_basis,0.000527900003362447,0
0.1,40,41,recursive_no_basis,0.0005041999975219369,0
0.1,40,41,general,0.018282499979250133,0
0.1,41,42,recursive_no_basis,0.0005739000043831766,0
0.1,41,42,general,0.011677600006805733,0
0.1,41,42,recursive_basis,0.0006167000101413578,0
0.1,42,43,general,0.0069649999786634,0
0.1,42,43,recursive_basis,0.0005944999866187572,0
0.1,42,43,recursive_no_basis,0.000544599985005334,0
0.1,43,44,recursive_basis,0.0004870999837294221,0
0.1,43,44,recursive_no_basis,0.0004568000149447471,0
0.1,43,44,general,0.008797400019830093,0
0.1,44,45,recursive_no_basis,0.0004971000016666949,0
0.1,44,45,general,0.0068721999996341765,0
0.1,44,45,recursive_basis,0.0004883999936282635,0
0.1,45,46,general,0.008506200014380738,0
0.1,45,46,recursive_basis,0.000538399996003136,0
0.1,45,46,recursive_no_basis,0.0005130000063218176,0
0.1,46,47,recursive_basis,0.0004927999980282038,0
0.1,46,47,recursive_no_basis,0.0004673000075854361,0
0.1,46,47,general,0.006871199992019683,0
0.1,47,48,recursive_no_basis,0.003333300002850592,0
0.1,47,48,general,0.009647300001233816,0
0.1,47,48,recursive_basis,0.0027322999958414584,0
0.1,48,49,general,0.007137499982491136,0
0.1,48,49,recursive_basis,0.0005655999993905425,0
0.1,48,49,recursive_no_basis,0.000658300006762147,0
0.1,49,50,recursive_basis,0.0005516000092029572,0
0.1,49,50,recursive_no_basis,0.0005419999943114817,0
0.1,49,50,general,0.006957000005058944,0
0.1,50,51,recursive_no_basis,0.000527299998793751,0
0.1,50,51,general,0.009278999990783632,0
0.1,50,51,recursive_basis,0.0006110999966040254,0
0.1,51,52,general,0.0071610000159125775,0
0.1,51,52,recursive_basis,0.0005550000059884042,0
0.1,51,52,recursive_no_basis,0.0008858999935910106,0
0.1,52,53,recursive_basis,0.0005133999802637845,0
0.1,52,53,recursive_no_basis,0.0004896000027656555,0
0.1,52,53,general,0.012912000005599111,0
0.1,53,54,recursive_no_basis,0.0005646999925374985,0
0.1,53,54,general,0.005916200025239959,0
0.1,53,54,recursive_basis,0.002974500006530434,0
0.1,54,55,general,0.008891699981177226,0
0.1,54,55,recursive_basis,0.0005913999921176583,0
0.1,54,55,recursive_no_basis,0.0005919999966863543,0
0.1,55,56,recursive_basis,0.000539699976798147,0
0.1,55,56,recursive_no_basis,0.000525100011145696,0
0.1,55,56,general,0.021148900006664917,0
0.1,56,57,recursive_no_basis,0.0005254000134300441,0
0.1,56,57,general,0.007442900008754805,0
0.1,56,57,recursive_basis,0.000519299996085465,0
0.1,57,58,general,0.008020200009923428,0
0.1,57,58,recursive_basis,0.0006334999925456941,0
0.1,57,58,recursive_no_basis,0.0006511999818030745,0
0.1,58,59,recursive_basis,0.0005430000019259751,0
0.1,58,59,recursive_no_basis,0.0005145999894011766,0
0.1,58,59,general,0.012235900008818135,0
0.1,59,60,recursive_no_basis,0.0005491000192705542,0
0.1,59,60,general,0.0097548000048846,0
0.1,59,60,recursive_basis,0.0006978999881539494,0
0.1,60,61,general,0.008373199991183355,0
0.1,60,61,recursive_basis,0.0006437000120058656,0
0.1,60,61,recursive_no_basis,0.0005788999842479825,0
0.1,61,62,recursive_basis,0.0008632999961264431,0
0.1,61,62,recursive_no_basis,0.0005522000137716532,0
0.1,61,62,general,0.011899799981620163,0
0.1,62,63,recursive_no_basis,0.0006319000094663352,0
0.1,62,63,general,0.007513900025514886,0
0.1,62,63,recursive_basis,0.0006315999780781567,0
0.1,63,64,general,0.012061200017342344,0
0.1,63,64,recursive_basis,0.0009851999930106103,0
0.1,63,64,recursive_no_basis,0.0006370999908540398,0
0.1,64,65,recursive_basis,0.0007683000003453344,0
0.1,64,65,recursive_no_basis,0.0005160000000614673,0
0.1,64,65,general,0.01785639999434352,0
0.1,65,66,recursive_no_basis,0.0011627000058069825,0
0.1,65,66,general,0.012473900016630068,0
0.1,65,66,recursive_basis,0.0006051999807823449,0
0.1,66,67,general,0.011344500002451241,0
0.1,66,67,recursive_basis,0.0034573999873828143,0
0.1,66,67,recursive_no_basis,0.0007062000222504139,0
0.1,67,68,recursive_basis,0.0006167000101413578,0
0.1,67,68,recursive_no_basis,0.0005521999846678227,0
0.1,67,68,general,0.009421800001291558,0
0.1,68,69,recursive_no_basis,0.0005130999779794365,0
0.1,68,69,general,0.008876000007148832,0
0.1,68,69,recursive_basis,0.0005936000088695437,0
0.1,69,70,general,0.008730400004424155,0
0.1,69,70,recursive_basis,0.0006126000080257654,0
0.1,69,70,recursive_no_basis,0.0006163999787531793,0
0.1,70,71,recursive_basis,0.0004859000036958605,0
0.1,70,71,recursive_no_basis,0.00047580001410096884,0
0.1,70,71,general,0.00974609999684617,0
0.1,71,72,recursive_no_basis,0.00065640002139844,0
0.1,71,72,general,0.013869099988369271,0
0.1,71,72,recursive_basis,0.001031799998600036,0
0.1,72,73,general,0.007658999995328486,0
0.1,72,73,recursive_basis,0.0005619000003207475,0
0.1,72,73,recursive_no_basis,0.0005486999871209264,0
0.1,73,74,recursive_basis,0.0008531000057701021,0
0.1,73,74,recursive_no_basis,0.0004709000058937818,0
0.1,73,74,general,0.010627800016663969,0
0.1,74,75,recursive_no_basis,0.0005433000042103231,0
0.1,74,75,general,0.010618300002533942,0
0.1,74,75,recursive_basis,0.0005941999843344092,0
0.1,75,76,general,0.007595300005050376,0
0.1,75,76,recursive_basis,0.000532899983227253,0
0.1,75,76,recursive_no_basis,0.000523599999723956,0
0.1,76,77,recursive_basis,0.0005469000025186688,0
0.1,76,77,recursive_no_basis,0.0005096000095363706,0
0.1,76,77,general,0.014992899989010766,0
0.1,77,78,recursive_no_basis,0.00046949999523349106,0
0.1,77,78,general,0.015483700000913814,0
0.1,77,78,recursive_basis,0.0005819000070914626,0
0.1,78,79,general,0.008357899991096929,0
0.1,78,79,recursive_basis,0.0005705000075977296,0
0.1,78,79,recursive_no_basis,0.000527299998793751,0
0.1,79,80,recursive_basis,0.0004942999803461134,0
0.1,79,80,recursive_no_basis,0.0004693999944720417,0
0.1,79,80,general,0.0071087999967858195,0
0.1,80,81,recursive_no_basis,0.0005359000060707331,0
0.1,80,81,general,0.00974609999684617,0
0.1,80,81,recursive_basis,0.0005686999938916415,0
0.1,81,82,general,0.007694600004469976,0
0.1,81,82,recursive_basis,0.0007968999852892011,0
0.1,81,82,recursive_no_basis,0.000676199997542426,0
0.1,82,83,recursive_basis,0.0005382999952416867,0
0.1,82,83,recursive_no_basis,0.0005071999912615865,0
0.1,82,83,general,0.007957900001201779,0
0.1,83,84,recursive_no_basis,0.0005378000205382705,0
0.1,83,84,general,0.008200799988117069,0
0.1,83,84,recursive_basis,0.0005710000114049762,0
0.1,84,85,general,0.007033899979433045,0
0.1,84,85,recursive_basis,0.0005326000100467354,0
0.1,84,85,recursive_no_basis,0.0005035999929532409,0
0.1,85,86,recursive_basis,0.000499200017657131,0
0.1,85,86,recursive_no_basis,0.00048680001054890454,0
0.1,85,86,general,0.01981210001395084,0
0.1,86,87,recursive_no_basis,0.0005973000079393387,0
0.1,86,87,general,0.008244299999205396,0
0.1,86,87,recursive_basis,0.0005690999969374388,0
0.1,87,88,general,0.008453799993731081,0
0.1,87,88,recursive_basis,0.0005830999871250242,0
0.1,87,88,recursive_no_basis,0.0009009999921545386,0
0.1,88,89,recursive_basis,0.0005357000045478344,0
0.1,88,89,recursive_no_basis,0.0004988000146113336,0
0.1,88,89,general,0.011301199992885813,0
0.1,89,90,recursive_no_basis,0.0005373999883886427,0
0.1,89,90,general,0.01003340000170283,0
0.1,89,90,recursive_basis,0.0006113999988883734,0
0.1,90,91,general,0.013198399974498898,0
0.1,90,91,recursive_basis,0.0006767000013496727,0
0.1,90,91,recursive_no_basis,0.0011375999893061817,0
0.1,91,92,recursive_basis,0.0005743000074289739,0
0.1,91,92,recursive_no_basis,0.0005017999792471528,0
0.1,91,92,general,0.006577099993592128,0
0.1,92,93,recursive_no_basis,0.004007899988209829,0
0.1,92,93,general,0.009750900004291907,0
0.1,92,93,recursive_basis,0.0005904000136069953,0
0.1,93,94,general,0.014765300002181903,0
0.1,93,94,recursive_basis,0.0007089000137057155,0
0.1,93,94,recursive_no_basis,0.0005473000055644661,0
0.1,94,95,recursive_basis,0.00048519999836571515,0
0.1,94,95,recursive_no_basis,0.00046029998338781297,0
0.1,94,95,general,0.006843199982540682,0
0.1,95,96,recursive_no_basis,0.0005069999897386879,0
0.1,95,96,general,0.00845709998975508,0
0.1,95,96,recursive_basis,0.0006719999946653843,0
0.1,96,97,general,0.0065596000058576465,0
0.1,96,97,recursive_basis,0.000519599998369813,0
0.1,96,97,recursive_no_basis,0.000525100011145696,0
0.1,97,98,recursive_basis,0.0005403999821282923,0
0.1,97,98,recursive_no_basis,0.0004936999757774174,0
0.1,97,98,general,0.011049399996409193,0
0.1,98,99,recursive_no_basis,0.0005616999987978488,0
0.1,98,99,general,0.008001899986993521,0
0.1,98,99,recursive_basis,0.0005599000141955912,0
0.1,99,100,general,0.014900700014550239,0
0.1,99,100,recursive_basis,0.0005395000043790787,0
0.1,99,100,recursive_no_basis,0.003595699992729351,0
0.1,100,101,recursive_basis,0.000547999981790781,0
0.1,100,101,recursive_no_basis,0.0005154999962542206,0
0.1,100,101,general,0.008443300001090392,0
0.1,101,102,recursive_no_basis,0.0005507000023499131,0
0.1,101,102,general,0.010955900012049824,0
0.1,101,102,recursive_basis,0.00076149997767061,0
0.1,102,103,general,0.00597830000333488,0
0.1,102,103,recursive_basis,0.00060299999313429,0
0.1,102,103,recursive_no_basis,0.003031500003999099,0
0.1,103,104,recursive_basis,0.0005193999968469143,0
0.1,103,104,recursive_no_basis,0.0004906000103801489,0
0.1,103,104,general,0.007226399990031496,0
0.1,104,105,recursive_no_basis,0.0005621000018436462,0
0.1,104,105,general,0.009506399976089597,0
0.1,104,105,recursive_basis,0.003067799989366904,0
0.1,105,106,general,0.00808820000384003,0
0.1,105,106,recursive_basis,0.003852599998936057,0
0.1,105,106,recursive_no_basis,0.0005524999869521707,0
0.1,106,107,recursive_basis,0.000521100009791553,0
0.1,106,107,recursive_no_basis,0.0009494000114500523,0
0.1,106,107,general,0.00820209999801591,0
0.1,107,108,recursive_no_basis,0.00047309999354183674,0
0.1,107,108,general,0.013308900000993162,0
0.1,107,108,recursive_basis,0.0005592000088654459,0
0.1,108,109,general,0.005723299982491881,0
0.1,108,109,recursive_basis,0.0004891999997198582,0
0.1,108,109,recursive_no_basis,0.0005063999851699919,0
0.1,109,110,recursive_basis,0.0009316999930888414,0
0.1,109,110,recursive_no_basis,0.00047309999354183674,0
0.1,109,110,general,0.006942500011064112,0
0.1,110,111,recursive_no_basis,0.0004780000017490238,0
0.1,110,111,general,0.00818879998405464,0
0.1,110,111,recursive_basis,0.000516500003868714,0
0.1,111,112,general,0.010198699979810044,0
0.1,111,112,recursive_basis,0.0006600000197067857,0
0.1,111,112,recursive_no_basis,0.0006545999785885215,0
0.1,112,113,recursive_basis,0.0005438999796751887,0
0.1,112,113,recursive_no_basis,0.0006521999894175678,0
0.1,112,113,general,0.0067100000160280615,0
0.1,113,114,recursive_no_basis,0.0009632000001147389,0
0.1,113,114,general,0.011807400005636737,0
0.1,113,114,recursive_basis,0.0006164000078570098,0
0.1,114,115,general,0.006723700003931299,0
0.1,114,115,recursive_basis,0.0005335000168997794,0
0.1,114,115,recursive_no_basis,0.0005292000132612884,0
0.1,115,116,recursive_basis,0.000613199983490631,0
0.1,115,116,recursive_no_basis,0.00047890000860206783,0
0.1,115,116,general,0.007602700003189966,0
0.1,116,117,recursive_no_basis,0.0005082999996375293,0
0.1,116,117,general,0.007252200011862442,0
0.1,116,117,recursive_basis,0.0005364000098779798,0
0.1,117,118,general,0.007755099999485537,0
0.1,117,118,recursive_basis,0.0005779000057373196,0
0.1,117,118,recursive_no_basis,0.000520800007507205,0
0.1,118,119,recursive_basis,0.0005295999872032553,0
0.1,118,119,recursive_no_basis,0.0004884999943897128,0
0.1,118,119,general,0.009713700012071058,0
0.1,119,120,recursive_no_basis,0.0005020999815315008,0
0.1,119,120,general,0.007020999997621402,0
0.1,119,120,recursive_basis,0.0005211999814491719,0
0.1,120,121,general,0.013421500014374033,0
0.1,120,121,recursive_basis,0.0007602999976370484,0
0.1,120,121,recursive_no_basis,0.0005710999830625951,0
0.1,121,122,recursive_basis,0.0005323000077623874,0
0.1,121,122,recursive_no_basis,0.0006299999949987978,0
0.1,121,122,general,0.008489300002111122,0
0.1,122,123,recursive_no_basis,0.0006572999991476536,0
0.1,122,123,general,0.00859330000821501,0
0.1,122,123,recursive_basis,0.000531300000147894,0
0.1,123,124,general,0.009782600012840703,0
0.1,123,124,recursive_basis,0.0005916999944020063,0
0.1,123,124,recursive_no_basis,0.0008616999839432538,0
0.1,124,125,recursive_basis,0.0005176999839022756,0
0.1,124,125,recursive_no_basis,0.0004749000072479248,0
0.1,124,125,general,0.011484499991638586,0
0.1,125,126,recursive_no_basis,0.0005003999976906925,0
0.1,125,126,general,0.00777100000414066,0
0.1,125,126,recursive_basis,0.0005332000146154314,0
0.1,126,127,general,0.008416600001510233,0
0.1,126,127,recursive_basis,0.0005856999778188765,0
0.1,126,127,recursive_no_basis,0.0005218999867793173,0
0.1,127,128,recursive_basis,0.0005650000239256769,0
0.1,127,128,recursive_no_basis,0.000514000013936311,0
0.1,127,128,general,0.013964700017822906,0
0.1,128,129,recursive_no_basis,0.0005521000130102038,0
0.1,128,129,general,0.012061099987477064,0
0.1,128,129,recursive_basis,0.0005972999788355082,0
0.1,129,130,general,0.010131000017281622,0
0.1,129,130,recursive_basis,0.0005624999757856131,0
0.1,129,130,recursive_no_basis,0.003042500000447035,0
0.1,130,131,recursive_basis,0.0006131000118330121,0
0.1,130,131,recursive_no_basis,0.0004983999824617058,0
0.1,130,131,general,0.007824800006346777,0
0.1,131,132,recursive_no_basis,0.0005006999999750406,0
0.1,131,132,general,0.011016899981768802,0
0.1,131,132,recursive_basis,0.000607299996772781,0
0.1,132,133,general,0.0068270999763626605,0
0.1,132,133,recursive_basis,0.0005296000163070858,0
0.1,132,133,recursive_no_basis,0.0005788000125903636,0
0.1,133,134,recursive_basis,0.0005184000183362514,0
0.1,133,134,recursive_no_basis,0.002854599995771423,0
0.1,133,134,general,0.00798300001770258,0
0.1,134,135,recursive_no_basis,0.0005150999932084233,0
0.1,134,135,general,0.015191500016953796,0
0.1,134,135,recursive_basis,0.0012528999941423535,0
0.1,135,136,general,0.008630199998151511,0
0.1,135,136,recursive_basis,0.0005433000042103231,0
0.1,135,136,recursive_no_basis,0.0005318000039551407,0
0.1,136,137,recursive_basis,0.0005176000122446567,0
0.1,136,137,recursive_no_basis,0.0005018000083509833,0
0.1,136,137,general,0.006442900019465014,0
0.1,137,138,recursive_no_basis,0.0004861000052187592,0
0.1,137,138,general,0.007502599997678772,0
0.1,137,138,recursive_basis,0.0005498000246006995,0
0.1,138,139,general,0.007369400002062321,0
0.1,138,139,recursive_basis,0.0005146999901626259,0
0.1,138,139,recursive_no_basis,0.0004670000053010881,0
0.1,139,140,recursive_basis,0.000624599982984364,0
0.1,139,140,recursive_no_basis,0.000540899985935539,0
0.1,139,140,general,0.01211809998494573,0
0.1,140,141,recursive_no_basis,0.0005238999729044735,0
0.1,140,141,general,0.009681900002760813,0
0.1,140,141,recursive_basis,0.0005732999998144805,0
0.1,141,142,general,0.008108300011372194,0
0.1,141,142,recursive_basis,0.0005736000020988286,0
0.1,141,142,recursive_no_basis,0.0007459000044036657,0
0.1,142,143,recursive_basis,0.000516200001584366,0
0.1,142,143,recursive_no_basis,0.00355880000279285,0
0.1,142,143,general,0.011392500018700957,0
0.1,143,144,recursive_no_basis,0.0004993999900761992,0
0.1,143,144,general,0.007237199984956533,0
0.1,143,144,recursive_basis,0.0005293999856803566,0
0.1,144,145,general,0.007358900009421632,0
0.1,144,145,recursive_basis,0.0006883999740239233,0
0.1,144,145,recursive_no_basis,0.0005268999957479537,0
0.1,145,146,recursive_basis,0.0008596000261604786,0
0.1,145,146,recursive_no_basis,0.0004956999910064042,0
0.1,145,146,general,0.008514499990269542,0
0.1,146,147,recursive_no_basis,0.0005122000002302229,0
0.1,146,147,general,0.01006739999866113,0
0.1,146,147,recursive_basis,0.0005595000111497939,0
0.1,147,148,general,0.009044400008860976,0
0.1,147,148,recursive_basis,0.0007379000016953796,0
0.1,147,148,recursive_no_basis,0.0011713000130839646,0
0.1,148,149,recursive_basis,0.0006194000015966594,0
0.1,148,149,recursive_no_basis,0.0005103999865241349,0
0.1,148,149,general,0.007369700004346669,0
0.1,149,150,recursive_no_basis,0.000519299996085465,0
0.1,149,150,general,0.012221500015584752,0
0.1,149,150,recursive_basis,0.0009229000133927912,0
0.1,150,151,general,0.007346500002313405,0
0.1,150,151,recursive_basis,0.0005099000118207186,0
0.1,150,151,recursive_no_basis,0.000525799987372011,0
0.1,151,152,recursive_basis,0.00376029999461025,0
0.1,151,152,recursive_no_basis,0.0005652999971061945,0
0.1,151,152,general,0.006241800001589581,0
0.1,152,153,recursive_no_basis,0.0004936000041197985,0
0.1,152,153,general,0.011883699975442141,0
0.1,152,153,recursive_basis,0.0005939999828115106,0
0.1,153,154,general,0.0068903999926988035,0
0.1,153,154,recursive_basis,0.0005176999839022756,0
0.1,153,154,recursive_no_basis,0.0005063999851699919,0
0.1,154,155,recursive_basis,0.000519900000654161,0
0.1,154,155,recursive_no_basis,0.0004913999873679131,0
0.1,154,155,general,0.011365999991539866,0
0.1,155,156,recursive_no_basis,0.0005088000034447759,0
0.1,155,156,general,0.01151799998478964,0
0.1,155,156,recursive_basis,0.0005707999807782471,0
0.1,156,157,general,0.006916900019859895,0
0.1,156,157,recursive_basis,0.0005557999829761684,0
0.1,156,157,recursive_no_basis,0.00052299999515526,0
0.1,157,158,recursive_basis,0.0037293999921530485,0
0.1,157,158,recursive_no_basis,0.0005369000136852264,0
0.1,157,158,general,0.011730199999874458,0
0.1,158,159,recursive_no_basis,0.0005524000152945518,0
0.1,158,159,general,0.008958400023402646,0
0.1,158,159,recursive_basis,0.0005855000053998083,0
0.1,159,160,general,0.006911300006322563,0
0.1,159,160,recursive_basis,0.0005779000057373196,0
0.1,159,160,recursive_no_basis,0.0004911999858450145,0
0.1,160,161,recursive_basis,0.0004872000135947019,0
0.1,160,161,recursive_no_basis,0.0005006999999750406,0
0.1,160,161,general,0.007119699992472306,0
0.1,161,162,recursive_no_basis,0.0005469000025186688,0
0.1,161,162,general,0.014135500008706003,0
0.1,161,162,recursive_basis,0.0006545000069309026,0
0.1,162,163,general,0.010286500008078292,0
0.1,162,163,recursive_basis,0.0006218999915290624,0
0.1,162,163,recursive_no_basis,0.0005193999968469143,0
0.1,163,164,recursive_basis,0.0006937000143807381,0
0.1,163,164,recursive_no_basis,0.0006492999964393675,0
0.1,163,164,general,0.006284800008870661,0
0.1,164,165,recursive_no_basis,0.0005525000160560012,0
0.1,164,165,general,0.013326699991011992,0
0.1,164,165,recursive_basis,0.0005807999987155199,0
0.1,165,166,general,0.009479700005613267,0
0.1,165,166,recursive_basis,0.0005350999999791384,0
0.1,165,166,recursive_no_basis,0.0005077000241726637,0
0.1,166,167,recursive_basis,0.000505700008943677,0
0.1,166,167,recursive_no_basis,0.0034110999840777367,0
0.1,166,167,general,0.007831199996871874,0
0.1,167,168,recursive_no_basis,0.0005009000014979392,0
0.1,167,168,general,0.008225600002333522,0
0.1,167,168,recursive_basis,0.0005222999898251146,0
0.1,168,169,general,0.006795499997679144,0
0.1,168,169,recursive_basis,0.0006603000219911337,0
0.1,168,169,recursive_no_basis,0.0006763999990653247,0
0.1,169,170,recursive_basis,0.0005338999908417463,0
0.1,169,170,recursive_no_basis,0.00047820000327192247,0
0.1,169,170,general,0.006685300002573058,0
0.1,170,171,recursive_no_basis,0.0004746000049635768,0
0.1,170,171,general,0.009796700003789738,0
0.1,170,171,recursive_basis,0.0006280000088736415,0
0.1,171,172,general,0.009575899981427938,0
0.1,171,172,recursive_basis,0.0005685999931301922,0
0.1,171,172,recursive_no_basis,0.0005624000041279942,0
0.1,172,173,recursive_basis,0.000600200000917539,0
0.1,172,173,recursive_no_basis,0.0005107999895699322,0
0.1,172,173,general,0.007713400002103299,0
0.1,173,174,recursive_no_basis,0.0005916999944020063,0
0.1,173,174,general,0.01021279999986291,0
0.1,173,174,recursive_basis,0.0007169999880716205,0
0.1,174,175,general,0.007045800011837855,0
0.1,174,175,recursive_basis,0.0005456999933812767,0
0.1,174,175,recursive_no_basis,0.0008679000020492822,0
0.1,175,176,recursive_basis,0.0035659999994095415,0
0.1,175,176,recursive_no_basis,0.0007924000092316419,0
0.1,175,176,general,0.010062299988931045,0
0.1,176,177,recursive_no_basis,0.0005073000211268663,0
0.1,176,177,general,0.007179999985964969,0
0.1,176,177,recursive_basis,0.0005084000003989786,0
0.1,177,178,general,0.007770299998810515,0
0.1,177,178,recursive_basis,0.0005429000011645257,0
0.1,177,178,recursive_no_basis,0.0005072999920230359,0
0.1,178,179,recursive_basis,0.0006528999947477132,0
0.1,178,179,recursive_no_basis,0.0007291999936569482,0
0.1,178,179,general,0.007738899992546067,0
0.1,179,180,recursive_no_basis,0.0005135999817866832,0
0.1,179,180,general,0.009353000001283363,0
0.1,179,180,recursive_basis,0.0009578999888617545,0
0.1,180,181,general,0.009915500006172806,0
0.1,180,181,recursive_basis,0.0005526999884750694,0
0.1,180,181,recursive_no_basis,0.003969400015193969,0
0.1,181,182,recursive_basis,0.0004997999931219965,0
0.1,181,182,recursive_no_basis,0.00045690001570619643,0
0.1,181,182,general,0.007433899998432025,0
0.1,182,183,recursive_no_basis,0.0005061000119894743,0
0.1,182,183,general,0.011301299993647262,0
0.1,182,183,recursive_basis,0.0005801999941468239,0
0.1,183,184,general,0.006869900011224672,0
0.1,183,184,recursive_basis,0.0005166999762877822,0
0.1,183,184,recursive_no_basis,0.0004989000153727829,0
0.1,184,185,recursive_basis,0.0038025999965611845,0
0.1,184,185,recursive_no_basis,0.0004776999994646758,0
0.1,184,185,general,0.010208600026089698,0
0.1,185,186,recursive_no_basis,0.0006124000065028667,0
0.1,185,186,general,0.009765900002093986,0
0.1,185,186,recursive_basis,0.000597700010985136,0
0.1,186,187,general,0.006286899995757267,0
0.1,186,187,recursive_basis,0.0005080999981146306,0
0.1,186,187,recursive_no_basis,0.0005629999795928597,0
0.1,187,188,recursive_basis,0.0005562999867834151,0
0.1,187,188,recursive_no_basis,0.00045739999040961266,0
0.1,187,188,general,0.0077708000026177615,0
0.1,188,189,recursive_no_basis,0.0005472000048030168,0
0.1,188,189,general,0.010317699983716011,0
0.1,188,189,recursive_basis,0.0006050000083632767,0
0.1,189,190,general,0.01613630002248101,0
0.1,189,190,recursive_basis,0.0005907000158913434,0
0.1,189,190,recursive_no_basis,0.0005415999912656844,0
0.1,190,191,recursive_basis,0.000534699996933341,0
0.1,190,191,recursive_no_basis,0.0004988000146113336,0
0.1,190,191,general,0.007664200005820021,0
0.1,191,192,recursive_no_basis,0.0037274000060278922,0
0.1,191,192,general,0.00934460002463311,0
0.1,191,192,recursive_basis,0.0005778000049758703,0
0.1,192,193,general,0.015159800008405,0
0.1,192,193,recursive_basis,0.0008562000002712011,0
0.1,192,193,recursive_no_basis,0.000693799986038357,0
0.1,193,194,recursive_basis,0.0008685999782755971,0
0.1,193,194,recursive_no_basis,0.000898900005267933,0
0.1,193,194,general,0.012118499987991527,0
0.1,194,195,recursive_no_basis,0.0009311999892815948,0
0.1,194,195,general,0.01002300000982359,0
0.1,194,195,recursive_basis,0.0005802000232506543,0
0.1,195,196,general,0.008879000000888482,0
0.1,195,196,recursive_basis,0.0005425999988801777,0
0.1,195,196,recursive_no_basis,0.0005388999998103827,0
0.1,196,197,recursive_basis,0.0008254999993368983,0
0.1,196,197,recursive_no_basis,0.0004825999785680324,0
0.1,196,197,general,0.007523999986005947,0
0.1,197,198,recursive_no_basis,0.0004718000127468258,0
0.1,197,198,general,0.006597100000362843,0
0.1,197,198,recursive_basis,0.0005147999909240752,0
0.1,198,199,general,0.007217499980470166,0
0.1,198,199,recursive_basis,0.0005522000137716532,0
0.1,198,199,recursive_no_basis,0.000526699994225055,0
0.1,199,200,recursive_basis,0.0005328000115696341,0
0.1,199,200,recursive_no_basis,0.00048519999836571515,0
0.1,199,200,general,0.012505499995313585,0
0.2,0,1,general,0.060555499978363514,0
0.2,0,1,recursive_basis,0.0007744000176899135,0
0.2,0,1,recursive_no_basis,0.0007205000147223473,0
0.2,1,2,recursive_basis,0.0006698000070173293,0
0.2,1,2,recursive_no_basis,0.0006465000042226166,0
0.2,1,2,general,0.0467635000240989,0
0.2,2,3,recursive_no_basis,0.001056199980666861,0
0.2,2,3,general,0.039101599977584556,0
0.2,2,3,recursive_basis,0.000735200010240078,0
0.2,3,4,general,0.06463249999796972,0
0.2,3,4,recursive_basis,0.0007517000194638968,0
0.2,3,4,recursive_no_basis,0.0006985000218264759,0
0.2,4,5,recursive_basis,0.0037991999997757375,0
0.2,4,5,recursive_no_basis,0.0010966999980155379,0
0.2,4,5,general,0.0630585000035353,0
0.2,5,6,recursive_no_basis,0.0006964999774936587,0
0.2,5,6,general,0.050559199997223914,0
0.2,5,6,recursive_basis,0.0007427999807987362,0
0.2,6,7,general,0.05181870001251809,0
0.2,6,7,recursive_basis,0.0007356000132858753,0
0.2,6,7,recursive_no_basis,0.0006442999874707311,0
0.2,7,8,recursive_basis,0.0013036000018473715,0
0.2,7,8,recursive_no_basis,0.0006979999889153987,0
0.2,7,8,general,0.049986900005023926,0
0.2,8,9,recursive_no_basis,0.0006907999922987074,0
0.2,8,9,general,0.046918800013372675,0
0.2,8,9,recursive_basis,0.0007386999786831439,0
0.2,9,10,general,0.05019939999328926,0
0.2,9,10,recursive_basis,0.0007341000018641353,0
0.2,9,10,recursive_no_basis,0.0006299999949987978,0
0.2,10,11,recursive_basis,0.0006770000036340207,0
0.2,10,11,recursive_no_basis,0.0006965000065974891,0
0.2,10,11,general,0.047311400005128235,0
0.2,11,12,recursive_no_basis,0.0007121999806258827,0
0.2,11,12,general,0.06403159999172203,0
0.2,11,12,recursive_basis,0.0007206000154837966,0
0.2,12,13,general,0.05349180000484921,0
0.2,12,13,recursive_basis,0.0012199999764561653,0
0.2,12,13,recursive_no_basis,0.0007751000230200589,0
0.2,13,14,recursive_basis,0.000743500015232712,0
0.2,13,14,recursive_no_basis,0.000750600011087954,0
0.2,13,14,general,0.06475960000534542,0
0.2,14,15,recursive_no_basis,0.0009316000214312226,0
0.2,14,15,general,0.07195640000281855,0
0.2,14,15,recursive_basis,0.0008078999817371368,0
0.2,15,16,general,0.052559400006430224,0
0.2,15,16,recursive_basis,0.0006951999966986477,0
0.2,15,16,recursive_no_basis,0.000686399987898767,0
0.2,16,17,recursive_basis,0.000817699998151511,0
0.2,16,17,recursive_no_basis,0.0007479000196326524,0
0.2,16,17,general,0.049238900013733655,0
0.2,17,18,recursive_no_basis,0.0011528999893926084,0
0.2,17,18,general,0.054802300001028925,0
0.2,17,18,recursive_basis,0.0007761000015307218,0
0.2,18,19,general,0.04911260001244955,0
0.2,18,19,recursive_basis,0.0007126000127755105,0
0.2,18,19,recursive_no_basis,0.0007858999888412654,0
0.2,19,20,recursive_basis,0.00404770000022836,0
0.2,19,20,recursive_no_basis,0.0007078000053297728,0
0.2,19,20,general,0.057664899999508634,0
0.2,20,21,recursive_no_basis,0.0007393999840132892,0
0.2,20,21,general,0.040599600004497916,0
0.2,20,21,recursive_basis,0.000769199978094548,0
0.2,21,22,general,0.04024889998254366,0
0.2,21,22,recursive_basis,0.0006769000028725713,0
0.2,21,22,recursive_no_basis,0.0006375000230036676,0
0.2,22,23,recursive_basis,0.0006697999779134989,0
0.2,22,23,recursive_no_basis,0.0010571999882813543,0
0.2,22,23,general,0.05527250000159256,0
0.2,23,24,recursive_no_basis,0.0007470999844372272,0
0.2,23,24,general,0.04890039999736473,0
0.2,23,24,recursive_basis,0.0007480999920517206,0
0.2,24,25,general,0.05593900001258589,0
0.2,24,25,recursive_basis,0.0008136999967973679,0
0.2,24,25,recursive_no_basis,0.0007016000163275748,0
0.2,25,26,recursive_basis,0.0007050999847706407,0
0.2,25,26,recursive_no_basis,0.0007137000211514533,0
0.2,25,26,general,0.05933859999640845,0
0.2,26,27,recursive_no_basis,0.0007079000060912222,0
0.2,26,27,general,0.03400569999939762,0
0.2,26,27,recursive_basis,0.0008729000110179186,0
0.2,27,28,general,0.04359919999842532,0
0.2,27,28,recursive_basis,0.0015408999752253294,0
0.2,27,28,recursive_no_basis,0.002452299988362938,0
0.2,28,29,recursive_basis,0.0009673000022303313,0
0.2,28,29,recursive_no_basis,0.0006897000130265951,0
0.2,28,29,general,0.04101179999997839,0
0.2,29,30,recursive_no_basis,0.0007263000006787479,0
0.2,29,30,general,0.042623299988918006,0
0.2,29,30,recursive_basis,0.0007778000144753605,0
0.2,30,31,general,0.0486813000170514,0
0.2,30,31,recursive_basis,0.0007619999814778566,0
0.2,30,31,recursive_no_basis,0.0007003999780863523,0
0.2,31,32,recursive_basis,0.0007192000048235059,0
0.2,31,32,recursive_no_basis,0.0006751000182703137,0
0.2,31,32,general,0.09863679998670705,0
0.2,32,33,recursive_no_basis,0.0006904999900143594,0
0.2,32,33,general,0.05118090001633391,0
0.2,32,33,recursive_basis,0.0013051000132691115,0
0.2,33,34,general,0.05061780000687577,0
0.2,33,34,recursive_basis,0.0008182000019587576,0
0.2,33,34,recursive_no_basis,0.0007805000059306622,0
0.2,34,35,recursive_basis,0.0013583000109065324,0
0.2,34,35,recursive_no_basis,0.0007985999982338399,0
0.2,34,35,general,0.051323699997738004,0
0.2,35,36,recursive_no_basis,0.0007308000058401376,0
0.2,35,36,general,0.05094980000285432,0
0.2,35,36,recursive_basis,0.0008835000044200569,0
0.2,36,37,general,0.04895209998358041,0
0.2,36,37,recursive_basis,0.0007536000048276037,0
0.2,36,37,recursive_no_basis,0.0006500000017695129,0
0.2,37,38,recursive_basis,0.0006713000184390694,0
0.2,37,38,recursive_no_basis,0.0007192000048235059,0
0.2,37,38,general,0.05852449999656528,0
0.2,38,39,recursive_no_basis,0.0006885000038892031,0
0.2,38,39,general,0.06134239997481927,0
0.2,38,39,recursive_basis,0.0007146999996621162,0
0.2,39,40,general,0.05863779998617247,0
0.2,39,40,recursive_basis,0.0007296999974641949,0
0.2,39,40,recursive_no_basis,0.0006443000165745616,0
0.2,40,41,recursive_basis,0.0006295999919530004,0
0.2,40,41,recursive_no_basis,0.0006456999981310219,0
0.2,40,41,general,0.05024009998305701,0
0.2,41,42,recursive_no_basis,0.0007826999935787171,0
0.2,41,42,general,0.04182689997833222,0
0.2,41,42,recursive_basis,0.0008017000218387693,0
0.2,42,43,general,0.04835069997352548,0
0.2,42,43,recursive_basis,0.0006758000236004591,0
0.2,42,43,recursive_no_basis,0.000670000008540228,0
0.2,43,44,recursive_basis,0.001104700000723824,0
0.2,43,44,recursive_no_basis,0.0006810000049881637,0
0.2,43,44,general,0.06925169998430647,0
0.2,44,45,recursive_no_basis,0.000749400001950562,0
0.2,44,45,general,0.04226449999259785,0
0.2,44,45,recursive_basis,0.0007779000152368098,0
0.2,45,46,general,0.054151799995452166,0
0.2,45,46,recursive_basis,0.0007692000071983784,0
0.2,45,46,recursive_no_basis,0.0007116999768186361,0
0.2,46,47,recursive_basis,0.0006962000043131411,0
0.2,46,47,recursive_no_basis,0.0007370999956037849,0
0.2,46,47,general,0.06138850000570528,0
0.2,47,48,recursive_no_basis,0.0007153000042308122,0
0.2,47,48,general,0.0494159999943804,0
0.2,47,48,recursive_basis,0.001205900014610961,0
0.2,48,49,general,0.05554960001609288,0
0.2,48,49,recursive_basis,0.0007714000239502639,0
0.2,48,49,recursive_no_basis,0.0006916999991517514,0
0.2,49,50,recursive_basis,0.0006412000220734626,0
0.2,49,50,recursive_no_basis,0.0006443999882321805,0
0.2,49,50,general,0.04745769998407923,0
0.2,50,51,recursive_no_basis,0.0009165999945253134,0
0.2,50,51,general,0.05563310001161881,0
0.2,50,51,recursive_basis,0.0008127999899443239,0
0.2,51,52,general,0.06221709999954328,0
0.2,51,52,recursive_basis,0.0025372999953106046,0
0.2,51,52,recursive_no_basis,0.0007144999981392175,0
0.2,52,53,recursive_basis,0.001115199993364513,0
0.2,52,53,recursive_no_basis,0.003080099995713681,0
0.2,52,53,general,0.050736599980155006,0
0.2,53,54,recursive_no_basis,0.0008783999946899712,0
0.2,53,54,general,0.05714109999826178,0
0.2,53,54,recursive_basis,0.0007853000133763999,0
0.2,54,55,general,0.06693420000374317,0
0.2,54,55,recursive_basis,0.0007631999906152487,0
0.2,54,55,recursive_no_basis,0.0016977000050246716,0
0.2,55,56,recursive_basis,0.0007939999923110008,0
0.2,55,56,recursive_no_basis,0.0007998000073712319,0
0.2,55,56,general,0.0545167000091169,0
0.2,56,57,recursive_no_basis,0.0030260999919846654,0
0.2,56,57,general,0.06258290002006106,0
0.2,56,57,recursive_basis,0.0007993000035639852,0
0.2,57,58,general,0.04985489998944104,0
0.2,57,58,recursive_basis,0.0006912000244483352,0
0.2,57,58,recursive_no_basis,0.0006531999970320612,0
0.2,58,59,recursive_basis,0.0006913000252097845,0
0.2,58,59,recursive_no_basis,0.0006983000203035772,0
0.2,58,59,general,0.05268170000636019,0
0.2,59,60,recursive_no_basis,0.000824199989438057,0
0.2,59,60,general,0.05490650000865571,0
0.2,59,60,recursive_basis,0.0007514999888371676,0
0.2,60,61,general,0.09376530000008643,0
0.2,60,61,recursive_basis,0.002194400003645569,0
0.2,60,61,recursive_no_basis,0.0013641999976243824,0
0.2,61,62,recursive_basis,0.0023216999834403396,0
0.2,61,62,recursive_no_basis,0.0013531000004149973,0
0.2,61,62,general,0.07353049999801442,0
0.2,62,63,recursive_no_basis,0.0008584999886807054,0
0.2,62,63,general,0.05136769998352975,0
0.2,62,63,recursive_basis,0.0008604000031482428,0
0.2,63,64,general,0.049991800013231114,0
0.2,63,64,recursive_basis,0.0007723000016994774,0
0.2,63,64,recursive_no_basis,0.0007026999955996871,0
0.2,64,65,recursive_basis,0.0006977999873925,0
0.2,64,65,recursive_no_basis,0.0006406000175047666,0
0.2,64,65,general,0.06113570000161417,0
0.2,65,66,recursive_no_basis,0.00088900001719594,0
0.2,65,66,general,0.16897620001691394,0
0.2,65,66,recursive_basis,0.0008947000023908913,0
0.2,66,67,general,0.08614080000552349,0
0.2,66,67,recursive_basis,0.004747300001326948,0
0.2,66,67,recursive_no_basis,0.0012513000110629946,0
0.2,67,68,recursive_basis,0.0007942999945953488,0
0.2,67,68,recursive_no_basis,0.000753400003304705,0
0.2,67,68,general,0.061599900014698505,0
0.2,68,69,recursive_no_basis,0.0008686000073794276,0
0.2,68,69,general,0.07006830000318587,0
0.2,68,69,recursive_basis,0.004748000006657094,0
0.2,69,70,general,0.03805250002187677,0
0.2,69,70,recursive_basis,0.0007680999988224357,0
0.2,69,70,recursive_no_basis,0.0006883000023663044,0
0.2,70,71,recursive_basis,0.0007753999962005764,0
0.2,70,71,recursive_no_basis,0.000724700017599389,0
0.2,70,71,general,0.058396600012201816,0
0.2,71,72,recursive_no_basis,0.0011756000167224556,0
0.2,71,72,general,0.06239669999922626,0
0.2,71,72,recursive_basis,0.0007516999903600663,0
0.2,72,73,general,0.05284459999529645,0
0.2,72,73,recursive_basis,0.0007373999978881329,0
0.2,72,73,recursive_no_basis,0.0007027999963611364,0
0.2,73,74,recursive_basis,0.0006850000063423067,0
0.2,73,74,recursive_no_basis,0.005602499993983656,0
0.2,73,74,general,0.04760290001286194,0
0.2,74,75,recursive_no_basis,0.0007266000029630959,0
0.2,74,75,general,0.05246040000929497,0
0.2,74,75,recursive_basis,0.0007404999923892319,0
0.2,75,76,general,0.06429249999928288,0
0.2,75,76,recursive_basis,0.0007930000138003379,0
0.2,75,76,recursive_no_basis,0.0023237999994307756,0
0.2,76,77,recursive_basis,0.0012594999861903489,0
0.2,76,77,recursive_no_basis,0.0006970999820623547,0
0.2,76,77,general,0.06311369998729788,0
0.2,77,78,recursive_no_basis,0.004304500005673617,0
0.2,77,78,general,0.055248299991944805,0
0.2,77,78,recursive_basis,0.0007610000029671937,0
0.2,78,79,general,0.05827639999915846,0
0.2,78,79,recursive_basis,0.0008803000091575086,0
0.2,78,79,recursive_no_basis,0.0008345000096596777,0
0.2,79,80,recursive_basis,0.0007759000000078231,0
0.2,79,80,recursive_no_basis,0.0007031999994069338,0
0.2,79,80,general,0.05832529999315739,0
0.2,80,81,recursive_no_basis,0.0006653000018559396,0
0.2,80,81,general,0.04007019998971373,0
0.2,80,81,recursive_basis,0.0007356999849434942,0
0.2,81,82,general,0.05330550001235679,0
0.2,81,82,recursive_basis,0.0008409000001847744,0
0.2,81,82,recursive_no_basis,0.0007296999974641949,0
0.2,82,83,recursive_basis,0.0007199999818112701,0
0.2,82,83,recursive_no_basis,0.0006919000006746501,0
0.2,82,83,general,0.05455099997925572,0
0.2,83,84,recursive_no_basis,0.0007021999917924404,0
0.2,83,84,general,0.05512559998896904,0
0.2,83,84,recursive_basis,0.0007259999983943999,0
0.2,84,85,general,0.04447020002407953,0
0.2,84,85,recursive_basis,0.0007321999873965979,0
0.2,84,85,recursive_no_basis,0.004176900023594499,0
0.2,85,86,recursive_basis,0.0007182999979704618,0
0.2,85,86,recursive_no_basis,0.006640699983108789,0
0.2,85,86,general,0.04998189999605529,0
0.2,86,87,recursive_no_basis,0.0007653000066056848,0
0.2,86,87,general,0.05465520001598634,0
0.2,86,87,recursive_basis,0.0007630999898537993,0
0.2,87,88,general,0.03914979999535717,0
0.2,87,88,recursive_basis,0.0035364999785088003,0
0.2,87,88,recursive_no_basis,0.0011847999994643033,0
0.2,88,89,recursive_basis,0.000724400015315041,0
0.2,88,89,recursive_no_basis,0.0007141999958548695,0
0.2,88,89,general,0.06567569999606349,0
0.2,89,90,recursive_no_basis,0.0006563000206369907,0
0.2,89,90,general,0.03455560002475977,0
0.2,89,90,recursive_basis,0.0007541000086348504,0
0.2,90,91,general,0.0433531999879051,0
0.2,90,91,recursive_basis,0.0008785999962128699,0
0.2,90,91,recursive_no_basis,0.0013313000090420246,0
0.2,91,92,recursive_basis,0.0008172000234480947,0
0.2,91,92,recursive_no_basis,0.0006619000050704926,0
0.2,91,92,general,0.054505999985849485,0
0.2,92,93,recursive_no_basis,0.001197900011902675,0
0.2,92,93,general,0.1787285000027623,0
0.2,92,93,recursive_basis,0.0027609000098891556,0
0.2,93,94,general,0.1503859999938868,0
0.2,93,94,recursive_basis,0.0012152999988757074,0
0.2,93,94,recursive_no_basis,0.006615099991904572,0
0.2,94,95,recursive_basis,0.0009345000144094229,0
0.2,94,95,recursive_no_basis,0.0009308999869972467,0
0.2,94,95,general,0.08475420001195744,0
0.2,95,96,recursive_no_basis,0.0008277999877464026,0
0.2,95,96,general,0.06705800001509488,0
0.2,95,96,recursive_basis,0.002536700019845739,0
0.2,96,97,general,0.19256339999265037,0
0.2,96,97,recursive_basis,0.00164309999672696,0
0.2,96,97,recursive_no_basis,0.001032100000884384,0
0.2,97,98,recursive_basis,0.0012443999876268208,0
0.2,97,98,recursive_no_basis,0.0009954999841284007,0
0.2,97,98,general,0.18120320001617074,0
0.2,98,99,recursive_no_basis,0.0007811999821569771,0
0.2,98,99,general,0.10980640002526343,0
0.2,98,99,recursive_basis,0.0013455000007525086,0
0.2,99,100,general,0.13088650000281632,0
0.2,99,100,recursive_basis,0.0009148000099230558,0
0.2,99,100,recursive_no_basis,0.000825700000859797,0
0.2,100,101,recursive_basis,0.0021800000104121864,0
0.2,100,101,recursive_no_basis,0.00103859999217093,0
0.2,100,101,general,0.08871770001132973,0
0.2,101,102,recursive_no_basis,0.0009027000050991774,0
0.2,101,102,general,0.07403069999418221,0
0.2,101,102,recursive_basis,0.00114969999413006,0
0.2,102,103,general,0.054197799996472895,0
0.2,102,103,recursive_basis,0.0008459999808110297,0
0.2,102,103,recursive_no_basis,0.0007996000058483332,0
0.2,103,104,recursive_basis,0.0007768000068608671,0
0.2,103,104,recursive_no_basis,0.0007814000127837062,0
0.2,103,104,general,0.07979129999876022,0
0.2,104,105,recursive_no_basis,0.0007704999879933894,0
0.2,104,105,general,0.05180459999246523,0
0.2,104,105,recursive_basis,0.0007961999799590558,0
0.2,105,106,general,0.09114070000941865,0
0.2,105,106,recursive_basis,0.0008703999919816852,0
0.2,105,106,recursive_no_basis,0.004121299978578463,0
0.2,106,107,recursive_basis,0.00132460001623258,0
0.2,106,107,recursive_no_basis,0.0010461000201757997,0
0.2,106,107,general,0.07902790000662208,0
0.2,107,108,recursive_no_basis,0.000883800006704405,0
0.2,107,108,general,0.08256129999062978,0
0.2,107,108,recursive_basis,0.0011966000020038337,0
0.2,108,109,general,0.06498589998227544,0
0.2,108,109,recursive_basis,0.0009392999927513301,0
0.2,108,109,recursive_no_basis,0.0007829999958630651,0
0.2,109,110,recursive_basis,0.0046131999988574535,0
0.2,109,110,recursive_no_basis,0.0008038000087253749,0
0.2,109,110,general,0.05650199999217875,0
0.2,110,111,recursive_no_basis,0.0008765000093262643,0
0.2,110,111,general,0.09481010001036339,0
0.2,110,111,recursive_basis,0.0008724000072106719,0
0.2,111,112,general,0.10957760000019334,0
0.2,111,112,recursive_basis,0.0010294999810867012,0
0.2,111,112,recursive_no_basis,0.000898600002983585,0
0.2,112,113,recursive_basis,0.0010800999880302697,0
0.2,112,113,recursive_no_basis,0.000994600006379187,0
0.2,112,113,general,0.06486650000442751,0
0.2,113,114,recursive_no_basis,0.0008329999982379377,0
0.2,113,114,general,0.07298880000598729,0
0.2,113,114,recursive_basis,0.001206599990837276,0
0.2,114,115,general,0.05726259999210015,0
0.2,114,115,recursive_basis,0.0007577999786008149,0
0.2,114,115,recursive_no_basis,0.000681799981975928,0
0.2,115,116,recursive_basis,0.000821699999505654,0
0.2,115,116,recursive_no_basis,0.0007138999935705215,0
0.2,115,116,general,0.05317509997985326,0
0.2,116,117,recursive_no_basis,0.0007305000035557896,0
0.2,116,117,general,0.0419322999950964,0
0.2,116,117,recursive_basis,0.0007353000110015273,0
0.2,117,118,general,0.055799499998101965,0
0.2,117,118,recursive_basis,0.0008890999888535589,0
0.2,117,118,recursive_no_basis,0.0007411999977193773,0
0.2,118,119,recursive_basis,0.0006961000035516918,0
0.2,118,119,recursive_no_basis,0.0014119999832473695,0
0.2,118,119,general,0.06997799998498522,0
0.2,119,120,recursive_no_basis,0.0006972000119276345,0
0.2,119,120,general,0.04515299998456612,0
0.2,119,120,recursive_basis,0.0008842999814078212,0
0.2,120,121,general,0.07290230001672171,0
0.2,120,121,recursive_basis,0.0012858999834861606,0
0.2,120,121,recursive_no_basis,0.005968199984636158,0
0.2,121,122,recursive_basis,0.0021062000014353544,0
0.2,121,122,recursive_no_basis,0.00077039998723194,0
0.2,121,122,general,0.05582689997390844,0
0.2,122,123,recursive_no_basis,0.005145500006619841,0
0.2,122,123,general,0.07530440000118688,0
0.2,122,123,recursive_basis,0.000822000001790002,0
0.2,123,124,general,0.09398710000095889,0
0.2,123,124,recursive_basis,0.0009422000148333609,0
0.2,123,124,recursive_no_basis,0.0008292999991681427,0
0.2,124,125,recursive_basis,0.000853499979712069,0
0.2,124,125,recursive_no_basis,0.0008684000058565289,0
0.2,124,125,general,0.050584200012963265,0
0.2,125,126,recursive_no_basis,0.0014899999951012433,0
0.2,125,126,general,0.047617900010664016,0
0.2,125,126,recursive_basis,0.000965600018389523,0
0.2,126,127,general,0.06059890001779422,0
0.2,126,127,recursive_basis,0.0007214000215753913,0
0.2,126,127,recursive_no_basis,0.00121640000725165,0
0.2,127,128,recursive_basis,0.0007838000019546598,0
0.2,127,128,recursive_no_basis,0.0006880000000819564,0
0.2,127,128,general,0.07688030001008883,0
0.2,128,129,recursive_no_basis,0.0044621000124607235,0
0.2,128,129,general,0.06768309997278266,0
0.2,128,129,recursive_basis,0.000751899991882965,0
0.2,129,130,general,0.07410169998183846,0
0.2,129,130,recursive_basis,0.000759899994591251,0
0.2,129,130,recursive_no_basis,0.0007769000076223165,0
0.2,130,131,recursive_basis,0.000751899991882965,0
0.2,130,131,recursive_no_basis,0.0014773000148124993,0
0.2,130,131,general,0.06755110001540743,0
0.2,131,132,recursive_no_basis,0.0007067999977152795,0
0.2,131,132,general,0.059052900003734976,0
0.2,131,132,recursive_basis,0.0007785000198055059,0
0.2,132,133,general,0.05519119999371469,0
0.2,132,133,recursive_basis,0.0013982999953441322,0
0.2,132,133,recursive_no_basis,0.0007246999884955585,0
0.2,133,134,recursive_basis,0.000751599989598617,0
0.2,133,134,recursive_no_basis,0.0007234000077005476,0
0.2,133,134,general,0.06499739998253062,0
0.2,134,135,recursive_no_basis,0.0007099000213202089,0
0.2,134,135,general,0.06319600000279024,0
0.2,134,135,recursive_basis,0.0007821000181138515,0
0.2,135,136,general,0.06341090000933036,0
0.2,135,136,recursive_basis,0.0007517000194638968,0
0.2,135,136,recursive_no_basis,0.0006742000114172697,0
0.2,136,137,recursive_basis,0.0033189000096172094,0
0.2,136,137,recursive_no_basis,0.0007062999939080328,0
0.2,136,137,general,0.05112700001336634,0
0.2,137,138,recursive_no_basis,0.06444970000302419,0
0.2,137,138,general,0.06010100001003593,0
0.2,137,138,recursive_basis,0.0007688000041525811,0
0.2,138,139,general,0.04553400000440888,0
0.2,138,139,recursive_basis,0.0006865999894216657,0
0.2,138,139,recursive_no_basis,0.0006736999785061926,0
0.2,139,140,recursive_basis,0.000729300023522228,0
0.2,139,140,recursive_no_basis,0.0007152000034693629,0
0.2,139,140,general,0.06273289999808185,0
0.2,140,141,recursive_no_basis,0.0007092999876476824,0
0.2,140,141,general,0.06386180000845343,0
0.2,140,141,recursive_basis,0.0007875000010244548,0
0.2,141,142,general,0.051953100017271936,0
0.2,141,142,recursive_basis,0.0011699000024236739,0
0.2,141,142,recursive_no_basis,0.0007110000005923212,0
0.2,142,143,recursive_basis,0.0006747999868821353,0
0.2,142,143,recursive_no_basis,0.0006952999974600971,0
0.2,142,143,general,0.0553545999864582,0
0.2,143,144,recursive_no_basis,0.003067100013140589,0
0.2,143,144,general,0.07388149999314919,0
0.2,143,144,recursive_basis,0.0007754999969620258,0
0.2,144,145,general,0.06778459998895414,0
0.2,144,145,recursive_basis,0.0008170999935828149,0
0.2,144,145,recursive_no_basis,0.0007068999984767288,0
0.2,145,146,recursive_basis,0.0006927000067662448,0
0.2,145,146,recursive_no_basis,0.000675299990689382,0
0.2,145,146,general,0.06438099997467361,0
0.2,146,147,recursive_no_basis,0.0011791999859269708,0
0.2,146,147,general,0.060490200005006045,0
0.2,146,147,recursive_basis,0.000753700005589053,0
0.2,147,148,general,0.05999929999234155,0
0.2,147,148,recursive_basis,0.0007754999969620258,0
0.2,147,148,recursive_no_basis,0.0006935999845154583,0
0.2,148,149,recursive_basis,0.0006524999917019159,0
0.2,148,149,recursive_no_basis,0.0006655000033788383,0
0.2,148,149,general,0.050684799993177876,0
0.2,149,150,recursive_no_basis,0.0007646000012755394,0
0.2,149,150,general,0.0656643999973312,0
0.2,149,150,recursive_basis,0.0013901999918743968,0
0.2,150,151,general,0.07316379999974743,0
0.2,150,151,recursive_basis,0.0012357000086922199,0
0.2,150,151,recursive_no_basis,0.0006962000043131411,0
0.2,151,152,recursive_basis,0.0006440999859478325,0
0.2,151,152,recursive_no_basis,0.0006323000125121325,0
0.2,151,152,general,0.05748770001810044,0
0.2,152,153,recursive_no_basis,0.0007354000117629766,0
0.2,152,153,general,0.057146100007230416,0
0.2,152,153,recursive_basis,0.0008121999853756279,0
0.2,153,154,general,0.049074300011852756,0
0.2,153,154,recursive_basis,0.0007495000027120113,0
0.2,153,154,recursive_no_basis,0.0041068999853450805,0
0.2,154,155,recursive_basis,0.0008008999866433442,0
0.2,154,155,recursive_no_basis,0.000679899996612221,0
0.2,154,155,general,0.05937799997627735,0
0.2,155,156,recursive_no_basis,0.0010768000211101025,0
0.2,155,156,general,0.06531200002063997,0
0.2,155,156,recursive_basis,0.0007084000098984689,0
0.2,156,157,general,0.05900339997606352,0
0.2,156,157,recursive_basis,0.0007585999846924096,0
0.2,156,157,recursive_no_basis,0.0006600999913644046,0
0.2,157,158,recursive_basis,0.0009501000167801976,0
0.2,157,158,recursive_no_basis,0.0007599999953527004,0
0.2,157,158,general,0.07843470000079833,0
0.2,158,159,recursive_no_basis,0.001010099978884682,0
0.2,158,159,general,0.09358700001030229,0
0.2,158,159,recursive_basis,0.0013253999932203442,0
0.2,159,160,general,0.057267600001068786,0
0.2,159,160,recursive_basis,0.0007834999996703118,0
0.2,159,160,recursive_no_basis,0.004823099996428937,0
0.2,160,161,recursive_basis,0.001863000012235716,0
0.2,160,161,recursive_no_basis,0.000753100001020357,0
0.2,160,161,general,0.059267700009513646,0
0.2,161,162,recursive_no_basis,0.0008117000106722116,0
0.2,161,162,general,0.08444730000337586,0
0.2,161,162,recursive_basis,0.0009462999878451228,0
0.2,162,163,general,0.10514349999721162,0
0.2,162,163,recursive_basis,0.0009699999936856329,0
0.2,162,163,recursive_no_basis,0.0011596000113058835,0
0.2,163,164,recursive_basis,0.0007173999911174178,0
0.2,163,164,recursive_no_basis,0.0006711000169161707,0
0.2,163,164,general,0.05212320000282489,0
0.2,164,165,recursive_no_basis,0.0009049999935086817,0
0.2,164,165,general,0.06945779998204671,0
0.2,164,165,recursive_basis,0.0008470999891869724,0
0.2,165,166,general,0.09802979999221861,0
0.2,165,166,recursive_basis,0.0010171000030823052,0
0.2,165,166,recursive_no_basis,0.0008634000259917229,0
0.2,166,167,recursive_basis,0.0009583999926690012,0
0.2,166,167,recursive_no_basis,0.0009656999900471419,0
0.2,166,167,general,0.06590230000438169,0
0.2,167,168,recursive_no_basis,0.0009467000199947506,0
0.2,167,168,general,0.048868599988054484,0
0.2,167,168,recursive_basis,0.0007556999917142093,0
0.2,168,169,general,0.040239699999801815,0
0.2,168,169,recursive_basis,0.0007708999910391867,0
0.2,168,169,recursive_no_basis,0.0006957000005058944,0
0.2,169,170,recursive_basis,0.0006290999881457537,0
0.2,169,170,recursive_no_basis,0.0006457999988924712,0
0.2,169,170,general,0.032153000007383525,0
0.2,170,171,recursive_no_basis,0.0013808999792672694,0
0.2,170,171,general,0.13937869999790564,0
0.2,170,171,recursive_basis,0.0009175000013783574,0
0.2,171,172,general,0.06160970000200905,0
0.2,171,172,recursive_basis,0.0008221000025514513,0
0.2,171,172,recursive_no_basis,0.0007301000005099922,0
0.2,172,173,recursive_basis,0.0006947999936528504,0
0.2,172,173,recursive_no_basis,0.0007624000136274844,0
0.2,172,173,general,0.051593000011052936,0
0.2,173,174,recursive_no_basis,0.0006202000076882541,0
0.2,173,174,general,0.03778829998918809,0
0.2,173,174,recursive_basis,0.000663200014969334,0
0.2,174,175,general,0.040590899996459484,0
0.2,174,175,recursive_basis,0.0007412999984808266,0
0.2,174,175,recursive_no_basis,0.0006775999790988863,0
0.2,175,176,recursive_basis,0.0010298000124748796,0
0.2,175,176,recursive_no_basis,0.0008225000055972487,0
0.2,175,176,general,0.05670210000243969,0
0.2,176,177,recursive_no_basis,0.0007054999878164381,0
0.2,176,177,general,0.03920940001262352,0
0.2,176,177,recursive_basis,0.0007293999951798469,0
0.2,177,178,general,0.044872700003907084,0
0.2,177,178,recursive_basis,0.000751899991882965,0
0.2,177,178,recursive_no_basis,0.0006722999969497323,0
0.2,178,179,recursive_basis,0.0006429999775718898,0
0.2,178,179,recursive_no_basis,0.0006313000048976392,0
0.2,178,179,general,0.07030819999636151,0
0.2,179,180,recursive_no_basis,0.0007080000068526715,0
0.2,179,180,general,0.04714730000705458,0
0.2,179,180,recursive_basis,0.0006796999950893223,0
0.2,180,181,general,0.04214860001229681,0
0.2,180,181,recursive_basis,0.0007337999995797873,0
0.2,180,181,recursive_no_basis,0.0006256999913603067,0
0.2,181,182,recursive_basis,0.0006549000099767,0
0.2,181,182,recursive_no_basis,0.0006883000023663044,0
0.2,181,182,general,0.047229699994204566,0
0.2,182,183,recursive_no_basis,0.000694399990607053,0
0.2,182,183,general,0.04754470000625588,0
0.2,182,183,recursive_basis,0.0007764000038150698,0
0.2,183,184,general,0.06465409998781979,0
0.2,183,184,recursive_basis,0.0007340000011026859,0
0.2,183,184,recursive_no_basis,0.0007173999911174178,0
0.2,184,185,recursive_basis,0.000666000007186085,0
0.2,184,185,recursive_no_basis,0.0009988999809138477,0
0.2,184,185,general,0.03766279999399558,0
0.2,185,186,recursive_no_basis,0.0007205999863799661,0
0.2,185,186,general,0.059454600006574765,0
0.2,185,186,recursive_basis,0.0007268000044859946,0
0.2,186,187,general,0.03225790002034046,0
0.2,186,187,recursive_basis,0.0006397999823093414,0
0.2,186,187,recursive_no_basis,0.000676199997542426,0
0.2,187,188,recursive_basis,0.0006677000201307237,0
0.2,187,188,recursive_no_basis,0.0006584000075235963,0
0.2,187,188,general,0.033610899990890175,0
0.2,188,189,recursive_no_basis,0.0007134999905247241,0
0.2,188,189,general,0.0675442999927327,0
0.2,188,189,recursive_basis,0.0007810000097379088,0
0.2,189,190,general,0.04020469999522902,0
0.2,189,190,recursive_basis,0.0010899000044446439,0
0.2,189,190,recursive_no_basis,0.0007001000049058348,0
0.2,190,191,recursive_basis,0.0006723999977111816,0
0.2,190,191,recursive_no_basis,0.0006736000068485737,0
0.2,190,191,general,0.04614930000388995,0
0.2,191,192,recursive_no_basis,0.0007000000041443855,0
0.2,191,192,general,0.042733299982501194,0
0.2,191,192,recursive_basis,0.0007331000233534724,0
0.2,192,193,general,0.05040720000397414,0
0.2,192,193,recursive_basis,0.0007192000048235059,0
0.2,192,193,recursive_no_basis,0.0006818000110797584,0
0.2,193,194,recursive_basis,0.0006526000215671957,0
0.2,193,194,recursive_no_basis,0.0007693000079598278,0
0.2,193,194,general,0.047299500001827255,0
0.2,194,195,recursive_no_basis,0.0008031000033952296,0
0.2,194,195,general,0.056664700008695945,0
0.2,194,195,recursive_basis,0.0007393999840132892,0
0.2,195,196,general,0.05253650000668131,0
0.2,195,196,recursive_basis,0.0007636999944224954,0
0.2,195,196,recursive_no_basis,0.0006941999890841544,0
0.2,196,197,recursive_basis,0.0006820000126026571,0
0.2,196,197,recursive_no_basis,0.000680199998896569,0
0.2,196,197,general,0.0550783000071533,0
0.2,197,198,recursive_no_basis,0.0006347000016830862,0
0.2,197,198,general,0.03191070002503693,0
0.2,197,198,recursive_basis,0.000684200000250712,0
0.2,198,199,general,0.04975720000220463,0
0.2,198,199,recursive_basis,0.0007769999792799354,0
0.2,198,199,recursive_no_basis,0.0021177000016905367,0
0.2,199,200,recursive_basis,0.0009178000036627054,0
0.2,199,200,recursive_no_basis,0.0010169000015594065,0
0.2,199,200,general,0.05995139997685328,0
0.3,0,1,general,0.26568300000508316,0
0.3,0,1,recursive_basis,0.005417500011390075,0
0.3,0,1,recursive_no_basis,0.00313660001847893,0
0.3,1,2,recursive_basis,0.001109600008931011,0
0.3,1,2,recursive_no_basis,0.0007844000065233558,0
0.3,1,2,general,0.22954410000238568,0
0.3,2,3,recursive_no_basis,0.0008600000001024455,0
0.3,2,3,general,0.19626270001754165,0
0.3,2,3,recursive_basis,0.0009034000104293227,0
0.3,3,4,general,0.2938395999954082,0
0.3,3,4,recursive_basis,0.000888700014911592,0
0.3,3,4,recursive_no_basis,0.0008252999978139997,0
0.3,4,5,recursive_basis,0.0008365999965462834,0
0.3,4,5,recursive_no_basis,0.0008328999974764884,0
0.3,4,5,general,0.27456590000656433,0
0.3,5,6,recursive_no_basis,0.0008129999914672226,0
0.3,5,6,general,0.21949270000914112,0
0.3,5,6,recursive_basis,0.000857199978781864,0
0.3,6,7,general,0.2135818999959156,0
0.3,6,7,recursive_basis,0.0008574999810662121,0
0.3,6,7,recursive_no_basis,0.0007989000005181879,0
0.3,7,8,recursive_basis,0.003978399996412918,0
0.3,7,8,recursive_no_basis,0.002722300007008016,0
0.3,7,8,general,0.24112359998980537,0
0.3,8,9,recursive_no_basis,0.0008291999984066933,0
0.3,8,9,general,0.1464329999871552,0
0.3,8,9,recursive_basis,0.0008581999863963574,0
0.3,9,10,general,0.22878839998156764,1
0.3,9,10,recursive_basis,0.004694900009781122,1
0.3,9,10,recursive_no_basis,0.0023012000019662082,1
0.3,10,11,recursive_basis,0.0008403999963775277,0
0.3,10,11,recursive_no_basis,0.0014628999924752861,0
0.3,10,11,general,0.23165000000153668,0
0.3,11,12,recursive_no_basis,0.0024073999957181513,2
0.3,11,12,general,0.2348208000184968,2
0.3,11,12,recursive_basis,0.004819199995836243,2
0.3,12,13,general,0.23006950001581572,0
0.3,12,13,recursive_basis,0.0009359999967273325,0
0.3,12,13,recursive_no_basis,0.0008601000008638948,0
0.3,13,14,recursive_basis,0.0008486000006087124,0
0.3,13,14,recursive_no_basis,0.0008343000081367791,0
0.3,13,14,general,0.25508249999256805,0
0.3,14,15,recursive_no_basis,0.0009384000150021166,0
0.3,14,15,general,0.2771303999761585,0
0.3,14,15,recursive_basis,0.001148499984992668,0
0.3,15,16,general,0.2096511000127066,0
0.3,15,16,recursive_basis,0.0008674999990034848,0
0.3,15,16,recursive_no_basis,0.0008060999971348792,0
0.3,16,17,recursive_basis,0.0008343000081367791,0
0.3,16,17,recursive_no_basis,0.000836499995784834,0
0.3,16,17,general,0.2223834999895189,0
0.3,17,18,recursive_no_basis,0.002466099977027625,1
0.3,17,18,general,0.2670877000200562,1
0.3,17,18,recursive_basis,0.004686000000219792,1
0.3,18,19,general,0.19913289998658001,0
0.3,18,19,recursive_basis,0.0009446000040043145,0
0.3,18,19,recursive_no_basis,0.0008411000017076731,0
0.3,19,20,recursive_basis,0.0008111000061035156,0
0.3,19,20,recursive_no_basis,0.0008107000030577183,0
0.3,19,20,general,0.1754419999779202,0
0.3,20,21,recursive_no_basis,0.0008625999907962978,0
0.3,20,21,general,0.1968238000117708,0
0.3,20,21,recursive_basis,0.0009642000077292323,0
0.3,21,22,general,0.18267380000906996,0
0.3,21,22,recursive_basis,0.0009091999963857234,0
0.3,21,22,recursive_no_basis,0.0008238999871537089,0
0.3,22,23,recursive_basis,0.0008269999816548079,0
0.3,22,23,recursive_no_basis,0.0010840000177267939,0
0.3,22,23,general,0.21376339998096228,0
0.3,23,24,recursive_no_basis,0.0008382000087294728,0
0.3,23,24,general,0.14601470000343397,0
0.3,23,24,recursive_basis,0.0008341000066138804,0
0.3,24,25,general,0.20807729999069124,0
0.3,24,25,recursive_basis,0.0008468999876640737,0
0.3,24,25,recursive_no_basis,0.0010089999996125698,0
0.3,25,26,recursive_basis,0.0008066000009421259,0
0.3,25,26,recursive_no_basis,0.0008227999787777662,0
0.3,25,26,general,0.19229180002002977,0
0.3,26,27,recursive_no_basis,0.000838699983432889,0
0.3,26,27,general,0.15310249998583458,0
0.3,26,27,recursive_basis,0.0011134000087622553,0
0.3,27,28,general,0.26470549998339266,2
0.3,27,28,recursive_basis,0.005317300005117431,2
0.3,27,28,recursive_no_basis,0.0024381999974139035,2
0.3,28,29,recursive_basis,0.0008770999847911298,0
0.3,28,29,recursive_no_basis,0.0008596999978180975,0
0.3,28,29,general,0.17950260001816787,0
0.3,29,30,recursive_no_basis,0.0008707000233698636,0
0.3,29,30,general,0.17232220000005327,0
0.3,29,30,recursive_basis,0.0011898000084329396,0
0.3,30,31,general,0.253240599995479,1
0.3,30,31,recursive_basis,0.006048100010957569,1
0.3,30,31,recursive_no_basis,0.0034933999995701015,1
0.3,31,32,recursive_basis,0.009821999992709607,5
0.3,31,32,recursive_no_basis,0.00499889999628067,5
0.3,31,32,general,0.39418110001133755,5
0.3,32,33,recursive_no_basis,0.0008755000017117709,0
0.3,32,33,general,0.29761510001844727,0
0.3,32,33,recursive_basis,0.0010009999969042838,0
0.3,33,34,general,0.2143021999800112,0
0.3,33,34,recursive_basis,0.0009343999845441431,0
0.3,33,34,recursive_no_basis,0.0008357999904546887,0
0.3,34,35,recursive_basis,0.000838699983432889,0
0.3,34,35,recursive_no_basis,0.0011969000042881817,0
0.3,34,35,general,0.2020802999904845,0
0.3,35,36,recursive_no_basis,0.0029750999819952995,1
0.3,35,36,general,0.23516040001413785,1
0.3,35,36,recursive_basis,0.004568900010781363,1
0.3,36,37,general,0.14555089999339543,0
0.3,36,37,recursive_basis,0.0008642000029794872,0
0.3,36,37,recursive_no_basis,0.0010011999984271824,0
0.3,37,38,recursive_basis,0.0008017999934963882,0
0.3,37,38,recursive_no_basis,0.000815200008219108,0
0.3,37,38,general,0.18412339998758398,0
0.3,38,39,recursive_no_basis,0.0007983999967109412,0
0.3,38,39,general,0.18241219999617897,0
0.3,38,39,recursive_basis,0.0008578000124543905,0
0.3,39,40,general,0.23647929998696782,0
0.3,39,40,recursive_basis,0.0009193999867420644,0
0.3,39,40,recursive_no_basis,0.0008557999972254038,0
0.3,40,41,recursive_basis,0.0008397999918088317,0
0.3,40,41,recursive_no_basis,0.0008203000179491937,0
0.3,40,41,general,0.21732960001099855,0
0.3,41,42,recursive_no_basis,0.0008513000211678445,0
0.3,41,42,general,0.1645233000162989,0
0.3,41,42,recursive_basis,0.0008819999929983169,0
0.3,42,43,general,0.1747177999932319,0
0.3,42,43,recursive_basis,0.006541200011270121,0
0.3,42,43,recursive_no_basis,0.003959100024076179,0
0.3,43,44,recursive_basis,0.0009240000217687339,0
0.3,43,44,recursive_no_basis,0.0011446000135038048,0
0.3,43,44,general,0.2431397000036668,0
0.3,44,45,recursive_no_basis,0.0011289999820291996,0
0.3,44,45,general,0.16773780001676641,0
0.3,44,45,recursive_basis,0.0008879999804776162,0
0.3,45,46,general,0.271931900002528,0
0.3,45,46,recursive_basis,0.000901399995200336,0
0.3,45,46,recursive_no_basis,0.0008715000003576279,0
0.3,46,47,recursive_basis,0.0010229999898001552,0
0.3,46,47,recursive_no_basis,0.0008193000103347003,0
0.3,46,47,general,0.23797250000643544,0
0.3,47,48,recursive_no_basis,0.0008775000169407576,0
0.3,47,48,general,0.1948057000117842,0
0.3,47,48,recursive_basis,0.0009165000228676945,0
0.3,48,49,general,0.19049660000018775,0
0.3,48,49,recursive_basis,0.0008600000001024455,0
0.3,48,49,recursive_no_basis,0.0008501000120304525,0
0.3,49,50,recursive_basis,0.0008239000162575394,0
0.3,49,50,recursive_no_basis,0.0008274999854620546,0
0.3,49,50,general,0.17091509999590926,0
0.3,50,51,recursive_no_basis,0.002518099994631484,1
0.3,50,51,general,0.2567648999975063,1
0.3,50,51,recursive_basis,0.004773399996338412,1
0.3,51,52,general,0.1909431000240147,0
0.3,51,52,recursive_basis,0.0009238000202458352,0
0.3,51,52,recursive_no_basis,0.0008086000161711127,0
0.3,52,53,recursive_basis,0.0008641000022180378,0
0.3,52,53,recursive_no_basis,0.0008386000117752701,0
0.3,52,53,general,0.2187345000274945,0
0.3,53,54,recursive_no_basis,0.0008399000216741115,0
0.3,53,54,general,0.21506350001436658,0
0.3,53,54,recursive_basis,0.0008534000080544502,0
0.3,54,55,general,0.25310160001390614,0
0.3,54,55,recursive_basis,0.0066503999987617135,0
0.3,54,55,recursive_no_basis,0.004431100009242073,0
0.3,55,56,recursive_basis,0.004437600000528619,1
0.3,55,56,recursive_no_basis,0.0025369999930262566,1
0.3,55,56,general,0.25580990000162274,1
0.3,56,57,recursive_no_basis,0.0024154999991878867,1
0.3,56,57,general,0.21566440002061427,1
0.3,56,57,recursive_basis,0.00435589998960495,1
0.3,57,58,general,0.20106950000626966,0
0.3,57,58,recursive_basis,0.0009294000046793371,0
0.3,57,58,recursive_no_basis,0.0008264000061899424,0
0.3,58,59,recursive_basis,0.0008025999995879829,0
0.3,58,59,recursive_no_basis,0.0008101999992504716,0
0.3,58,59,general,0.23368929998832755,0
0.3,59,60,recursive_no_basis,0.0008747999963816255,0
0.3,59,60,general,0.2628046000027098,0
0.3,59,60,recursive_basis,0.0008904999995138496,0
0.3,60,61,general,0.20683609999832697,0
0.3,60,61,recursive_basis,0.0008668999944347888,0
0.3,60,61,recursive_no_basis,0.0008279000176116824,0
0.3,61,62,recursive_basis,0.000814600003650412,0
0.3,61,62,recursive_no_basis,0.0008125999884214252,0
0.3,61,62,general,0.19625220002490096,0
0.3,62,63,recursive_no_basis,0.001174500008346513,0
0.3,62,63,general,0.2391121000109706,0
0.3,62,63,recursive_basis,0.00089490000391379,0
0.3,63,64,general,0.14675850002095103,0
0.3,63,64,recursive_basis,0.0008721000049263239,0
0.3,63,64,recursive_no_basis,0.0007845000072848052,0
0.3,64,65,recursive_basis,0.0007983999967109412,0
0.3,64,65,recursive_no_basis,0.000759599992306903,0
0.3,64,65,general,0.18427559998235665,0
0.3,65,66,recursive_no_basis,0.0010313000238966197,0
0.3,65,66,general,0.26429759999155067,0
0.3,65,66,recursive_basis,0.0008803000091575086,0
0.3,66,67,general,0.22470619998057373,0
0.3,66,67,recursive_basis,0.0008292999991681427,0
0.3,66,67,recursive_no_basis,0.0007718999986536801,0
0.3,67,68,recursive_basis,0.0008291999984066933,0
0.3,67,68,recursive_no_basis,0.0010887999960687011,0
0.3,67,68,general,0.2223004000261426,0
0.3,68,69,recursive_no_basis,0.003924299991922453,0
0.3,68,69,general,0.25295399999595247,0
0.3,68,69,recursive_basis,0.005607600003713742,0
0.3,69,70,general,0.22938619999331422,0
0.3,69,70,recursive_basis,0.0010244000004604459,0
0.3,69,70,recursive_no_basis,0.00083559998893179,0
0.3,70,71,recursive_basis,0.000830000004498288,0
0.3,70,71,recursive_no_basis,0.0008172999951057136,0
0.3,70,71,general,0.19822809999459423,0
0.3,71,72,recursive_no_basis,0.0008357999904546887,0
0.3,71,72,general,0.20035439997445792,0
0.3,71,72,recursive_basis,0.0011551000061444938,0
0.3,72,73,general,0.23505049999221228,2
0.3,72,73,recursive_basis,0.005787800007965416,2
0.3,72,73,recursive_no_basis,0.002818399982061237,2
0.3,73,74,recursive_basis,0.0008557999972254038,0
0.3,73,74,recursive_no_basis,0.000833400001283735,0
0.3,73,74,general,0.1877268000098411,0
0.3,74,75,recursive_no_basis,0.0026646999758668244,0
0.3,74,75,general,0.24276799999643117,0
0.3,74,75,recursive_basis,0.003853200003504753,0
0.3,75,76,general,0.20483729999978095,0
0.3,75,76,recursive_basis,0.0008678000012878329,0
0.3,75,76,recursive_no_basis,0.0008191999804694206,0
0.3,76,77,recursive_basis,0.0008148000051733106,0
0.3,76,77,recursive_no_basis,0.000824499991722405,0
0.3,76,77,general,0.26637520000804216,0
0.3,77,78,recursive_no_basis,0.0008085999870672822,0
0.3,77,78,general,0.20343880000291392,0
0.3,77,78,recursive_basis,0.0008639000006951392,0
0.3,78,79,general,0.19298009999329224,0
0.3,78,79,recursive_basis,0.0008581999863963574,0
0.3,78,79,recursive_no_basis,0.0010018000029958785,0
0.3,79,80,recursive_basis,0.000826000003144145,0
0.3,79,80,recursive_no_basis,0.0008098999969661236,0
0.3,79,80,general,0.2004313999786973,0
0.3,80,81,recursive_no_basis,0.000892100011697039,0
0.3,80,81,general,0.17776949997642078,0
0.3,80,81,recursive_basis,0.0008586000185459852,0
0.3,81,82,general,0.2297885000007227,0
0.3,81,82,recursive_basis,0.0008849999867379665,0
0.3,81,82,recursive_no_basis,0.000818900007288903,0
0.3,82,83,recursive_basis,0.0008524000004399568,0
0.3,82,83,recursive_no_basis,0.0008253000269178301,0
0.3,82,83,general,0.21997900001588278,0
0.3,83,84,recursive_no_basis,0.00083710000035353,0
0.3,83,84,general,0.24342880002222955,0
0.3,83,84,recursive_basis,0.0008750999986659735,0
0.3,84,85,general,0.21355759998550639,0
0.3,84,85,recursive_basis,0.000963500002399087,0
0.3,84,85,recursive_no_basis,0.0008440999954473227,0
0.3,85,86,recursive_basis,0.0008021999965421855,0
0.3,85,86,recursive_no_basis,0.0007875000010244548,0
0.3,85,86,general,0.1959781000041403,0
0.3,86,87,recursive_no_basis,0.0008389000140596181,0
0.3,86,87,general,0.17933760001324117,0
0.3,86,87,recursive_basis,0.000888400012627244,0
0.3,87,88,general,0.15708780000568368,1
0.3,87,88,recursive_basis,0.00426850002259016,1
0.3,87,88,recursive_no_basis,0.0022409000084735453,1
0.3,88,89,recursive_basis,0.0046108000096865,0
0.3,88,89,recursive_no_basis,0.003200399980414659,0
0.3,88,89,general,0.21379999999771826,0
0.3,89,90,recursive_no_basis,0.0008167999912984669,0
0.3,89,90,general,0.13325879999320023,0
0.3,89,90,recursive_basis,0.0008461999823339283,0
0.3,90,91,general,0.22103340001194738,0
0.3,90,91,recursive_basis,0.0008863999973982573,0
0.3,90,91,recursive_no_basis,0.0008003000111784786,0
0.3,91,92,recursive_basis,0.0010139999794773757,0
0.3,91,92,recursive_no_basis,0.0008122999861370772,0
0.3,91,92,general,0.1570202999864705,0
0.3,92,93,recursive_no_basis,0.006429599976399913,4
0.3,92,93,general,0.24157559999730438,4
0.3,92,93,recursive_basis,0.011853700008941814,4
0.3,93,94,general,0.1864631000207737,0
0.3,93,94,recursive_basis,0.0010091000003740191,0
0.3,93,94,recursive_no_basis,0.0008811999869067222,0
0.3,94,95,recursive_basis,0.0008339000050909817,0
0.3,94,95,recursive_no_basis,0.0008270000107586384,0
0.3,94,95,general,0.2062906000064686,0
0.3,95,96,recursive_no_basis,0.0008048999879974872,0
0.3,95,96,general,0.15914970001904294,0
0.3,95,96,recursive_basis,0.0008160999859683216,0
0.3,96,97,general,0.22068430000217631,0
0.3,96,97,recursive_basis,0.0008629999938420951,0
0.3,96,97,recursive_no_basis,0.0008239000162575394,0
0.3,97,98,recursive_basis,0.005567299987887964,2
0.3,97,98,recursive_no_basis,0.00251429999480024,2
0.3,97,98,general,0.26361910000559874,2
0.3,98,99,recursive_no_basis,0.0008642000029794872,0
0.3,98,99,general,0.1939260000071954,0
0.3,98,99,recursive_basis,0.0008978999976534396,0
0.3,99,100,general,0.20432960000471212,0
0.3,99,100,recursive_basis,0.0008913000056054443,0
0.3,99,100,recursive_no_basis,0.0008218000002671033,0
0.3,100,101,recursive_basis,0.0008431999885942787,0
0.3,100,101,recursive_no_basis,0.0008215999987442046,0
0.3,100,101,general,0.20747699998901226,0
0.3,101,102,recursive_no_basis,0.0008360999927390367,0
0.3,101,102,general,0.22807680000551045,0
0.3,101,102,recursive_basis,0.000884400011273101,0
0.3,102,103,general,0.24950119998538867,1
0.3,102,103,recursive_basis,0.004511099978117272,1
0.3,102,103,recursive_no_basis,0.016541099990718067,1
0.3,103,104,recursive_basis,0.0017005999980028719,0
0.3,103,104,recursive_no_basis,0.001108700002077967,0
0.3,103,104,general,0.2312431999889668,0
0.3,104,105,recursive_no_basis,0.0008541999850422144,0
0.3,104,105,general,0.1766455000033602,0
0.3,104,105,recursive_basis,0.0008512999920640141,0
0.3,105,106,general,0.21616829998674802,0
0.3,105,106,recursive_basis,0.0010051999997813255,0
0.3,105,106,recursive_no_basis,0.0008475999929942191,0
0.3,106,107,recursive_basis,0.0008646000060252845,0
0.3,106,107,recursive_no_basis,0.0008668999944347888,0
0.3,106,107,general,0.20957219999399967,0
0.3,107,108,recursive_no_basis,0.0008858999935910106,0
0.3,107,108,general,0.19826480001211166,0
0.3,107,108,recursive_basis,0.0012079000007361174,0
0.3,108,109,general,0.1515718000009656,0
0.3,108,109,recursive_basis,0.0008513999928254634,0
0.3,108,109,recursive_no_basis,0.0008399999933317304,0
0.3,109,110,recursive_basis,0.0008823999960441142,0
0.3,109,110,recursive_no_basis,0.0008596999978180975,0
0.3,109,110,general,0.18290840002009645,0
0.3,110,111,recursive_no_basis,0.0008550000202376395,0
0.3,110,111,general,0.23165119998157024,0
0.3,110,111,recursive_basis,0.0008771999855525792,0
0.3,111,112,general,0.1978428000002168,0
0.3,111,112,recursive_basis,0.004667600005632266,0
0.3,111,112,recursive_no_basis,0.003239799989387393,0
0.3,112,113,recursive_basis,0.0008974000229500234,0
0.3,112,113,recursive_no_basis,0.0008397999918088317,0
0.3,112,113,general,0.22067850001621991,0
0.3,113,114,recursive_no_basis,0.0008631999953649938,0
0.3,113,114,general,0.21177100000204518,0
0.3,113,114,recursive_basis,0.0008777999901212752,0
0.3,114,115,general,0.22556379999150522,0
0.3,114,115,recursive_basis,0.004241699993144721,0
0.3,114,115,recursive_no_basis,0.0027731000154744834,0
0.3,115,116,recursive_basis,0.0008243000193033367,0
0.3,115,116,recursive_no_basis,0.0011664000048767775,0
0.3,115,116,general,0.2200462999753654,0
0.3,116,117,recursive_no_basis,0.0008028000011108816,0
0.3,116,117,general,0.13434329998563044,0
0.3,116,117,recursive_basis,0.0008331999997608364,0
0.3,117,118,general,0.22426600000471808,0
0.3,117,118,recursive_basis,0.0008853999897837639,0
0.3,117,118,recursive_no_basis,0.0008281999907922,0
0.3,118,119,recursive_basis,0.0010575000196695328,0
0.3,118,119,recursive_no_basis,0.0008286999945994467,0
0.3,118,119,general,0.25256000002264045,0
0.3,119,120,recursive_no_basis,0.0009290000016335398,0
0.3,119,120,general,0.21358179999515414,0
0.3,119,120,recursive_basis,0.0008728000102564692,0
0.3,120,121,general,0.23863840001286007,1
0.3,120,121,recursive_basis,0.0043990999984089285,1
0.3,120,121,recursive_no_basis,0.0023791000130586326,1
0.3,121,122,recursive_basis,0.0008119999838527292,0
0.3,121,122,recursive_no_basis,0.0007788000220898539,0
0.3,121,122,general,0.13537279999582097,0
0.3,122,123,recursive_no_basis,0.0008462999830953777,0
0.3,122,123,general,0.20609669998520985,0
0.3,122,123,recursive_basis,0.0008587999909650534,0
0.3,123,124,general,0.21918600000208244,0
0.3,123,124,recursive_basis,0.0055127000086940825,0
0.3,123,124,recursive_no_basis,0.003896899987012148,0
0.3,124,125,recursive_basis,0.000830999983008951,0
0.3,124,125,recursive_no_basis,0.0008424999832641333,0
0.3,124,125,general,0.20259209998766892,0
0.3,125,126,recursive_no_basis,0.0008586999902036041,0
0.3,125,126,general,0.1766518999938853,0
0.3,125,126,recursive_basis,0.0008860999951139092,0
0.3,126,127,general,0.22511510000913404,0
0.3,126,127,recursive_basis,0.0008674999990034848,0
0.3,126,127,recursive_no_basis,0.0008074000070337206,0
0.3,127,128,recursive_basis,0.000811200006864965,0
0.3,127,128,recursive_no_basis,0.0008150000066962093,0
0.3,127,128,general,0.24839459999930114,0
0.3,128,129,recursive_no_basis,0.0011267999943811446,0
0.3,128,129,general,0.25729999999748543,0
0.3,128,129,recursive_basis,0.0008527000027243048,0
0.3,129,130,general,0.25373470000340603,2
0.3,129,130,recursive_basis,0.006015199993271381,2
0.3,129,130,recursive_no_basis,0.0033700999920256436,2
0.3,130,131,recursive_basis,0.0010260999843012542,0
0.3,130,131,recursive_no_basis,0.0008312000136356801,0
0.3,130,131,general,0.24951769999461249,0
0.3,131,132,recursive_no_basis,0.0008506999874953181,0
0.3,131,132,general,0.20004029999836348,0
0.3,131,132,recursive_basis,0.0009087000216823071,0
0.3,132,133,general,0.17284379998454824,0
0.3,132,133,recursive_basis,0.0008130999922286719,0
0.3,132,133,recursive_no_basis,0.000752499996451661,0
0.3,133,134,recursive_basis,0.0008231999818235636,0
0.3,133,134,recursive_no_basis,0.0008017000218387693,0
0.3,133,134,general,0.25148859998444095,0
0.3,134,135,recursive_no_basis,0.0008591999940108508,0
0.3,134,135,general,0.20437649998348206,0
0.3,134,135,recursive_basis,0.0011411999876145273,0
0.3,135,136,general,0.2648909999988973,3
0.3,135,136,recursive_basis,0.007215299992822111,3
0.3,135,136,recursive_no_basis,0.0034368999768048525,3
0.3,136,137,recursive_basis,0.0008430000161752105,0
0.3,136,137,recursive_no_basis,0.0008222000033129007,0
0.3,136,137,general,0.21103009997750632,0
0.3,137,138,recursive_no_basis,0.0010919999913312495,0
0.3,137,138,general,0.17870610000682063,0
0.3,137,138,recursive_basis,0.0008708999957889318,0
0.3,138,139,general,0.13270010001724586,0
0.3,138,139,recursive_basis,0.0009932000248227268,0
0.3,138,139,recursive_no_basis,0.0008047999872360379,0
0.3,139,140,recursive_basis,0.0008694000134710222,0
0.3,139,140,recursive_no_basis,0.0009793000062927604,0
0.3,139,140,general,0.1934287000040058,0
0.3,140,141,recursive_no_basis,0.003946700016967952,2
0.3,140,141,general,0.2523706000065431,2
0.3,140,141,recursive_basis,0.006891600001836196,2
0.3,141,142,general,0.16736769999261014,0
0.3,141,142,recursive_basis,0.0008957000100053847,0
0.3,141,142,recursive_no_basis,0.0008301000052597374,0
0.3,142,143,recursive_basis,0.0008329000265803188,0
0.3,142,143,recursive_no_basis,0.0011368999839760363,0
0.3,142,143,general,0.19183190001058392,0
0.3,143,144,recursive_no_basis,0.0008308000105898827,0
0.3,143,144,general,0.22163670000736602,0
0.3,143,144,recursive_basis,0.0009737999935168773,0
0.3,144,145,general,0.17039819998899475,0
0.3,144,145,recursive_basis,0.0010574000189080834,0
0.3,144,145,recursive_no_basis,0.000816100015072152,0
0.3,145,146,recursive_basis,0.0008340000058524311,0
0.3,145,146,recursive_no_basis,0.0009254000033251941,0
0.3,145,146,general,0.1919493000023067,0
0.3,146,147,recursive_no_basis,0.0008444999984931201,0
0.3,146,147,general,0.20799029999761842,0
0.3,146,147,recursive_basis,0.0009005999891087413,0
0.3,147,148,general,0.20199060000595637,0
0.3,147,148,recursive_basis,0.0008632999961264431,0
0.3,147,148,recursive_no_basis,0.0008175999973900616,0
0.3,148,149,recursive_basis,0.0008917000086512417,0
0.3,148,149,recursive_no_basis,0.0008487000013701618,0
0.3,148,149,general,0.18328850000398234,0
0.3,149,150,recursive_no_basis,0.0008898999949451536,0
0.3,149,150,general,0.2033233999973163,0
0.3,149,150,recursive_basis,0.0009268999856431037,0
0.3,150,151,general,0.3042808000172954,0
0.3,150,151,recursive_basis,0.0010732000228017569,0
0.3,150,151,recursive_no_basis,0.0008516999951098114,0
0.3,151,152,recursive_basis,0.005004800012102351,0
0.3,151,152,recursive_no_basis,0.0033223000064026564,0
0.3,151,152,general,0.23513329998240806,0
0.3,152,153,recursive_no_basis,0.0008941999985836446,0
0.3,152,153,general,0.1849973000062164,0
0.3,152,153,recursive_basis,0.0009317999938502908,0
0.3,153,154,general,0.18863690001307987,0
0.3,153,154,recursive_basis,0.0009107000078074634,0
0.3,153,154,recursive_no_basis,0.0008520000264979899,0
0.3,154,155,recursive_basis,0.0013260999985504895,0
0.3,154,155,recursive_no_basis,0.0008203999896068126,0
0.3,154,155,general,0.28284099997836165,0
0.3,155,156,recursive_no_basis,0.0011659000010695308,0
0.3,155,156,general,0.19844790000934154,0
0.3,155,156,recursive_basis,0.0008892999903764576,0
0.3,156,157,general,0.1770771000010427,0
0.3,156,157,recursive_basis,0.0010845999931916595,0
0.3,156,157,recursive_no_basis,0.0008278000168502331,0
0.3,157,158,recursive_basis,0.000832499994430691,0
0.3,157,158,recursive_no_basis,0.00104010000359267,0
0.3,157,158,general,0.19205140002304688,0
0.3,158,159,recursive_no_basis,0.0008343000081367791,0
0.3,158,159,general,0.22541309997905046,0
0.3,158,159,recursive_basis,0.0008767999825067818,0
0.3,159,160,general,0.17960360000142828,0
0.3,159,160,recursive_basis,0.0008552999934181571,0
0.3,159,160,recursive_no_basis,0.0007989000005181879,0
0.3,160,161,recursive_basis,0.0008066000009421259,0
0.3,160,161,recursive_no_basis,0.0008099999977275729,0
0.3,160,161,general,0.19888410001294687,0
0.3,161,162,recursive_no_basis,0.0008177999989129603,0
0.3,161,162,general,0.23768160000327043,0
0.3,161,162,recursive_basis,0.0008626000199001282,0
0.3,162,163,general,0.2497379999840632,0
0.3,162,163,recursive_basis,0.0009283999970648438,0
0.3,162,163,recursive_no_basis,0.0009162999922409654,0
0.3,163,164,recursive_basis,0.0008091999916359782,0
0.3,163,164,recursive_no_basis,0.0008385999826714396,0
0.3,163,164,general,0.19655759999295697,0
0.3,164,165,recursive_no_basis,0.000893000018550083,0
0.3,164,165,general,0.17725510001764633,0
0.3,164,165,recursive_basis,0.0009734999912325293,0
0.3,165,166,general,0.15418190002674237,0
0.3,165,166,recursive_basis,0.0008766000100877136,0
0.3,165,166,recursive_no_basis,0.0009200999920722097,0
0.3,166,167,recursive_basis,0.0008132999937515706,0
0.3,166,167,recursive_no_basis,0.0007991000020410866,0
0.3,166,167,general,0.2201292999961879,0
0.3,167,168,recursive_no_basis,0.0008617000130470842,0
0.3,167,168,general,0.23333739998633973,0
0.3,167,168,recursive_basis,0.0008778999908827245,0
0.3,168,169,general,0.24361660002614371,0
0.3,168,169,recursive_basis,0.001026200014166534,0
0.3,168,169,recursive_no_basis,0.04863489998388104,0
0.3,169,170,recursive_basis,0.000980700016953051,0
0.3,169,170,recursive_no_basis,0.0009384000150021166,0
0.3,169,170,general,0.16195429998333566,0
0.3,170,171,recursive_no_basis,0.0008336000028066337,0
0.3,170,171,general,0.17651259998092428,0
0.3,170,171,recursive_basis,0.0008607000054325908,0
0.3,171,172,general,0.23413070000242442,0
0.3,171,172,recursive_basis,0.0009809999901335686,0
0.3,171,172,recursive_no_basis,0.0008219000010285527,0
0.3,172,173,recursive_basis,0.0008227000071201473,0
0.3,172,173,recursive_no_basis,0.0008328999974764884,0
0.3,172,173,general,0.23317530000349507,0
0.3,173,174,recursive_no_basis,0.0007955000037327409,0
0.3,173,174,general,0.10316110000712797,0
0.3,173,174,recursive_basis,0.001070600003004074,0
0.3,174,175,general,0.19564879999961704,0
0.3,174,175,recursive_basis,0.0009008000197354704,0
0.3,174,175,recursive_no_basis,0.0008241000177804381,0
0.3,175,176,recursive_basis,0.0008645999769214541,0
0.3,175,176,recursive_no_basis,0.0008536999812349677,0
0.3,175,176,general,0.22329829999944195,0
0.3,176,177,recursive_no_basis,0.000826300005428493,0
0.3,176,177,general,0.1882286999898497,0
0.3,176,177,recursive_basis,0.0008573000086471438,0
0.3,177,178,general,0.18636110000079498,0
0.3,177,178,recursive_basis,0.0008531000057701021,0
0.3,177,178,recursive_no_basis,0.0007901999924797565,0
0.3,178,179,recursive_basis,0.0008000000088941306,0
0.3,178,179,recursive_no_basis,0.0008136999967973679,0
0.3,178,179,general,0.19235009999829344,0
0.3,179,180,recursive_no_basis,0.0023350999981630594,1
0.3,179,180,general,0.21188030001940206,1
0.3,179,180,recursive_basis,0.004323600005591288,1
0.3,180,181,general,0.16008390000206418,0
0.3,180,181,recursive_basis,0.0008778999908827245,0
0.3,180,181,recursive_no_basis,0.0007938000198919326,0
0.3,181,182,recursive_basis,0.0008031000033952296,0
0.3,181,182,recursive_no_basis,0.0010326000046916306,0
0.3,181,182,general,0.19716719997813925,0
0.3,182,183,recursive_no_basis,0.0008588000200688839,0
0.3,182,183,general,0.1865342000091914,0
0.3,182,183,recursive_basis,0.0008710999973118305,0
0.3,183,184,general,0.22072169999592006,0
0.3,183,184,recursive_basis,0.0010551000013947487,0
0.3,183,184,recursive_no_basis,0.0009222000080626458,0
0.3,184,185,recursive_basis,0.0008304999792017043,0
0.3,184,185,recursive_no_basis,0.0008492000051774085,0
0.3,184,185,general,0.18243600000278093,0
0.3,185,186,recursive_no_basis,0.0008729000110179186,0
0.3,185,186,general,0.2761211000033654,0
0.3,185,186,recursive_basis,0.00089490000391379,0
0.3,186,187,general,0.1507350000028964,0
0.3,186,187,recursive_basis,0.0008344000088982284,0
0.3,186,187,recursive_no_basis,0.000773799984017387,0
0.3,187,188,recursive_basis,0.000819500011857599,0
0.3,187,188,recursive_no_basis,0.00085039998521097,0
0.3,187,188,general,0.19605529998079874,0
0.3,188,189,recursive_no_basis,0.0008385000110138208,0
0.3,188,189,general,0.199071000010008,0
0.3,188,189,recursive_basis,0.0008737999887671322,0
0.3,189,190,general,0.22191369999200106,0
0.3,189,190,recursive_basis,0.000896100013051182,0
0.3,189,190,recursive_no_basis,0.0008419999794568866,0
0.3,190,191,recursive_basis,0.0008620000153314322,0
0.3,190,191,recursive_no_basis,0.0008322999929077923,0
0.3,190,191,general,0.23094720000517555,0
0.3,191,192,recursive_no_basis,0.004121200006920844,1
0.3,191,192,general,0.25068389999796636,1
0.3,191,192,recursive_basis,0.006413399998564273,1
0.3,192,193,general,0.20963369999662973,0
0.3,192,193,recursive_basis,0.0008558999979868531,0
0.3,192,193,recursive_no_basis,0.0008340000058524311,0
0.3,193,194,recursive_basis,0.0008173999958671629,0
0.3,193,194,recursive_no_basis,0.0008009999874047935,0
0.3,193,194,general,0.16469050000887364,0
0.3,194,195,recursive_no_basis,0.0008588999917265028,0
0.3,194,195,general,0.24752520001493394,0
0.3,194,195,recursive_basis,0.0008884999842848629,0
0.3,195,196,general,0.19802850001724437,0
0.3,195,196,recursive_basis,0.0008766000100877136,0
0.3,195,196,recursive_no_basis,0.000815800012787804,0
0.3,196,197,recursive_basis,0.0010982999810948968,0
0.3,196,197,recursive_no_basis,0.0008387999841943383,0
0.3,196,197,general,0.2465966000163462,0
0.3,197,198,recursive_no_basis,0.0008239999879151583,0
0.3,197,198,general,0.16729339997982606,0
0.3,197,198,recursive_basis,0.0008624000183772296,0
0.3,198,199,general,0.2016312000050675,0
0.3,198,199,recursive_basis,0.000900499988347292,0
0.3,198,199,recursive_no_basis,0.0008531000057701021,0
0.3,199,200,recursive_basis,0.0008378000056836754,0
0.3,199,200,recursive_no_basis,0.0008331999997608364,0
0.3,199,200,general,0.25707670001429506,0
0.4,0,1,general,0.9060459999891464,14
0.4,0,1,recursive_basis,0.013430099992547184,14
0.4,0,1,recursive_no_basis,0.006713199982186779,14
0.4,1,2,recursive_basis,0.0009781999979168177,0
0.4,1,2,recursive_no_basis,0.0009760000102687627,0
0.4,1,2,general,0.6839051000133622,0
0.4,2,3,recursive_no_basis,0.0010195999930147082,0
0.4,2,3,general,0.713645700016059,0
0.4,2,3,recursive_basis,0.0010186999861616641,0
0.4,3,4,general,0.9147024999838322,2
0.4,3,4,recursive_basis,0.010080300009576604,2
0.4,3,4,recursive_no_basis,0.006191299995407462,2
0.4,4,5,recursive_basis,0.013717900001211092,10
0.4,4,5,recursive_no_basis,0.0064993000123649836,10
0.4,4,5,general,0.8814818999962881,10
0.4,5,6,recursive_no_basis,0.004325000016251579,0
0.4,5,6,general,0.652656999998726,0
0.4,5,6,recursive_basis,0.005931199993938208,0
0.4,6,7,general,0.8239027999807149,15
0.4,6,7,recursive_basis,0.0137135999975726,15
0.4,6,7,recursive_no_basis,0.007045599981211126,15
0.4,7,8,recursive_basis,0.014416399993933737,2
0.4,7,8,recursive_no_basis,0.008285999996587634,2
0.4,7,8,general,0.8460346999927424,2
0.4,8,9,recursive_no_basis,0.0049085000064224005,5
0.4,8,9,general,0.6480841999873519,5
0.4,8,9,recursive_basis,0.009145100018940866,5
0.4,9,10,general,0.8288171000021975,7
0.4,9,10,recursive_basis,0.014972000004490837,7
0.4,9,10,recursive_no_basis,0.008062099979724735,7
0.4,10,11,recursive_basis,0.00884670001687482,2
0.4,10,11,recursive_no_basis,0.005060099996626377,2
0.4,10,11,general,0.8128333000058774,2
0.4,11,12,recursive_no_basis,0.012015100015560165,10
0.4,11,12,general,0.8283061999827623,10
0.4,11,12,recursive_basis,0.012851100007537752,10
0.4,12,13,general,0.8679970999946818,2
0.4,12,13,recursive_basis,0.011018999997759238,2
0.4,12,13,recursive_no_basis,0.006899600004544482,2
0.4,13,14,recursive_basis,0.015305900014936924,12
0.4,13,14,recursive_no_basis,0.007936600013636053,12
0.4,13,14,general,0.9455653000040911,12
0.4,14,15,recursive_no_basis,0.007676699984585866,4
0.4,14,15,general,0.784812800004147,4
0.4,14,15,recursive_basis,0.012753100018016994,4
0.4,15,16,general,0.6958511999982875,3
0.4,15,16,recursive_basis,0.016418099985457957,3
0.4,15,16,recursive_no_basis,0.009244099986972287,3
0.4,16,17,recursive_basis,0.009908000007271767,2
0.4,16,17,recursive_no_basis,0.005466000002343208,2
0.4,16,17,general,0.8111806999950204,2
0.4,17,18,recursive_no_basis,0.00964819997898303,8
0.4,17,18,general,0.8478437000012491,8
0.4,17,18,recursive_basis,0.014637699990998954,8
0.4,18,19,general,0.8316236000100616,5
0.4,18,19,recursive_basis,0.015639199991710484,5
0.4,18,19,recursive_no_basis,0.008399100013775751,5
0.4,19,20,recursive_basis,0.007997400010935962,0
0.4,19,20,recursive_no_basis,0.034339900012128055,0
0.4,19,20,general,0.7000644000072498,0
0.4,20,21,recursive_no_basis,0.0012795000220648944,0
0.4,20,21,general,0.6941704000055324,0
0.4,20,21,recursive_basis,0.0010768999927677214,0
0.4,21,22,general,0.6302115000144113,0
0.4,21,22,recursive_basis,0.0010051999997813255,0
0.4,21,22,recursive_no_basis,0.0009409999765921384,0
0.4,22,23,recursive_basis,0.01315209997119382,2
0.4,22,23,recursive_no_basis,0.007678599999053404,2
0.4,22,23,general,0.8333509000076447,2
0.4,23,24,recursive_no_basis,0.006569899996975437,1
0.4,23,24,general,0.6147715999977663,1
0.4,23,24,recursive_basis,0.01004829999874346,1
0.4,24,25,general,0.7134008000139147,2
0.4,24,25,recursive_basis,0.007933199987746775,2
0.4,24,25,recursive_no_basis,0.00489380001090467,2
0.4,25,26,recursive_basis,0.009921499993652105,1
0.4,25,26,recursive_no_basis,0.005412800004705787,1
0.4,25,26,general,0.7219143999973312,1
0.4,26,27,recursive_no_basis,0.0059781999734696,1
0.4,26,27,general,1.271376999997301,1
0.4,26,27,recursive_basis,0.011873200011905283,1
0.4,27,28,general,1.3729502000205684,11
0.4,27,28,recursive_basis,0.015255100006470457,11
0.4,27,28,recursive_no_basis,0.007744900009129196,11
0.4,28,29,recursive_basis,0.014145599998300895,11
0.4,28,29,recursive_no_basis,0.00812509999377653,11
0.4,28,29,general,1.0234534000046551,11
0.4,29,30,recursive_no_basis,0.005409499979577959,0
0.4,29,30,general,0.740405999997165,0
0.4,29,30,recursive_basis,0.007918499992229044,0
0.4,30,31,general,0.8941975999914575,2
0.4,30,31,recursive_basis,0.010655999998562038,2
0.4,30,31,recursive_no_basis,0.0064734000188764185,2
0.4,31,32,recursive_basis,0.017448400001740083,19
0.4,31,32,recursive_no_basis,0.009596599993528798,19
0.4,31,32,general,1.1548259999835864,19
0.4,32,33,recursive_no_basis,0.00677690000156872,4
0.4,32,33,general,0.808765299996594,4
0.4,32,33,recursive_basis,0.022722499998053536,4
0.4,33,34,general,0.867728100012755,0
0.4,33,34,recursive_basis,0.006779399991501123,0
0.4,33,34,recursive_no_basis,0.004669499990995973,0
0.4,34,35,recursive_basis,0.005140900000697002,2
0.4,34,35,recursive_no_basis,0.002874600002542138,2
0.4,34,35,general,0.7523993999930099,2
0.4,35,36,recursive_no_basis,0.007805800007190555,3
0.4,35,36,general,0.7540952000126708,3
0.4,35,36,recursive_basis,0.013293700001668185,3
0.4,36,37,general,0.6613625999889337,0
0.4,36,37,recursive_basis,0.0012932000099681318,0
0.4,36,37,recursive_no_basis,0.0010498999909032136,0
0.4,37,38,recursive_basis,0.012937899999087676,2
0.4,37,38,recursive_no_basis,0.007601799996336922,2
0.4,37,38,general,0.754551399993943,2
0.4,38,39,recursive_no_basis,0.0073816000076476485,6
0.4,38,39,general,0.8332126000022981,6
0.4,38,39,recursive_basis,0.01476580000598915,6
0.4,39,40,general,1.0066178000124637,1
0.4,39,40,recursive_basis,0.01338329998543486,1
0.4,39,40,recursive_no_basis,0.007562799990409985,1
0.4,40,41,recursive_basis,0.021543600014410913,18
0.4,40,41,recursive_no_basis,0.0075594999943859875,18
0.4,40,41,general,1.0539375999942422,18
0.4,41,42,recursive_no_basis,0.00584490000619553,1
0.4,41,42,general,0.7476984999957494,1
0.4,41,42,recursive_basis,0.013848200003849342,1
0.4,42,43,general,0.8033598999900278,4
0.4,42,43,recursive_basis,0.013419800001429394,4
0.4,42,43,recursive_no_basis,0.00797829998191446,4
0.4,43,44,recursive_basis,0.012487700005294755,7
0.4,43,44,recursive_no_basis,0.006595500017283484,7
0.4,43,44,general,1.097277099994244,7
0.4,44,45,recursive_no_basis,0.007209600007627159,6
0.4,44,45,general,0.9161829999939073,6
0.4,44,45,recursive_basis,0.016440800012787804,6
0.4,45,46,general,0.8843631999916397,0
0.4,45,46,recursive_basis,0.007807200017850846,0
0.4,45,46,recursive_no_basis,0.004596599988872185,0
0.4,46,47,recursive_basis,0.006736699986504391,0
0.4,46,47,recursive_no_basis,0.004857899999478832,0
0.4,46,47,general,0.8372528000036255,0
0.4,47,48,recursive_no_basis,0.007886300008976832,2
0.4,47,48,general,0.8364678999932948,2
0.4,47,48,recursive_basis,0.014233599998988211,2
0.4,48,49,general,0.8387500999961048,2
0.4,48,49,recursive_basis,0.011490300006698817,2
0.4,48,49,recursive_no_basis,0.010158499993849546,2
0.4,49,50,recursive_basis,0.0013023999927099794,0
0.4,49,50,recursive_no_basis,0.0010717000113800168,0
0.4,49,50,general,0.8795245999936014,0
0.4,50,51,recursive_no_basis,0.008284099982120097,6
0.4,50,51,general,0.980086100025801,6
0.4,50,51,recursive_basis,0.024709899997105822,6
0.4,51,52,general,1.0048758999910206,5
0.4,51,52,recursive_basis,0.018855800008168444,5
0.4,51,52,recursive_no_basis,0.01087050000205636,5
0.4,52,53,recursive_basis,0.016876199981197715,4
0.4,52,53,recursive_no_basis,0.010472699999809265,4
0.4,52,53,general,0.8732625000120606,4
0.4,53,54,recursive_no_basis,0.010140599973965436,4
0.4,53,54,general,1.0149075000081211,4
0.4,53,54,recursive_basis,0.013949699990916997,4
0.4,54,55,general,1.2075822000042535,14
0.4,54,55,recursive_basis,0.019381700025405735,14
0.4,54,55,recursive_no_basis,0.008439600002020597,14
0.4,55,56,recursive_basis,0.014689599978737533,4
0.4,55,56,recursive_no_basis,0.007613499998115003,4
0.4,55,56,general,0.8515003999928012,4
0.4,56,57,recursive_no_basis,0.007723499991698191,2
0.4,56,57,general,0.6872777999960817,2
0.4,56,57,recursive_basis,0.011940399999730289,2
0.4,57,58,general,0.8770317000162322,16
0.4,57,58,recursive_basis,0.01722830001381226,16
0.4,57,58,recursive_no_basis,0.008237600006395951,16
0.4,58,59,recursive_basis,0.014968400006182492,8
0.4,58,59,recursive_no_basis,0.007341300020925701,8
0.4,58,59,general,0.9411548000061885,8
0.4,59,60,recursive_no_basis,0.008120000013150275,7
0.4,59,60,general,0.9596801000006963,7
0.4,59,60,recursive_basis,0.014796000003116205,7
0.4,60,61,general,0.7755579999939073,1
0.4,60,61,recursive_basis,0.012926600000355393,1
0.4,60,61,recursive_no_basis,0.006870899989735335,1
0.4,61,62,recursive_basis,0.004938300000503659,0
0.4,61,62,recursive_no_basis,0.004383799998322502,0
0.4,61,62,general,0.7012644000060391,0
0.4,62,63,recursive_no_basis,0.004836999985855073,6
0.4,62,63,general,0.9168192000070121,6
0.4,62,63,recursive_basis,0.00866150000365451,6
0.4,63,64,general,0.7279172999842558,1
0.4,63,64,recursive_basis,0.006865900009870529,1
0.4,63,64,recursive_no_basis,0.00387729998328723,1
0.4,64,65,recursive_basis,0.021399999997811392,3
0.4,64,65,recursive_no_basis,0.009271200018702075,3
0.4,64,65,general,0.8137468000059016,3
0.4,65,66,recursive_no_basis,0.05088600001181476,2
0.4,65,66,general,1.01826019998407,2
0.4,65,66,recursive_basis,0.011874600022565573,2
0.4,66,67,general,0.8484482000058051,4
0.4,66,67,recursive_basis,0.005081200011773035,4
0.4,66,67,recursive_no_basis,0.002576200000476092,4
0.4,67,68,recursive_basis,0.010057900013634935,6
0.4,67,68,recursive_no_basis,0.0061741000099573284,6
0.4,67,68,general,0.9750126000144519,6
0.4,68,69,recursive_no_basis,0.007857499993406236,0
0.4,68,69,general,0.8813708999950904,0
0.4,68,69,recursive_basis,0.011243100016145036,0
0.4,69,70,general,0.805175399989821,0
0.4,69,70,recursive_basis,0.0073228999972343445,0
0.4,69,70,recursive_no_basis,0.005209199996897951,0
0.4,70,71,recursive_basis,0.013666999991983175,2
0.4,70,71,recursive_no_basis,0.0070137000002432615,2
0.4,70,71,general,0.7476523999939673,2
0.4,71,72,recursive_no_basis,0.007406099990475923,0
0.4,71,72,general,0.8155944999889471,0
0.4,71,72,recursive_basis,0.010067099996376783,0
0.4,72,73,general,0.7670053000038024,3
0.4,72,73,recursive_basis,0.011697699985234067,3
0.4,72,73,recursive_no_basis,0.007141600013710558,3
0.4,73,74,recursive_basis,0.010540799994487315,0
0.4,73,74,recursive_no_basis,0.006407700013369322,0
0.4,73,74,general,0.7210117999929935,0
0.4,74,75,recursive_no_basis,0.008070500014582649,2
0.4,74,75,general,0.7929634999891277,2
0.4,74,75,recursive_basis,0.013607799977762625,2
0.4,75,76,general,0.9134422999923117,12
0.4,75,76,recursive_basis,0.018421499989926815,12
0.4,75,76,recursive_no_basis,0.007543999992776662,12
0.4,76,77,recursive_basis,0.0170767999952659,6
0.4,76,77,recursive_no_basis,0.008585000003222376,6
0.4,76,77,general,0.8819083000125829,6
0.4,77,78,recursive_no_basis,0.006637299986323342,9
0.4,77,78,general,0.9359399999957532,9
0.4,77,78,recursive_basis,0.013008200010517612,9
0.4,78,79,general,0.9178396000061184,4
0.4,78,79,recursive_basis,0.014400100015336648,4
0.4,78,79,recursive_no_basis,0.008877899992512539,4
0.4,79,80,recursive_basis,0.009558500023558736,0
0.4,79,80,recursive_no_basis,0.006962200015550479,0
0.4,79,80,general,0.7236056000110693,0
0.4,80,81,recursive_no_basis,0.006079300015699118,8
0.4,80,81,general,0.8793839999998454,8
0.4,80,81,recursive_basis,0.011880100006237626,8
0.4,81,82,general,0.8706012000038754,6
0.4,81,82,recursive_basis,0.014060200017411262,6
0.4,81,82,recursive_no_basis,0.008205299993278459,6
0.4,82,83,recursive_basis,0.013750899990554899,4
0.4,82,83,recursive_no_basis,0.00798729999223724,4
0.4,82,83,general,0.9529714999953285,4
0.4,83,84,recursive_no_basis,0.009307800006354228,3
0.4,83,84,general,0.8501964999886695,3
0.4,83,84,recursive_basis,0.014816299983067438,3
0.4,84,85,general,0.7498025000095367,2
0.4,84,85,recursive_basis,0.009981200011679903,2
0.4,84,85,recursive_no_basis,0.005510499991942197,2
0.4,85,86,recursive_basis,0.014123200002359226,0
0.4,85,86,recursive_no_basis,0.0079486999893561,0
0.4,85,86,general,0.7157226999988779,0
0.4,86,87,recursive_no_basis,0.004339400009484962,0
0.4,86,87,general,0.6796556000190321,0
0.4,86,87,recursive_basis,0.004655299999285489,0
0.4,87,88,general,0.7227978000009898,3
0.4,87,88,recursive_basis,0.008110099995974451,3
0.4,87,88,recursive_no_basis,0.0036856000078842044,3
0.4,88,89,recursive_basis,0.011417599976994097,1
0.4,88,89,recursive_no_basis,0.007786700007272884,1
0.4,88,89,general,0.8828485999838449,1
0.4,89,90,recursive_no_basis,0.004838599998038262,1
0.4,89,90,general,0.652840999973705,1
0.4,89,90,recursive_basis,0.008663900021929294,1
0.4,90,91,general,0.7488247999863233,0
0.4,90,91,recursive_basis,0.014187599997967482,0
0.4,90,91,recursive_no_basis,0.007121700007701293,0
0.4,91,92,recursive_basis,0.007785399997374043,1
0.4,91,92,recursive_no_basis,0.004396800009999424,1
0.4,91,92,general,0.820196799992118,1
0.4,92,93,recursive_no_basis,0.010120199993252754,15
0.4,92,93,general,0.9425053999875672,15
0.4,92,93,recursive_basis,0.01820900000166148,15
0.4,93,94,general,0.8800699999846984,1
0.4,93,94,recursive_basis,0.00929989997530356,1
0.4,93,94,recursive_no_basis,0.007259600010002032,1
0.4,94,95,recursive_basis,0.009593800001312047,1
0.4,94,95,recursive_no_basis,0.00593680000747554,1
0.4,94,95,general,0.7918630999920424,1
0.4,95,96,recursive_no_basis,0.0069528000021819025,4
0.4,95,96,general,0.6785398999927565,4
0.4,95,96,recursive_basis,0.011478800006443635,4
0.4,96,97,general,0.9740313999936916,6
0.4,96,97,recursive_basis,0.007583900005556643,6
0.4,96,97,recursive_no_basis,0.003962500020861626,6
0.4,97,98,recursive_basis,0.014863999997032806,6
0.4,97,98,recursive_no_basis,0.007491299998946488,6
0.4,97,98,general,1.0078643999877386,6
0.4,98,99,recursive_no_basis,0.006026699993526563,5
0.4,98,99,general,0.7815605000068899,5
0.4,98,99,recursive_basis,0.01040840000496246,5
0.4,99,100,general,0.7050267000158783,4
0.4,99,100,recursive_basis,0.007965600001625717,4
0.4,99,100,recursive_no_basis,0.003977999993367121,4
0.4,100,101,recursive_basis,0.016101399989565834,8
0.4,100,101,recursive_no_basis,0.008277100016130134,8
0.4,100,101,general,0.908522300014738,8
0.4,101,102,recursive_no_basis,0.00734579999698326,3
0.4,101,102,general,0.8594422000169288,3
0.4,101,102,recursive_basis,0.011070900014601648,3
0.4,102,103,general,0.8104098999756388,9
0.4,102,103,recursive_basis,0.013104899990139529,9
0.4,102,103,recursive_no_basis,0.006979199999477714,9
0.4,103,104,recursive_basis,0.01811279999674298,12
0.4,103,104,recursive_no_basis,0.009647700004279613,12
0.4,103,104,general,0.9488883999874815,12
0.4,104,105,recursive_no_basis,0.003449899988481775,0
0.4,104,105,general,0.8549342000042088,0
0.4,104,105,recursive_basis,0.007070599996950477,0
0.4,105,106,general,0.8111798999889288,2
0.4,105,106,recursive_basis,0.012175299983937293,2
0.4,105,106,recursive_no_basis,0.006524600001284853,2
0.4,106,107,recursive_basis,0.010303599992766976,1
0.4,106,107,recursive_no_basis,0.006029600015608594,1
0.4,106,107,general,0.7642610000038985,1
0.4,107,108,recursive_no_basis,0.005508800008101389,0
0.4,107,108,general,0.7356262000103015,0
0.4,107,108,recursive_basis,0.009670900006312877,0
0.4,108,109,general,0.7057486000121571,7
0.4,108,109,recursive_basis,0.011310000001685694,7
0.4,108,109,recursive_no_basis,0.006795399996917695,7
0.4,109,110,recursive_basis,0.012106299982406199,6
0.4,109,110,recursive_no_basis,0.006525700009660795,6
0.4,109,110,general,0.8038451000174973,6
0.4,110,111,recursive_no_basis,0.007555599993793294,0
0.4,110,111,general,1.0369686000049114,0
0.4,110,111,recursive_basis,0.010328500007744879,0
0.4,111,112,general,0.8716505999909714,3
0.4,111,112,recursive_basis,0.013869099988369271,3
0.4,111,112,recursive_no_basis,0.0069602000003214926,3
0.4,112,113,recursive_basis,0.005570400011492893,0
0.4,112,113,recursive_no_basis,0.005180300009669736,0
0.4,112,113,general,0.7687245999986771,0
0.4,113,114,recursive_no_basis,0.006568799988599494,4
0.4,113,114,general,0.7542008000018541,4
0.4,113,114,recursive_basis,0.012848799990024418,4
0.4,114,115,general,0.8756148999964353,5
0.4,114,115,recursive_basis,0.010996299999533221,5
0.4,114,115,recursive_no_basis,0.006482099997811019,5
0.4,115,116,recursive_basis,0.012026799988234416,7
0.4,115,116,recursive_no_basis,0.006704100000206381,7
0.4,115,116,general,0.8336756000062451,7
0.4,116,117,recursive_no_basis,0.007090500002959743,1
0.4,116,117,general,0.8111676000116859,1
0.4,116,117,recursive_basis,0.01168980001239106,1
0.4,117,118,general,0.9745611999824177,1
0.4,117,118,recursive_basis,0.01312420002068393,1
0.4,117,118,recursive_no_basis,0.007076799985952675,1
0.4,118,119,recursive_basis,0.016804599988972768,7
0.4,118,119,recursive_no_basis,0.06042840000009164,7
0.4,118,119,general,1.006027700001141,7
0.4,119,120,recursive_no_basis,0.007003900012932718,8
0.4,119,120,general,0.983879400009755,8
0.4,119,120,recursive_basis,0.013906100008171052,8
0.4,120,121,general,0.8639222999918275,4
0.4,120,121,recursive_basis,0.010754100017948076,4
0.4,120,121,recursive_no_basis,0.006612199998926371,4
0.4,121,122,recursive_basis,0.015181299997493625,7
0.4,121,122,recursive_no_basis,0.008165000006556511,7
0.4,121,122,general,0.7373825999966357,7
0.4,122,123,recursive_no_basis,0.00953270000172779,2
0.4,122,123,general,0.792796299996553,2
0.4,122,123,recursive_basis,0.011560800019651651,2
0.4,123,124,general,0.6608235000167042,1
0.4,123,124,recursive_basis,0.011675799993099645,1
0.4,123,124,recursive_no_basis,0.00796959997387603,1
0.4,124,125,recursive_basis,0.009638699993956834,1
0.4,124,125,recursive_no_basis,0.006229199992958456,1
0.4,124,125,general,0.8852748000063002,1
0.4,125,126,recursive_no_basis,0.0046332999772857875,0
0.4,125,126,general,0.7240091999992728,0
0.4,125,126,recursive_basis,0.006116500007919967,0
0.4,126,127,general,0.8669968000031076,3
0.4,126,127,recursive_basis,0.01277140001184307,3
0.4,126,127,recursive_no_basis,0.007426000025589019,3
0.4,127,128,recursive_basis,0.011273199983406812,5
0.4,127,128,recursive_no_basis,0.006751400011125952,5
0.4,127,128,general,0.8578864999872167,5
0.4,128,129,recursive_no_basis,0.007530700007919222,3
0.4,128,129,general,0.8424627999775112,3
0.4,128,129,recursive_basis,0.012037800013786182,3
0.4,129,130,general,1.0282247999857645,31
0.4,129,130,recursive_basis,0.016079099994385615,31
0.4,129,130,recursive_no_basis,0.006091199989896268,31
0.4,130,131,recursive_basis,0.008610899996710941,0
0.4,130,131,recursive_no_basis,0.007150699995690957,0
0.4,130,131,general,0.8246474000043236,0
0.4,131,132,recursive_no_basis,0.006248099991353229,0
0.4,131,132,general,0.646333600016078,0
0.4,131,132,recursive_basis,0.006764599995221943,0
0.4,132,133,general,0.6144200999988243,0
0.4,132,133,recursive_basis,0.009377999987918884,0
0.4,132,133,recursive_no_basis,0.006285900017246604,0
0.4,133,134,recursive_basis,0.010120699997060001,0
0.4,133,134,recursive_no_basis,0.006599999993341044,0
0.4,133,134,general,0.8685561999736819,0
0.4,134,135,recursive_no_basis,0.005718800006434321,1
0.4,134,135,general,0.7059324999863748,1
0.4,134,135,recursive_basis,0.009758800006238744,1
0.4,135,136,general,0.9487483999982942,16
0.4,135,136,recursive_basis,0.017358100012643263,16
0.4,135,136,recursive_no_basis,0.008420300000580028,16
0.4,136,137,recursive_basis,0.016318900015903637,12
0.4,136,137,recursive_no_basis,0.008763999998336658,12
0.4,136,137,general,0.9904968999908306,12
0.4,137,138,recursive_no_basis,0.008184900012565777,3
0.4,137,138,general,0.7655747999961022,3
0.4,137,138,recursive_basis,0.011855199991259724,3
0.4,138,139,general,0.7398594999976922,0
0.4,138,139,recursive_basis,0.010061399982078001,0
0.4,138,139,recursive_no_basis,0.010528699989663437,0
0.4,139,140,recursive_basis,0.017360800004098564,5
0.4,139,140,recursive_no_basis,0.007857300020987168,5
0.4,139,140,general,0.7667270000092685,5
0.4,140,141,recursive_no_basis,0.005728099989937618,3
0.4,140,141,general,0.7824893999786582,3
0.4,140,141,recursive_basis,0.009694400010630488,3
0.4,141,142,general,0.6596870999783278,2
0.4,141,142,recursive_basis,0.005714799975976348,2
0.4,141,142,recursive_no_basis,0.0032180999987758696,2
0.4,142,143,recursive_basis,0.008957000012742355,4
0.4,142,143,recursive_no_basis,0.004862400004640222,4
0.4,142,143,general,0.8836832000233699,4
0.4,143,144,recursive_no_basis,0.004645199980586767,2
0.4,143,144,general,0.8733249999932013,2
0.4,143,144,recursive_basis,0.007911399996373802,2
0.4,144,145,general,0.7924494000035338,1
0.4,144,145,recursive_basis,0.011670000007143244,1
0.4,144,145,recursive_no_basis,0.007552400027634576,1
0.4,145,146,recursive_basis,0.011139599984744564,2
0.4,145,146,recursive_no_basis,0.006809899990912527,2
0.4,145,146,general,0.8331959999923129,2
0.4,146,147,recursive_no_basis,0.005454500002088025,4
0.4,146,147,general,0.7524198000028264,4
0.4,146,147,recursive_basis,0.009662299999035895,4
0.4,147,148,general,0.9565236000053119,14
0.4,147,148,recursive_basis,0.01880920000257902,14
0.4,147,148,recursive_no_basis,0.008176200004527345,14
0.4,148,149,recursive_basis,0.007230700022773817,1
0.4,148,149,recursive_no_basis,0.003914600005373359,1
0.4,148,149,general,0.7806700999790337,1
0.4,149,150,recursive_no_basis,0.008445699990261346,9
0.4,149,150,general,0.9557432999718003,9
0.4,149,150,recursive_basis,0.02024459998938255,9
0.4,150,151,general,0.923522299999604,5
0.4,150,151,recursive_basis,0.01263360001030378,5
0.4,150,151,recursive_no_basis,0.00672789997770451,5
0.4,151,152,recursive_basis,0.010237299982691184,8
0.4,151,152,recursive_no_basis,0.005426199990324676,8
0.4,151,152,general,0.8018150999851059,8
0.4,152,153,recursive_no_basis,0.0058305999846197665,0
0.4,152,153,general,0.7820103999983985,0
0.4,152,153,recursive_basis,0.00865850000991486,0
0.4,153,154,general,0.9066260999825317,2
0.4,153,154,recursive_basis,0.007681299990508705,2
0.4,153,154,recursive_no_basis,0.004744200006825849,2
0.4,154,155,recursive_basis,0.011840799998026341,1
0.4,154,155,recursive_no_basis,0.00697539999964647,1
0.4,154,155,general,0.7672611000016332,1
0.4,155,156,recursive_no_basis,0.006755399983376265,4
0.4,155,156,general,0.7430546999967191,4
0.4,155,156,recursive_basis,0.013115699985064566,4
0.4,156,157,general,0.7886196999752428,9
0.4,156,157,recursive_basis,0.015337999997427687,9
0.4,156,157,recursive_no_basis,0.007599400007165968,9
0.4,157,158,recursive_basis,0.010058900021249428,1
0.4,157,158,recursive_no_basis,0.006036500009940937,1
0.4,157,158,general,0.8420265000022482,1
0.4,158,159,recursive_no_basis,0.004994199989596382,7
0.4,158,159,general,0.9230757000041194,7
0.4,158,159,recursive_basis,0.010288599994964898,7
0.4,159,160,general,0.7186290000099689,2
0.4,159,160,recursive_basis,0.016302500007441267,2
0.4,159,160,recursive_no_basis,0.009103299991693348,2
0.4,160,161,recursive_basis,0.0071644000126980245,0
0.4,160,161,recursive_no_basis,0.006973699986701831,0
0.4,160,161,general,0.878351899998961,0
0.4,161,162,recursive_no_basis,0.009979199996450916,14
0.4,161,162,general,0.9774901000200771,14
0.4,161,162,recursive_basis,0.019262599991634488,14
0.4,162,163,general,0.8955526000063401,5
0.4,162,163,recursive_basis,0.012032500002533197,5
0.4,162,163,recursive_no_basis,0.0064860999991651624,5
0.4,163,164,recursive_basis,0.013785499992081895,2
0.4,163,164,recursive_no_basis,0.0069370999990496784,2
0.4,163,164,general,0.8763660999829881,2
0.4,164,165,recursive_no_basis,0.0061283999821171165,1
0.4,164,165,general,0.7100099000090268,1
0.4,164,165,recursive_basis,0.009526500012725592,1
0.4,165,166,general,0.8379746999999043,2
0.4,165,166,recursive_basis,0.011946699989493936,2
0.4,165,166,recursive_no_basis,0.0067945999908261,2
0.4,166,167,recursive_basis,0.01358780000009574,5
0.4,166,167,recursive_no_basis,0.007730199984507635,5
0.4,166,167,general,0.8986577000177931,5
0.4,167,168,recursive_no_basis,0.0011821999796666205,0
0.4,167,168,general,0.8541430000041146,0
0.4,167,168,recursive_basis,0.0012414000229910016,0
0.4,168,169,general,0.7973149000026751,0
0.4,168,169,recursive_basis,0.006903600005898625,0
0.4,168,169,recursive_no_basis,0.004202999989502132,0
0.4,169,170,recursive_basis,0.004868799995165318,0
0.4,169,170,recursive_no_basis,0.004021899978397414,0
0.4,169,170,general,0.709891400008928,0
0.4,170,171,recursive_no_basis,0.007120499998563901,2
0.4,170,171,general,0.8278388000035193,2
0.4,170,171,recursive_basis,0.010173999995458871,2
0.4,171,172,general,0.8157291999959853,0
0.4,171,172,recursive_basis,0.01241130000562407,0
0.4,171,172,recursive_no_basis,0.008868600009009242,0
0.4,172,173,recursive_basis,0.007800899998983368,0
0.4,172,173,recursive_no_basis,0.005996399995638058,0
0.4,172,173,general,0.9521575999970082,0
0.4,173,174,recursive_no_basis,0.0010081999935209751,0
0.4,173,174,general,0.6207507999788504,0
0.4,173,174,recursive_basis,0.0011242000036872923,0
0.4,174,175,general,0.8804399000073317,0
0.4,174,175,recursive_basis,0.008058200008235872,0
0.4,174,175,recursive_no_basis,0.005073900014394894,0
0.4,175,176,recursive_basis,0.019495999993523583,17
0.4,175,176,recursive_no_basis,0.008441600017249584,17
0.4,175,176,general,0.9956208000076003,17
0.4,176,177,recursive_no_basis,0.008671299990965053,3
0.4,176,177,general,0.7413818000059109,3
0.4,176,177,recursive_basis,0.014340699999593198,3
0.4,177,178,general,0.7257387000136077,0
0.4,177,178,recursive_basis,0.0010470999986864626,0
0.4,177,178,recursive_no_basis,0.0009482000023126602,0
0.4,178,179,recursive_basis,0.010391399991931394,2
0.4,178,179,recursive_no_basis,0.006033199984813109,2
0.4,178,179,general,0.6552066000003833,2
0.4,179,180,recursive_no_basis,0.009088600025279447,9
0.4,179,180,general,0.9025643000204582,9
0.4,179,180,recursive_basis,0.017042199993738905,9
0.4,180,181,general,0.6768020000017714,1
0.4,180,181,recursive_basis,0.004525099997408688,1
0.4,180,181,recursive_no_basis,0.002509000012651086,1
0.4,181,182,recursive_basis,0.010106600006110966,1
0.4,181,182,recursive_no_basis,0.005755299993325025,1
0.4,181,182,general,0.7129948000074364,1
0.4,182,183,recursive_no_basis,0.00806729999021627,2
0.4,182,183,general,0.9089631999959238,2
0.4,182,183,recursive_basis,0.01470339999650605,2
0.4,183,184,general,0.7306506999884732,0
0.4,183,184,recursive_basis,0.011465500021586195,0
0.4,183,184,recursive_no_basis,0.006656100013060495,0
0.4,184,185,recursive_basis,0.007457800005795434,1
0.4,184,185,recursive_no_basis,0.004930600000079721,1
0.4,184,185,general,0.779381900007138,1
0.4,185,186,recursive_no_basis,0.0055640000209677964,3
0.4,185,186,general,0.9186787000217009,3
0.4,185,186,recursive_basis,0.010538200003793463,3
0.4,186,187,general,0.8154282000032254,11
0.4,186,187,recursive_basis,0.013239300023997203,11
0.4,186,187,recursive_no_basis,0.005884700018214062,11
0.4,187,188,recursive_basis,0.011292200011666864,1
0.4,187,188,recursive_no_basis,0.006872599973576143,1
0.4,187,188,general,0.7872113999910653,1
0.4,188,189,recursive_no_basis,0.0039262000063899904,0
0.4,188,189,general,0.7748603000072762,0
0.4,188,189,recursive_basis,0.005181599990464747,0
0.4,189,190,general,0.9068676000169944,12
0.4,189,190,recursive_basis,0.016876500012585893,12
0.4,189,190,recursive_no_basis,0.008184000005712733,12
0.4,190,191,recursive_basis,0.007408999983454123,1
0.4,190,191,recursive_no_basis,0.004940699989674613,1
0.4,190,191,general,0.9107998999825213,1
0.4,191,192,recursive_no_basis,0.008050200005527586,6
0.4,191,192,general,0.8347508999868296,6
0.4,191,192,recursive_basis,0.013851299998350441,6
0.4,192,193,general,0.8994219999876805,4
0.4,192,193,recursive_basis,0.012534999987110496,4
0.4,192,193,recursive_no_basis,0.007074099994497374,4
0.4,193,194,recursive_basis,0.009309399989433587,1
0.4,193,194,recursive_no_basis,0.006006699986755848,1
0.4,193,194,general,0.7375135999755003,1
0.4,194,195,recursive_no_basis,0.0065691999916452914,2
0.4,194,195,general,0.7975807999901008,2
0.4,194,195,recursive_basis,0.00996369999484159,2
0.4,195,196,general,0.7472514999972191,3
0.4,195,196,recursive_basis,0.008976900018751621,3
0.4,195,196,recursive_no_basis,0.005237200006376952,3
0.4,196,197,recursive_basis,0.01119200000539422,2
0.4,196,197,recursive_no_basis,0.005955800006631762,2
0.4,196,197,general,0.8557508000230882,2
0.4,197,198,recursive_no_basis,0.004768800019519404,2
0.4,197,198,general,0.6423377999744844,2
0.4,197,198,recursive_basis,0.008623900008387864,2
0.4,198,199,general,0.9382791999960318,2
0.4,198,199,recursive_basis,0.013475899992045015,2
0.4,198,199,recursive_no_basis,0.006404599989764392,2
0.4,199,200,recursive_basis,0.02221389999613166,15
0.4,199,200,recursive_no_basis,0.009717499982798472,15
0.4,199,200,general,1.0889090000127908,15
0.5,0,1,general,2.8769066000240855,54
0.5,0,1,recursive_basis,0.02740970000741072,54
0.5,0,1,recursive_no_basis,0.011100800009444356,54
0.5,1,2,recursive_basis,0.029684799985261634,70
0.5,1,2,recursive_no_basis,0.01233430000138469,70
0.5,1,2,general,2.8383842000039294,70
0.5,2,3,recursive_no_basis,0.010129100002814084,35
0.5,2,3,general,2.603391599986935,35
0.5,2,3,recursive_basis,0.02376500001992099,35
0.5,3,4,general,2.7728466000116896,36
0.5,3,4,recursive_basis,0.020987299998523667,36
0.5,3,4,recursive_no_basis,0.008878299995558336,36
0.5,4,5,recursive_basis,0.024281199992401525,33
0.5,4,5,recursive_no_basis,0.010158300021430477,33
0.5,4,5,general,2.5927531000052113,33
0.5,5,6,recursive_no_basis,0.013707300007808954,29
0.5,5,6,general,2.443664300022647,29
0.5,5,6,recursive_basis,0.02027750000706874,29
0.5,6,7,general,2.589308299997356,63
0.5,6,7,recursive_basis,0.03142050001770258,63
0.5,6,7,recursive_no_basis,0.011815500009106472,63
0.5,7,8,recursive_basis,0.02449530002195388,28
0.5,7,8,recursive_no_basis,0.010661299980711192,28
0.5,7,8,general,2.32383999999729,28
0.5,8,9,recursive_no_basis,0.011188400007085875,72
0.5,8,9,general,2.558295199996792,72
0.5,8,9,recursive_basis,0.026954500004649162,72
0.5,9,10,general,2.4156494999770075,53
0.5,9,10,recursive_basis,0.029152400005841628,53
0.5,9,10,recursive_no_basis,0.011262299987720326,53
0.5,10,11,recursive_basis,0.024315099988598377,46
0.5,10,11,recursive_no_basis,0.010083599976496771,46
0.5,10,11,general,2.6820395999820903,46
0.5,11,12,recursive_no_basis,0.008753500005695969,40
0.5,11,12,general,2.54470559998299,40
0.5,11,12,recursive_basis,0.025291700003435835,40
0.5,12,13,general,2.4857177000085358,42
0.5,12,13,recursive_basis,0.02529089999734424,42
0.5,12,13,recursive_no_basis,0.010417399986181408,42
0.5,13,14,recursive_basis,0.025047100003575906,74
0.5,13,14,recursive_no_basis,0.009503499983111396,74
0.5,13,14,general,3.087071299989475,74
0.5,14,15,recursive_no_basis,0.010752599977422506,36
0.5,14,15,general,2.4286834000085946,36
0.5,14,15,recursive_basis,0.02378550000139512,36
0.5,15,16,general,2.413373199990019,51
0.5,15,16,recursive_basis,0.0815465000050608,51
0.5,15,16,recursive_no_basis,0.0118335000006482,51
0.5,16,17,recursive_basis,0.022900699987076223,39
0.5,16,17,recursive_no_basis,0.00993420000304468,39
0.5,16,17,general,2.5536234000173863,39
0.5,17,18,recursive_no_basis,0.010940699983621016,46
0.5,17,18,general,2.7528637999785133,46
0.5,17,18,recursive_basis,0.025121200014837086,46
0.5,18,19,general,2.554082400019979,42
0.5,18,19,recursive_basis,0.025686999986646697,42
0.5,18,19,recursive_no_basis,0.010302199982106686,42
0.5,19,20,recursive_basis,0.02671310000005178,28
0.5,19,20,recursive_no_basis,0.010477300005732104,28
0.5,19,20,general,2.054364899988286,28
0.5,20,21,recursive_no_basis,0.013478400011081249,52
0.5,20,21,general,2.6617912000219803,52
0.5,20,21,recursive_basis,0.026066699996590614,52
0.5,21,22,general,2.2972160000063013,28
0.5,21,22,recursive_basis,0.020747500006109476,28
0.5,21,22,recursive_no_basis,0.00935350000509061,28
0.5,22,23,recursive_basis,0.02814009998110123,41
0.5,22,23,recursive_no_basis,0.01221889999578707,41
0.5,22,23,general,2.5668738999811467,41
0.5,23,24,recursive_no_basis,0.009168399992631748,42
0.5,23,24,general,2.2196697000181302,42
0.5,23,24,recursive_basis,0.020492699986789376,42
0.5,24,25,general,2.1510376000078395,43
0.5,24,25,recursive_basis,0.025437000003876165,43
0.5,24,25,recursive_no_basis,0.011066700011724606,43
0.5,25,26,recursive_basis,0.022405299998354167,28
0.5,25,26,recursive_no_basis,0.010346300026867539,28
0.5,25,26,general,2.1370357000268996,28
0.5,26,27,recursive_no_basis,0.00987939999322407,34
0.5,26,27,general,2.3350412999861874,34
0.5,26,27,recursive_basis,0.022212699986994267,34
0.5,27,28,general,2.7897729000251275,48
0.5,27,28,recursive_basis,0.025515400018775836,48
0.5,27,28,recursive_no_basis,0.011063299985835329,48
0.5,28,29,recursive_basis,0.027368600014597178,63
0.5,28,29,recursive_no_basis,0.012516200018581003,63
0.5,28,29,general,2.587597600009758,63
0.5,29,30,recursive_no_basis,0.009490900003584102,24
0.5,29,30,general,2.3596934000088368,24
0.5,29,30,recursive_basis,0.02042220000294037,24
0.5,30,31,general,2.5614129999885336,47
0.5,30,31,recursive_basis,0.02535300000454299,47
0.5,30,31,recursive_no_basis,0.010777899995446205,47
0.5,31,32,recursive_basis,0.02692830000887625,62
0.5,31,32,recursive_no_basis,0.010402800020528957,62
0.5,31,32,general,2.6252362000232097,62
0.5,32,33,recursive_no_basis,0.010173000016948208,31
0.5,32,33,general,2.295338500000071,31
0.5,32,33,recursive_basis,0.021371599985286593,31
0.5,33,34,general,2.5979941000114195,45
0.5,33,34,recursive_basis,0.031572100007906556,45
0.5,33,34,recursive_no_basis,0.011846700013848022,45
0.5,34,35,recursive_basis,0.025679800019133836,36
0.5,34,35,recursive_no_basis,0.011314800009131432,36
0.5,34,35,general,2.456402000010712,36
0.5,35,36,recursive_no_basis,0.01013559999410063,46
0.5,35,36,general,2.7270150000113063,46
0.5,35,36,recursive_basis,0.025812000007135794,46
0.5,36,37,general,2.1966425999999046,8
0.5,36,37,recursive_basis,0.02255130000412464,8
0.5,36,37,recursive_no_basis,0.009393799991812557,8
0.5,37,38,recursive_basis,0.021523900009924546,28
0.5,37,38,recursive_no_basis,0.009902499994495884,28
0.5,37,38,general,2.5303564999776427,28
0.5,38,39,recursive_no_basis,0.01051939997705631,61
0.5,38,39,general,2.5125702999939676,61
0.5,38,39,recursive_basis,0.026566000015009195,61
0.5,39,40,general,2.7714160999748856,35
0.5,39,40,recursive_basis,0.020800800004508346,35
0.5,39,40,recursive_no_basis,0.010092400014400482,35
0.5,40,41,recursive_basis,0.028622399986488745,87
0.5,40,41,recursive_no_basis,0.00896809998084791,87
0.5,40,41,general,3.0822337999998126,87
0.5,41,42,recursive_no_basis,0.011322800011839718,50
0.5,41,42,general,2.5974558999878354,50
0.5,41,42,recursive_basis,0.0286777000001166,50
0.5,42,43,general,2.6718451000051573,45
0.5,42,43,recursive_basis,0.023677999997744337,45
0.5,42,43,recursive_no_basis,0.010813299973960966,45
0.5,43,44,recursive_basis,0.03149870000197552,62
0.5,43,44,recursive_no_basis,0.01311219998751767,62
0.5,43,44,general,2.9706575000018347,62
0.5,44,45,recursive_no_basis,0.010823899996466935,42
0.5,44,45,general,2.7319556000002194,42
0.5,44,45,recursive_basis,0.033263000019360334,42
0.5,45,46,general,2.7082309999968857,32
0.5,45,46,recursive_basis,0.023530400008894503,32
0.5,45,46,recursive_no_basis,0.010388400027295575,32
0.5,46,47,recursive_basis,0.021558100008405745,40
0.5,46,47,recursive_no_basis,0.010015100007876754,40
0.5,46,47,general,2.7841869999829214,40
0.5,47,48,recursive_no_basis,0.0109091000049375,39
0.5,47,48,general,2.33396509999875,39
0.5,47,48,recursive_basis,0.026873900002101436,39
0.5,48,49,general,2.518768200010527,33
0.5,48,49,recursive_basis,0.026882999984081835,33
0.5,48,49,recursive_no_basis,0.011435899999924004,33
0.5,49,50,recursive_basis,0.02485669997986406,43
0.5,49,50,recursive_no_basis,0.011270299990428612,43
0.5,49,50,general,2.544472699984908,43
0.5,50,51,recursive_no_basis,0.010673300013877451,59
0.5,50,51,general,2.919951299991226,59
0.5,50,51,recursive_basis,0.024931299994932488,59
0.5,51,52,general,2.382902799989097,51
0.5,51,52,recursive_basis,0.023661899991566315,51
0.5,51,52,recursive_no_basis,0.010157300013815984,51
0.5,52,53,recursive_basis,0.02535479998914525,62
0.5,52,53,recursive_no_basis,0.010345599992433563,62
0.5,52,53,general,2.6664457000151742,62
0.5,53,54,recursive_no_basis,0.01011919998563826,44
0.5,53,54,general,2.318081700010225,44
0.5,53,54,recursive_basis,0.024285999999847263,44
0.5,54,55,general,2.4136954999994487,56
0.5,54,55,recursive_basis,0.02569710000534542,56
0.5,54,55,recursive_no_basis,0.010144300002139062,56
0.5,55,56,recursive_basis,0.02422140000271611,47
0.5,55,56,recursive_no_basis,0.010176800016779453,47
0.5,55,56,general,2.3592123000125866,47
0.5,56,57,recursive_no_basis,0.009198999992804602,47
0.5,56,57,general,2.4073307999933604,47
0.5,56,57,recursive_basis,0.02347000001464039,47
0.5,57,58,general,2.773730799992336,109
0.5,57,58,recursive_basis,0.033226999978069216,109
0.5,57,58,recursive_no_basis,0.010137400007806718,109
0.5,58,59,recursive_basis,0.022743300010915846,54
0.5,58,59,recursive_no_basis,0.009321100020315498,54
0.5,58,59,general,2.413348300004145,54
0.5,59,60,recursive_no_basis,0.00981560000218451,47
0.5,59,60,general,2.6360539000015706,47
0.5,59,60,recursive_basis,0.023891900025773793,47
0.5,60,61,general,2.4298868000041693,55
0.5,60,61,recursive_basis,0.02743490002467297,55
0.5,60,61,recursive_no_basis,0.010321099980501458,55
0.5,61,62,recursive_basis,0.016080500005045906,19
0.5,61,62,recursive_no_basis,0.008295799983898178,19
0.5,61,62,general,2.0674368000181857,19
0.5,62,63,recursive_no_basis,0.009182000008877367,29
0.5,62,63,general,2.190142499981448,29
0.5,62,63,recursive_basis,0.01999269999214448,29
0.5,63,64,general,1.9344820999831427,10
0.5,63,64,recursive_basis,0.01567849999992177,10
0.5,63,64,recursive_no_basis,0.008959700004197657,10
0.5,64,65,recursive_basis,0.023353800002951175,38
0.5,64,65,recursive_no_basis,0.010440100013511255,38
0.5,64,65,general,2.024658099981025,38
0.5,65,66,recursive_no_basis,0.01066909998189658,26
0.5,65,66,general,2.3679558000003453,26
0.5,65,66,recursive_basis,0.020766500005265698,26
0.5,66,67,general,2.1813548000063747,51
0.5,66,67,recursive_basis,0.020941999973729253,51
0.5,66,67,recursive_no_basis,0.008527099998900667,51
0.5,67,68,recursive_basis,0.02391300001181662,29
0.5,67,68,recursive_no_basis,0.009943399985786527,29
0.5,67,68,general,2.179833800008055,29
0.5,68,69,recursive_no_basis,0.009402499999850988,49
0.5,68,69,general,2.290793799998937,49
0.5,68,69,recursive_basis,0.021302899986039847,49
0.5,69,70,general,2.3983655000047293,38
0.5,69,70,recursive_basis,0.018413799989502877,38
0.5,69,70,recursive_no_basis,0.007579299999633804,38
0.5,70,71,recursive_basis,0.022020300006261095,39
0.5,70,71,recursive_no_basis,0.009633799985749647,39
0.5,70,71,general,2.2219044000084978,39
0.5,71,72,recursive_no_basis,0.009745700022904202,30
0.5,71,72,general,2.241736200026935,30
0.5,71,72,recursive_basis,0.021773100015707314,30
0.5,72,73,general,2.3070619000063743,42
0.5,72,73,recursive_basis,0.022714000020641834,42
0.5,72,73,recursive_no_basis,0.009815900004468858,42
0.5,73,74,recursive_basis,0.022300599986920133,37
0.5,73,74,recursive_no_basis,0.010408000001916662,37
0.5,73,74,general,2.4297384999808855,37
0.5,74,75,recursive_no_basis,0.00983349999296479,37
0.5,74,75,general,2.3692563000076916,37
0.5,74,75,recursive_basis,0.021674899995559826,37
0.5,75,76,general,2.504858600004809,54
0.5,75,76,recursive_basis,0.023467699997127056,54
0.5,75,76,recursive_no_basis,0.009867800021311268,54
0.5,76,77,recursive_basis,0.017015700024785474,19
0.5,76,77,recursive_no_basis,0.008283200004370883,19
0.5,76,77,general,2.3054700999928173,19
0.5,77,78,recursive_no_basis,0.008266899996669963,36
0.5,77,78,general,2.364264500007266,36
0.5,77,78,recursive_basis,0.018953100021462888,36
0.5,78,79,general,2.2923815999820363,30
0.5,78,79,recursive_basis,0.021910900017246604,30
0.5,78,79,recursive_no_basis,0.009887099993648008,30
0.5,79,80,recursive_basis,0.021017499995650724,30
0.5,79,80,recursive_no_basis,0.008835599990561604,30
0.5,79,80,general,2.190044000017224,30
0.5,80,81,recursive_no_basis,0.009789099975023419,53
0.5,80,81,general,2.1586666999792214,53
0.5,80,81,recursive_basis,0.025364700006321073,53
0.5,81,82,general,2.202044300007401,39
0.5,81,82,recursive_basis,0.020932700019329786,39
0.5,81,82,recursive_no_basis,0.009673699998529628,39
0.5,82,83,recursive_basis,0.02365210000425577,42
0.5,82,83,recursive_no_basis,0.010213300003670156,42
0.5,82,83,general,2.4092814000032376,42
0.5,83,84,recursive_no_basis,0.010466400010045618,68
0.5,83,84,general,2.663132099987706,68
0.5,83,84,recursive_basis,0.027092100004665554,68
0.5,84,85,general,2.3020123000023887,39
0.5,84,85,recursive_basis,0.021707499981857836,39
0.5,84,85,recursive_no_basis,0.009395700006280094,39
0.5,85,86,recursive_basis,0.020760800020070747,32
0.5,85,86,recursive_no_basis,0.010786500002723187,32
0.5,85,86,general,2.1782557999831624,32
0.5,86,87,recursive_no_basis,0.01028380001662299,46
0.5,86,87,general,2.220463799982099,46
0.5,86,87,recursive_basis,0.023128700006054714,46
0.5,87,88,general,2.0762962000153493,17
0.5,87,88,recursive_basis,0.01825309998821467,17
0.5,87,88,recursive_no_basis,0.008713499992154539,17
0.5,88,89,recursive_basis,0.023655900004087016,62
0.5,88,89,recursive_no_basis,0.0096837000164669,62
0.5,88,89,general,2.603455499978736,62
0.5,89,90,recursive_no_basis,0.008556800021324307,19
0.5,89,90,general,1.9804864000179805,19
0.5,89,90,recursive_basis,0.018410999997286126,19
0.5,90,91,general,2.4872412999975495,45
0.5,90,91,recursive_basis,0.025179000018397346,45
0.5,90,91,recursive_no_basis,0.009765700000571087,45
0.5,91,92,recursive_basis,0.022079400019720197,37
0.5,91,92,recursive_no_basis,0.010014500003308058,37
0.5,91,92,general,2.1785308999824338,37
0.5,92,93,recursive_no_basis,0.010771700006444007,75
0.5,92,93,general,2.5753552000096533,75
0.5,92,93,recursive_basis,0.031231400003889576,75
0.5,93,94,general,2.3609341999981552,37
0.5,93,94,recursive_basis,0.024105999997118488,37
0.5,93,94,recursive_no_basis,0.010517299990169704,37
0.5,94,95,recursive_basis,0.019928800000343472,18
0.5,94,95,recursive_no_basis,0.009712599974591285,18
0.5,94,95,general,2.2032854999997653,18
0.5,95,96,recursive_no_basis,0.0077160999935586005,51
0.5,95,96,general,2.0566143000032753,51
0.5,95,96,recursive_basis,0.024075699999229982,51
0.5,96,97,general,2.544925099995453,61
0.5,96,97,recursive_basis,0.02368959999876097,61
0.5,96,97,recursive_no_basis,0.009992900013457984,61
0.5,97,98,recursive_basis,0.02778129998478107,77
0.5,97,98,recursive_no_basis,0.010603200003970414,77
0.5,97,98,general,2.8406489999906626,77
0.5,98,99,recursive_no_basis,0.009604599996237084,44
0.5,98,99,general,2.3549239999847487,44
0.5,98,99,recursive_basis,0.021656199998687953,44
0.5,99,100,general,2.4039513999887276,38
0.5,99,100,recursive_basis,0.02255589998094365,38
0.5,99,100,recursive_no_basis,0.009730100020533428,38
0.5,100,101,recursive_basis,0.024610099993878976,41
0.5,100,101,recursive_no_basis,0.010252400010358542,41
0.5,100,101,general,2.2806247000116855,41
0.5,101,102,recursive_no_basis,0.010650200012605637,34
0.5,101,102,general,2.2423227000108454,34
0.5,101,102,recursive_basis,0.02256650000344962,34
0.5,102,103,general,2.2837016000121366,35
0.5,102,103,recursive_basis,0.01865330000873655,35
0.5,102,103,recursive_no_basis,0.008708999986993149,35
0.5,103,104,recursive_basis,0.028212399978656322,108
0.5,103,104,recursive_no_basis,0.009698999987449497,108
0.5,103,104,general,2.854564399982337,108
0.5,104,105,recursive_no_basis,0.010023600014392287,47
0.5,104,105,general,2.504136400006246,47
0.5,104,105,recursive_basis,0.02304479997837916,47
0.5,105,106,general,2.4980003999953624,64
0.5,105,106,recursive_basis,0.02767049998510629,64
0.5,105,106,recursive_no_basis,0.010637800005497411,64
0.5,106,107,recursive_basis,0.01798500001314096,10
0.5,106,107,recursive_no_basis,0.009034600021550432,10
0.5,106,107,general,2.0390365999774076,10
0.5,107,108,recursive_no_basis,0.010019700013799593,26
0.5,107,108,general,2.2372076000028756,26
0.5,107,108,recursive_basis,0.020810400019399822,26
0.5,108,109,general,2.090524400002323,38
0.5,108,109,recursive_basis,0.020325699995737523,38
0.5,108,109,recursive_no_basis,0.009678700007498264,38
0.5,109,110,recursive_basis,0.019174700020812452,21
0.5,109,110,recursive_no_basis,0.009163400012766942,21
0.5,109,110,general,2.1133207000093535,21
0.5,110,111,recursive_no_basis,0.009315900009823963,39
0.5,110,111,general,2.719466599985026,39
0.5,110,111,recursive_basis,0.020014099980471656,39
0.5,111,112,general,2.521753199980594,52
0.5,111,112,recursive_basis,0.02448660001391545,52
0.5,111,112,recursive_no_basis,0.009931299980962649,52
0.5,112,113,recursive_basis,0.020053799991728738,38
0.5,112,113,recursive_no_basis,0.008651599986478686,38
0.5,112,113,general,2.3776609000051394,38
0.5,113,114,recursive_no_basis,0.00995179999154061,52
0.5,113,114,general,2.2075595000060275,52
0.5,113,114,recursive_basis,0.025307000003522262,52
0.5,114,115,general,2.9832188000145834,78
0.5,114,115,recursive_basis,0.024386399978538975,78
0.5,114,115,recursive_no_basis,0.010174900002311915,78
0.5,115,116,recursive_basis,0.02844539997749962,74
0.5,115,116,recursive_no_basis,0.010702700004912913,74
0.5,115,116,general,2.7388890000001993,74
0.5,116,117,recursive_no_basis,0.009222499997122213,38
0.5,116,117,general,2.290696200012462,38
0.5,116,117,recursive_basis,0.020823500002734363,38
0.5,117,118,general,2.5794118999911007,52
0.5,117,118,recursive_basis,0.022098399989772588,52
0.5,117,118,recursive_no_basis,0.009276999975554645,52
0.5,118,119,recursive_basis,0.024047099985182285,62
0.5,118,119,recursive_no_basis,0.009904800012009218,62
0.5,118,119,general,2.6243764999962877,62
0.5,119,120,recursive_no_basis,0.008288399985758588,28
0.5,119,120,general,2.4141233999980614,28
0.5,119,120,recursive_basis,0.017906100023537874,28
0.5,120,121,general,2.256710799993016,27
0.5,120,121,recursive_basis,0.02028630001586862,27
0.5,120,121,recursive_no_basis,0.009212399978423491,27
0.5,121,122,recursive_basis,0.021784800017485395,30
0.5,121,122,recursive_no_basis,0.00951340000028722,30
0.5,121,122,general,2.125829299999168,30
0.5,122,123,recursive_no_basis,0.010028099990449846,41
0.5,122,123,general,2.143490800022846,41
0.5,122,123,recursive_basis,0.02320019999751821,41
0.5,123,124,general,2.1064023000071757,54
0.5,123,124,recursive_basis,0.024273799994261935,54
0.5,123,124,recursive_no_basis,0.009834600001340732,54
0.5,124,125,recursive_basis,0.022118299995781854,34
0.5,124,125,recursive_no_basis,0.0100498000101652,34
0.5,124,125,general,2.3510902000125498,34
0.5,125,126,recursive_no_basis,0.008997299999464303,18
0.5,125,126,general,2.073625599994557,18
0.5,125,126,recursive_basis,0.017009800008963794,18
0.5,126,127,general,2.431150299991714,37
0.5,126,127,recursive_basis,0.02325399999972433,37
0.5,126,127,recursive_no_basis,0.01014299999224022,37
0.5,127,128,recursive_basis,0.0206696999957785,53
0.5,127,128,recursive_no_basis,0.008995600015623495,53
0.5,127,128,general,2.625532900012331,53
0.5,128,129,recursive_no_basis,0.009315499977674335,47
0.5,128,129,general,2.1141385000082664,47
0.5,128,129,recursive_basis,0.02239009999902919,47
0.5,129,130,general,2.5991391999996267,98
0.5,129,130,recursive_basis,0.028221100015798584,98
0.5,129,130,recursive_no_basis,0.009748299984494224,98
0.5,130,131,recursive_basis,0.021425800019642338,34
0.5,130,131,recursive_no_basis,0.010111000010510907,34
0.5,130,131,general,2.395622899988666,34
0.5,131,132,recursive_no_basis,0.010312900005374104,38
0.5,131,132,general,2.024617200018838,38
0.5,131,132,recursive_basis,0.023821700015105307,38
0.5,132,133,general,2.3032366999832448,56
0.5,132,133,recursive_basis,0.027220399992074817,56
0.5,132,133,recursive_no_basis,0.010566300014033914,56
0.5,133,134,recursive_basis,0.02020749999792315,25
0.5,133,134,recursive_no_basis,0.009844299987889826,25
0.5,133,134,general,2.2384934999863617,25
0.5,134,135,recursive_no_basis,0.00971769998432137,23
0.5,134,135,general,2.152610100019956,23
0.5,134,135,recursive_basis,0.020746499998494983,23
0.5,135,136,general,2.6904459000215866,61
0.5,135,136,recursive_basis,0.02609529998153448,61
0.5,135,136,recursive_no_basis,0.01055040000937879,61
0.5,136,137,recursive_basis,0.028232299984665588,51
0.5,136,137,recursive_no_basis,0.011267199995927513,51
0.5,136,137,general,2.414109599980293,51
0.5,137,138,recursive_no_basis,0.009718999994220212,37
0.5,137,138,general,2.056007300008787,37
0.5,137,138,recursive_basis,0.021604200010187924,37
0.5,138,139,general,2.116137900011381,16
0.5,138,139,recursive_basis,0.019463099975837395,16
0.5,138,139,recursive_no_basis,0.009426499978872016,16
0.5,139,140,recursive_basis,0.023775000008754432,47
0.5,139,140,recursive_no_basis,0.009987299999920651,47
0.5,139,140,general,2.159239600005094,47
0.5,140,141,recursive_no_basis,0.010071700002299622,58
0.5,140,141,general,2.6116712000221014,58
0.5,140,141,recursive_basis,0.02477389998966828,58
0.5,141,142,general,2.037972099991748,13
0.5,141,142,recursive_basis,0.014957599982153624,13
0.5,141,142,recursive_no_basis,0.00795630001812242,13
0.5,142,143,recursive_basis,0.016628399986075237,28
0.5,142,143,recursive_no_basis,0.006902199995238334,28
0.5,142,143,general,2.2041270000045188,28
0.5,143,144,recursive_no_basis,0.009862200007773936,23
0.5,143,144,general,2.2825634000182617,23
0.5,143,144,recursive_basis,0.019622000021627173,23
0.5,144,145,general,2.025923600012902,26
0.5,144,145,recursive_basis,0.021088300010887906,26
0.5,144,145,recursive_no_basis,0.010012799990363419,26
0.5,145,146,recursive_basis,0.01892319999751635,33
0.5,145,146,recursive_no_basis,0.009093700005905703,33
0.5,145,146,general,2.3495041000132915,33
0.5,146,147,recursive_no_basis,0.009359099989524111,40
0.5,146,147,general,2.4285833000030834,40
0.5,146,147,recursive_basis,0.020476700010476634,40
0.5,147,148,general,2.5254787000012584,42
0.5,147,148,recursive_basis,0.023081099992850795,42
0.5,147,148,recursive_no_basis,0.009990699996706098,42
0.5,148,149,recursive_basis,0.020271899993531406,25
0.5,148,149,recursive_no_basis,0.009278799989260733,25
0.5,148,149,general,2.3287659999914467,25
0.5,149,150,recursive_no_basis,0.009645600017393008,44
0.5,149,150,general,2.379209200007608,44
0.5,149,150,recursive_basis,0.02200629998696968,44
0.5,150,151,general,2.5678117999923415,51
0.5,150,151,recursive_basis,0.022835400013718754,51
0.5,150,151,recursive_no_basis,0.00965999998152256,51
0.5,151,152,recursive_basis,0.02034519999870099,53
0.5,151,152,recursive_no_basis,0.00881840000511147,53
0.5,151,152,general,2.5277050999866333,53
0.5,152,153,recursive_no_basis,0.009978099988074973,29
0.5,152,153,general,2.1924032000242732,29
0.5,152,153,recursive_basis,0.020320900017395616,29
0.5,153,154,general,2.610508599987952,39
0.5,153,154,recursive_basis,0.02805880000232719,39
0.5,153,154,recursive_no_basis,0.011255200020968914,39
0.5,154,155,recursive_basis,0.024122400005580857,64
0.5,154,155,recursive_no_basis,0.010672599979443476,64
0.5,154,155,general,2.5948954000195954,64
0.5,155,156,recursive_no_basis,0.009383199998410419,24
0.5,155,156,general,2.2156231999979354,24
0.5,155,156,recursive_basis,0.021176999987801537,24
0.5,156,157,general,2.621217100007925,36
0.5,156,157,recursive_basis,0.02219899999909103,36
0.5,156,157,recursive_no_basis,0.010533900000154972,36
0.5,157,158,recursive_basis,0.027722800004994497,39
0.5,157,158,recursive_no_basis,0.011803000001236796,39
0.5,157,158,general,2.3435153999889735,39
0.5,158,159,recursive_no_basis,0.009509700001217425,55
0.5,158,159,general,2.6877716000017244,55
0.5,158,159,recursive_basis,0.02474870000150986,55
0.5,159,160,general,1.9931696000276133,42
0.5,159,160,recursive_basis,0.023542200011434034,42
0.5,159,160,recursive_no_basis,0.010209000000031665,42
0.5,160,161,recursive_basis,0.01950669998768717,29
0.5,160,161,recursive_no_basis,0.009132800012594089,29
0.5,160,161,general,2.617827699985355,29
0.5,161,162,recursive_no_basis,0.01073129998985678,49
0.5,161,162,general,3.019138700008625,49
0.5,161,162,recursive_basis,0.026687099976697937,49
0.5,162,163,general,2.8378449000010733,34
0.5,162,163,recursive_basis,0.02379589999327436,34
0.5,162,163,recursive_no_basis,0.011059799988288432,34
0.5,163,164,recursive_basis,0.0240922000084538,29
0.5,163,164,recursive_no_basis,0.011102300020866096,29
0.5,163,164,general,2.2753005000122357,29
0.5,164,165,recursive_no_basis,0.010824099997989833,27
0.5,164,165,general,2.260954600002151,27
0.5,164,165,recursive_basis,0.025031199998920783,27
0.5,165,166,general,2.3039797999954317,26
0.5,165,166,recursive_basis,0.021820800000568852,26
0.5,165,166,recursive_no_basis,0.009751800011144951,26
0.5,166,167,recursive_basis,0.02464619997772388,48
0.5,166,167,recursive_no_basis,0.010821000003488734,48
0.5,166,167,general,2.7262527999992017,48
0.5,167,168,recursive_no_basis,0.010390000010374933,10
0.5,167,168,general,2.120490500004962,10
0.5,167,168,recursive_basis,0.019865699985530227,10
0.5,168,169,general,2.6067752999952063,42
0.5,168,169,recursive_basis,0.022471000003861263,42
0.5,168,169,recursive_no_basis,0.009871299989754334,42
0.5,169,170,recursive_basis,0.016501400008564815,19
0.5,169,170,recursive_no_basis,0.008380700019188225,19
0.5,169,170,general,2.170297300006496,19
0.5,170,171,recursive_no_basis,0.011141099996166304,28
0.5,170,171,general,2.3782206999894697,28
0.5,170,171,recursive_basis,0.020284300000639632,28
0.5,171,172,general,2.448888899991289,52
0.5,171,172,recursive_basis,0.022242599981836975,52
0.5,171,172,recursive_no_basis,0.009532800002489239,52
0.5,172,173,recursive_basis,0.02236339999944903,49
0.5,172,173,recursive_no_basis,0.009361699980217963,49
0.5,172,173,general,2.62792879997869,49
0.5,173,174,recursive_no_basis,0.00930010000593029,19
0.5,173,174,general,1.9441056000068784,19
0.5,173,174,recursive_basis,0.02039419999346137,19
0.5,174,175,general,2.599470899993321,53
0.5,174,175,recursive_basis,0.021202400006586686,53
0.5,174,175,recursive_no_basis,0.009261900006094947,53
0.5,175,176,recursive_basis,0.026921799988485873,77
0.5,175,176,recursive_no_basis,0.009981100010918453,77
0.5,175,176,general,2.6736785999964923,77
0.5,176,177,recursive_no_basis,0.00978009999380447,42
0.5,176,177,general,2.1073040000046603,42
0.5,176,177,recursive_basis,0.023873600002843887,42
0.5,177,178,general,2.4646554999926593,39
0.5,177,178,recursive_basis,0.02313680000952445,39
0.5,177,178,recursive_no_basis,0.009080600022571161,39
0.5,178,179,recursive_basis,0.02275730000110343,32
0.5,178,179,recursive_no_basis,0.009952499996870756,32
0.5,178,179,general,2.363650899991626,32
0.5,179,180,recursive_no_basis,0.010642100009135902,45
0.5,179,180,general,2.5490161000052467,45
0.5,179,180,recursive_basis,0.02170399998431094,45
0.5,180,181,general,2.1889710999967065,42
0.5,180,181,recursive_basis,0.021749100007582456,42
0.5,180,181,recursive_no_basis,0.00966010001138784,42
0.5,181,182,recursive_basis,0.026838799996767193,49
0.5,181,182,recursive_no_basis,0.010341199988033623,49
0.5,181,182,general,2.1261415000190027,49
0.5,182,183,recursive_no_basis,0.010573400009889156,59
0.5,182,183,general,2.6767763999814633,59
0.5,182,183,recursive_basis,0.02752820000750944,59
0.5,183,184,general,1.9048609999881592,22
0.5,183,184,recursive_basis,0.01813499999116175,22
0.5,183,184,recursive_no_basis,0.008797599992249161,22
0.5,184,185,recursive_basis,0.01527689999784343,19
0.5,184,185,recursive_no_basis,0.008066900016274303,19
0.5,184,185,general,2.160708000010345,19
0.5,185,186,recursive_no_basis,0.009792600001674145,53
0.5,185,186,general,2.7927566000143997,53
0.5,185,186,recursive_basis,0.024168600008124486,53
0.5,186,187,general,2.474299699999392,53
0.5,186,187,recursive_basis,0.024225100001785904,53
0.5,186,187,recursive_no_basis,0.009892099973512813,53
0.5,187,188,recursive_basis,0.02429400000255555,44
0.5,187,188,recursive_no_basis,0.010135899996384978,44
0.5,187,188,general,2.6980315999826416,44
0.5,188,189,recursive_no_basis,0.009966399986296892,18
0.5,188,189,general,2.2347417999990284,18
0.5,188,189,recursive_basis,0.019358299992745742,18
0.5,189,190,general,2.54688520001946,54
0.5,189,190,recursive_basis,0.024189099989598617,54
0.5,189,190,recursive_no_basis,0.010345300019253045,54
0.5,190,191,recursive_basis,0.019554999977117404,25
0.5,190,191,recursive_no_basis,0.009123399999225512,25
0.5,190,191,general,2.20784280000953,25
0.5,191,192,recursive_no_basis,0.009139200003119186,57
0.5,191,192,general,2.2920569000125397,57
0.5,191,192,recursive_basis,0.022250200010603294,57
0.5,192,193,general,2.310015700000804,50
0.5,192,193,recursive_basis,0.02120770001783967,50
0.5,192,193,recursive_no_basis,0.008373799995752051,50
0.5,193,194,recursive_basis,0.019242700014729053,20
0.5,193,194,recursive_no_basis,0.009372899978188798,20
0.5,193,194,general,2.0455435999901965,20
0.5,194,195,recursive_no_basis,0.00840960000641644,45
0.5,194,195,general,2.4582421999948565,45
0.5,194,195,recursive_basis,0.019239500019466504,45
0.5,195,196,general,2.243594400002621,27
0.5,195,196,recursive_basis,0.016812599991681054,27
0.5,195,196,recursive_no_basis,0.0077572000154759735,27
0.5,196,197,recursive_basis,0.025323199981357902,55
0.5,196,197,recursive_no_basis,0.00993270002072677,55
0.5,196,197,general,2.4696999000152573,55
0.5,197,198,recursive_no_basis,0.009645399986766279,35
0.5,197,198,general,2.496808800002327,35
0.5,197,198,recursive_basis,0.020623199990950525,35
0.5,198,199,general,2.888981399999466,63
0.5,198,199,recursive_basis,0.0328970999980811,63
0.5,198,199,recursive_no_basis,0.010777699993923306,63
0.5,199,200,recursive_basis,0.03424410001025535,89
0.5,199,200,recursive_no_basis,0.014491199981421232,89
0.5,199,200,general,3.1418801000108942,89
0.6,0,1,general,6.28187939999043,165
0.6,0,1,recursive_basis,0.038630800001556054,165
0.6,0,1,recursive_no_basis,0.012197300005936995,165
0.6,1,2,recursive_basis,0.04155009999522008,179
0.6,1,2,recursive_no_basis,0.012102400010917336,179
0.6,1,2,general,6.733506699994905,179
0.6,2,3,recursive_no_basis,0.012696699996013194,165
0.6,2,3,general,6.323700200009625,165
0.6,2,3,recursive_basis,0.040697700023883954,165
0.6,3,4,general,5.957858000008855,163
0.6,3,4,recursive_basis,0.036350599984871224,163
0.6,3,4,recursive_no_basis,0.01099929999327287,163
0.6,4,5,recursive_basis,0.035471800016239285,158
0.6,4,5,recursive_no_basis,0.011105299985501915,158
0.6,4,5,general,6.101597600005334,158
0.6,5,6,recursive_no_basis,0.01182760001393035,153
0.6,5,6,general,5.99249800000689,153
0.6,5,6,recursive_basis,0.0371824000030756,153
0.6,6,7,general,5.644641499995487,181
0.6,6,7,recursive_basis,0.044505199999548495,181
0.6,6,7,recursive_no_basis,0.013006599998334423,181
0.6,7,8,recursive_basis,0.04267309998976998,161
0.6,7,8,recursive_no_basis,0.012182100006612018,161
0.6,7,8,general,5.569911800004775,161
0.6,8,9,recursive_no_basis,0.010512700013350695,201
0.6,8,9,general,6.63266279999516,201
0.6,8,9,recursive_basis,0.03685210002004169,201
0.6,9,10,general,6.402032699988922,216
0.6,9,10,recursive_basis,0.04872539997450076,216
0.6,9,10,recursive_no_basis,0.013163299998268485,216
0.6,10,11,recursive_basis,0.0397880999953486,226
0.6,10,11,recursive_no_basis,0.012100399995688349,226
0.6,10,11,general,6.698226700013038,226
0.6,11,12,recursive_no_basis,0.01091639997321181,154
0.6,11,12,general,6.100136299995938,154
0.6,11,12,recursive_basis,0.03497380000771955,154
0.6,12,13,general,6.690083399997093,203
0.6,12,13,recursive_basis,0.049341099977027625,203
0.6,12,13,recursive_no_basis,0.012371999997412786,203
0.6,13,14,recursive_basis,0.04346139999688603,196
0.6,13,14,recursive_no_basis,0.011736899992683902,196
0.6,13,14,general,6.6557211999897845,196
0.6,14,15,recursive_no_basis,0.011297699995338917,156
0.6,14,15,general,5.849184999999125,156
0.6,14,15,recursive_basis,0.043020700017223135,156
0.6,15,16,general,6.153942000004463,195
0.6,15,16,recursive_basis,0.04346740001346916,195
0.6,15,16,recursive_no_basis,0.011779399996157736,195
0.6,16,17,recursive_basis,0.04043930000625551,200
0.6,16,17,recursive_no_basis,0.011771099991165102,200
0.6,16,17,general,6.516847199993208,200
0.6,17,18,recursive_no_basis,0.01232840001466684,177
0.6,17,18,general,6.261542199994437,177
0.6,17,18,recursive_basis,0.03790049999952316,177
0.6,18,19,general,6.3797537999926135,201
0.6,18,19,recursive_basis,0.04202680001617409,201
0.6,18,19,recursive_no_basis,0.01164389998302795,201
0.6,19,20,recursive_basis,0.03590419999090955,146
0.6,19,20,recursive_no_basis,0.011449200013885275,146
0.6,19,20,general,5.8686033000121824,146
0.6,20,21,recursive_no_basis,0.012314899999182671,191
0.6,20,21,general,6.371394399990095,191
0.6,20,21,recursive_basis,0.04080810002051294,191
0.6,21,22,general,5.696319200011203,136
0.6,21,22,recursive_basis,0.03262369998265058,136
0.6,21,22,recursive_no_basis,0.011126199999125674,136
0.6,22,23,recursive_basis,0.03802360000554472,158
0.6,22,23,recursive_no_basis,0.012508499989053234,158
0.6,22,23,general,5.943897800025297,158
0.6,23,24,recursive_no_basis,0.010111200012033805,158
0.6,23,24,general,5.960539399995469,158
0.6,23,24,recursive_basis,0.031206100014969707,158
0.6,24,25,general,6.637408800015692,189
0.6,24,25,recursive_basis,0.036866199981886894,189
0.6,24,25,recursive_no_basis,0.012049599987221882,189
0.6,25,26,recursive_basis,0.033656799991149455,111
0.6,25,26,recursive_no_basis,0.01141859998460859,111
0.6,25,26,general,5.262060499982908,111
0.6,26,27,recursive_no_basis,0.011505900009069592,164
0.6,26,27,general,6.111992799997097,164
0.6,26,27,recursive_basis,0.034907299996120855,164
0.6,27,28,general,7.023083900014171,226
0.6,27,28,recursive_basis,0.04575379999005236,226
0.6,27,28,recursive_no_basis,0.013628599990624934,226
0.6,28,29,recursive_basis,0.04712559998733923,201
0.6,28,29,recursive_no_basis,0.012410299998009577,201
0.6,28,29,general,6.467649800004438,201
0.6,29,30,recursive_no_basis,0.012230200023623183,183
0.6,29,30,general,6.276723899994977,183
0.6,29,30,recursive_basis,0.04475959998671897,183
0.6,30,31,general,7.1319061999965925,220
0.6,30,31,recursive_basis,0.0460153000021819,220
0.6,30,31,recursive_no_basis,0.013137000001734123,220
0.6,31,32,recursive_basis,0.03822550000040792,192
0.6,31,32,recursive_no_basis,0.0520195999997668,192
0.6,31,32,general,6.483227899996564,192
0.6,32,33,recursive_no_basis,0.011927100014872849,148
0.6,32,33,general,5.780968999984907,148
0.6,32,33,recursive_basis,0.03707970000687055,148
0.6,33,34,general,5.62828360000276,171
0.6,33,34,recursive_basis,0.0443989000050351,171
0.6,33,34,recursive_no_basis,0.01316400000359863,171
0.6,34,35,recursive_basis,0.036093400005484,160
0.6,34,35,recursive_no_basis,0.012980600004084408,160
0.6,34,35,general,5.939603400009219,160
0.6,35,36,recursive_no_basis,0.011790300020948052,198
0.6,35,36,general,6.145906900026603,198
0.6,35,36,recursive_basis,0.04183179998653941,198
0.6,36,37,general,5.578503400000045,133
0.6,36,37,recursive_basis,0.03622190002351999,133
0.6,36,37,recursive_no_basis,0.010922999994363636,133
0.6,37,38,recursive_basis,0.038255799998296425,152
0.6,37,38,recursive_no_basis,0.01210759999230504,152
0.6,37,38,general,5.877122000005329,152
0.6,38,39,recursive_no_basis,0.011378300026990473,179
0.6,38,39,general,6.278179599990835,179
0.6,38,39,recursive_basis,0.03919329997734167,179
0.6,39,40,general,6.2727904000203125,170
0.6,39,40,recursive_basis,0.033117599989054725,170
0.6,39,40,recursive_no_basis,0.01099350000731647,170
0.6,40,41,recursive_basis,0.04436689999420196,202
0.6,40,41,recursive_no_basis,0.013139699993189424,202
0.6,40,41,general,6.392465699987952,202
0.6,41,42,recursive_no_basis,0.013169200014090165,180
0.6,41,42,general,6.101646600000095,180
0.6,41,42,recursive_basis,0.04800859998795204,180
0.6,42,43,general,6.542413899995154,207
0.6,42,43,recursive_basis,0.041854499984765425,207
0.6,42,43,recursive_no_basis,0.012323800008744001,207
0.6,43,44,recursive_basis,0.04202130000339821,193
0.6,43,44,recursive_no_basis,0.01296710001770407,193
0.6,43,44,general,6.572895100020105,193
0.6,44,45,recursive_no_basis,0.01178760000038892,196
0.6,44,45,general,6.554175800003577,196
0.6,44,45,recursive_basis,0.04376519998186268,196
0.6,45,46,general,6.263088500010781,170
0.6,45,46,recursive_basis,0.03658819998963736,170
0.6,45,46,recursive_no_basis,0.011986600002273917,170
0.6,46,47,recursive_basis,0.037435000005643815,190
0.6,46,47,recursive_no_basis,0.011760399997001514,190
0.6,46,47,general,6.450061799987452,190
0.6,47,48,recursive_no_basis,0.012342500005615875,204
0.6,47,48,general,5.9630608999868855,204
0.6,47,48,recursive_basis,0.04125710000516847,204
0.6,48,49,general,6.160432300006505,163
0.6,48,49,recursive_basis,0.04497439999249764,163
0.6,48,49,recursive_no_basis,0.013361799996346235,163
0.6,49,50,recursive_basis,0.031123300024773926,162
0.6,49,50,recursive_no_basis,0.010520100011490285,162
0.6,49,50,general,6.185295800009044,162
0.6,50,51,recursive_no_basis,0.01408719999017194,218
0.6,50,51,general,7.026954100001603,218
0.6,50,51,recursive_basis,0.046858099987730384,218
0.6,51,52,general,5.90185549997841,146
0.6,51,52,recursive_basis,0.03437889998895116,146
0.6,51,52,recursive_no_basis,0.011440000002039596,146
0.6,52,53,recursive_basis,0.039002399978926405,170
0.6,52,53,recursive_no_basis,0.01228540000738576,170
0.6,52,53,general,6.0267937000025995,170
0.6,53,54,recursive_no_basis,0.012299900001380593,158
0.6,53,54,general,5.53409170001396,158
0.6,53,54,recursive_basis,0.036993199988501146,158
0.6,54,55,general,7.175544600002468,250
0.6,54,55,recursive_basis,0.05483519998961128,250
0.6,54,55,recursive_no_basis,0.01396420001401566,250
0.6,55,56,recursive_basis,0.050116200000047684,227
0.6,55,56,recursive_no_basis,0.014245200000004843,227
0.6,55,56,general,6.396527600008994,227
0.6,56,57,recursive_no_basis,0.010893500002566725,190
0.6,56,57,general,6.524602099991171,190
0.6,56,57,recursive_basis,0.03828300000168383,190
0.6,57,58,general,7.0814478999818675,255
0.6,57,58,recursive_basis,0.0451595000049565,255
0.6,57,58,recursive_no_basis,0.011627799976849928,255
0.6,58,59,recursive_basis,0.03493669998715632,216
0.6,58,59,recursive_no_basis,0.01071500001125969,216
0.6,58,59,general,7.092679999972461,216
0.6,59,60,recursive_no_basis,0.01321000000461936,155
0.6,59,60,general,6.057231099985074,155
0.6,59,60,recursive_basis,0.04053680002107285,155
0.6,60,61,general,6.6586913999926765,205
0.6,60,61,recursive_basis,0.04525669998838566,205
0.6,60,61,recursive_no_basis,0.012274000007892027,205
0.6,61,62,recursive_basis,0.041355299996212125,158
0.6,61,62,recursive_no_basis,0.012487500003771856,158
0.6,61,62,general,5.447577999992063,158
0.6,62,63,recursive_no_basis,0.011757600004784763,188
0.6,62,63,general,6.33309040000313,188
0.6,62,63,recursive_basis,0.043111099977977574,188
0.6,63,64,general,6.040809199999785,154
0.6,63,64,recursive_basis,0.0431772000156343,154
0.6,63,64,recursive_no_basis,0.013625499996123835,154
0.6,64,65,recursive_basis,0.03473600000143051,153
0.6,64,65,recursive_no_basis,0.011765100003685802,153
0.6,64,65,general,5.8768399999826215,153
0.6,65,66,recursive_no_basis,0.013345900020794943,170
0.6,65,66,general,6.430360300000757,170
0.6,65,66,recursive_basis,0.04888670000946149,170
0.6,66,67,general,5.496452699997462,163
0.6,66,67,recursive_basis,0.03839559998596087,163
0.6,66,67,recursive_no_basis,0.011442199989687651,163
0.6,67,68,recursive_basis,0.047963199991500005,179
0.6,67,68,recursive_no_basis,0.012813899986213073,179
0.6,67,68,general,6.147203200001968,179
0.6,68,69,recursive_no_basis,0.010735600022599101,147
0.6,68,69,general,6.000581600004807,147
0.6,68,69,recursive_basis,0.03432130001601763,147
0.6,69,70,general,6.530411700019613,187
0.6,69,70,recursive_basis,0.044331899989629164,187
0.6,69,70,recursive_no_basis,0.011551200004760176,187
0.6,70,71,recursive_basis,0.03704160000779666,156
0.6,70,71,recursive_no_basis,0.012084999994840473,156
0.6,70,71,general,5.967608799983282,156
0.6,71,72,recursive_no_basis,0.012477400014176965,165
0.6,71,72,general,6.01630680001108,165
0.6,71,72,recursive_basis,0.04479000001447275,165
0.6,72,73,general,5.821670000004815,135
0.6,72,73,recursive_basis,0.03677380000590347,135
0.6,72,73,recursive_no_basis,0.011690999992424622,135
0.6,73,74,recursive_basis,0.03713360000983812,184
0.6,73,74,recursive_no_basis,0.011782799992943183,184
0.6,73,74,general,6.439028699998744,184
0.6,74,75,recursive_no_basis,0.011716100008925423,167
0.6,74,75,general,6.0808862000121735,167
0.6,74,75,recursive_basis,0.03554830001667142,167
0.6,75,76,general,6.913550500001293,202
0.6,75,76,recursive_basis,0.03296309997676872,202
0.6,75,76,recursive_no_basis,0.010219599993433803,202
0.6,76,77,recursive_basis,0.03932030001305975,184
0.6,76,77,recursive_no_basis,0.012609299999894574,184
0.6,76,77,general,6.416783299995586,184
0.6,77,78,recursive_no_basis,0.012806200014892966,249
0.6,77,78,general,7.201092300005257,249
0.6,77,78,recursive_basis,0.05756000001565553,249
0.6,78,79,general,6.321263599995291,168
0.6,78,79,recursive_basis,0.04473859997233376,168
0.6,78,79,recursive_no_basis,0.013152700004866347,168
0.6,79,80,recursive_basis,0.04132969997590408,136
0.6,79,80,recursive_no_basis,0.012783700018189847,136
0.6,79,80,general,5.473157500004163,136
0.6,80,81,recursive_no_basis,0.012661000015214086,192
0.6,80,81,general,5.881216699985089,192
0.6,80,81,recursive_basis,0.044379099999787286,192
0.6,81,82,general,5.971920799987856,190
0.6,81,82,recursive_basis,0.03885040001478046,190
0.6,81,82,recursive_no_basis,0.01199220001581125,190
0.6,82,83,recursive_basis,0.040106200001901016,160
0.6,82,83,recursive_no_basis,0.01217589998850599,160
0.6,82,83,general,5.992807899980107,160
0.6,83,84,recursive_no_basis,0.012375299993436784,196
0.6,83,84,general,6.681702300003963,196
0.6,83,84,recursive_basis,0.049902699975064024,196
0.6,84,85,general,6.107627999997931,170
0.6,84,85,recursive_basis,0.039855899987742305,170
0.6,84,85,recursive_no_basis,0.012569499987876043,170
0.6,85,86,recursive_basis,0.03713969999807887,171
0.6,85,86,recursive_no_basis,0.011652300017885864,171
0.6,85,86,general,6.187883899983717,171
0.6,86,87,recursive_no_basis,0.011868900008266792,172
0.6,86,87,general,6.1447739000141155,172
0.6,86,87,recursive_basis,0.03853349998826161,172
0.6,87,88,general,6.189044200000353,162
0.6,87,88,recursive_basis,0.03762940000160597,162
0.6,87,88,recursive_no_basis,0.011433200008468702,162
0.6,88,89,recursive_basis,0.03674179999507032,206
0.6,88,89,recursive_no_basis,0.011731200007488951,206
0.6,88,89,general,6.844934799999464,206
0.6,89,90,recursive_no_basis,0.014875699998810887,165
0.6,89,90,general,5.871683499979554,165
0.6,89,90,recursive_basis,0.05113929999060929,165
0.6,90,91,general,6.392577299993718,189
0.6,90,91,recursive_basis,0.04090729999006726,189
0.6,90,91,recursive_no_basis,0.012065899994922802,189
0.6,91,92,recursive_basis,0.0356624000123702,182
0.6,91,92,recursive_no_basis,0.01171359998988919,182
0.6,91,92,general,6.013230699987616,182
0.6,92,93,recursive_no_basis,0.011518799990881234,195
0.6,92,93,general,6.495427799993195,195
0.6,92,93,recursive_basis,0.04217929998412728,195
0.6,93,94,general,6.176103099976899,166
0.6,93,94,recursive_basis,0.03888869998627342,166
0.6,93,94,recursive_no_basis,0.012749699992127717,166
0.6,94,95,recursive_basis,0.035928199999034405,165
0.6,94,95,recursive_no_basis,0.01299209997523576,165
0.6,94,95,general,6.057749199972022,165
0.6,95,96,recursive_no_basis,0.012226699996972457,215
0.6,95,96,general,6.275232299987692,215
0.6,95,96,recursive_basis,0.05627709999680519,215
0.6,96,97,general,6.1234921000141185,165
0.6,96,97,recursive_basis,0.0370458000106737,165
0.6,96,97,recursive_no_basis,0.012024900002870709,165
0.6,97,98,recursive_basis,0.04066450000391342,253
0.6,97,98,recursive_no_basis,0.011416299996199086,253
0.6,97,98,general,7.422674500005087,253
0.6,98,99,recursive_no_basis,0.011478400003397837,191
0.6,98,99,general,6.4378785000008065,191
0.6,98,99,recursive_basis,0.0415043999964837,191
0.6,99,100,general,6.245839699986391,170
0.6,99,100,recursive_basis,0.039783499989425763,170
0.6,99,100,recursive_no_basis,0.01151209999807179,170
0.6,100,101,recursive_basis,0.04820230000768788,191
0.6,100,101,recursive_no_basis,0.013355000002775341,191
0.6,100,101,general,6.386681799980579,191
0.6,101,102,recursive_no_basis,0.012576600012835115,155
0.6,101,102,general,5.780357800016645,155
0.6,101,102,recursive_basis,0.038362299994332716,155
0.6,102,103,general,6.074210999999195,169
0.6,102,103,recursive_basis,0.041701799986185506,169
0.6,102,103,recursive_no_basis,0.012519000010797754,169
0.6,103,104,recursive_basis,0.045370599982561544,236
0.6,103,104,recursive_no_basis,0.012805000005755574,236
0.6,103,104,general,6.702579000004334,236
0.6,104,105,recursive_no_basis,0.01255359998322092,173
0.6,104,105,general,6.211789399996633,173
0.6,104,105,recursive_basis,0.041466599999694154,173
0.6,105,106,general,6.45023940000101,209
0.6,105,106,recursive_basis,0.04439789999742061,209
0.6,105,106,recursive_no_basis,0.01289010001346469,209
0.6,106,107,recursive_basis,0.03878669999539852,152
0.6,106,107,recursive_no_basis,0.012797800009138882,152
0.6,106,107,general,5.974780900025507,152
0.6,107,108,recursive_no_basis,0.011817799997515976,146
0.6,107,108,general,5.778199000022141,146
0.6,107,108,recursive_basis,0.037358100002165884,146
0.6,108,109,general,5.932932700001402,161
0.6,108,109,recursive_basis,0.04098750001867302,161
0.6,108,109,recursive_no_basis,0.012014499981887639,161
0.6,109,110,recursive_basis,0.03968759998679161,171
0.6,109,110,recursive_no_basis,0.012440500024240464,171
0.6,109,110,general,6.033894400025019,171
0.6,110,111,recursive_no_basis,0.012324799987254664,170
0.6,110,111,general,6.287257999996655,170
0.6,110,111,recursive_basis,0.037356199987698346,170
0.6,111,112,general,6.613843700004509,190
0.6,111,112,recursive_basis,0.040362700005061924,190
0.6,111,112,recursive_no_basis,0.011983600008534268,190
0.6,112,113,recursive_basis,0.0421652999939397,182
0.6,112,113,recursive_no_basis,0.011302500002784654,182
0.6,112,113,general,6.2643540000135545,182
0.6,113,114,recursive_no_basis,0.012281700008315966,191
0.6,113,114,general,6.296996099990793,191
0.6,113,114,recursive_basis,0.04358449997380376,191
0.6,114,115,general,6.713882100011688,213
0.6,114,115,recursive_basis,0.039054299995768815,213
0.6,114,115,recursive_no_basis,0.012190700013889,213
0.6,115,116,recursive_basis,0.05395559998578392,240
0.6,115,116,recursive_no_basis,0.013709099992411211,240
0.6,115,116,general,6.873900500009768,240
0.6,116,117,recursive_no_basis,0.010187000007135794,178
0.6,116,117,general,6.338799699995434,178
0.6,116,117,recursive_basis,0.03490340002463199,178
0.6,117,118,general,6.22753420000663,181
0.6,117,118,recursive_basis,0.037049899983685464,181
0.6,117,118,recursive_no_basis,0.011068299994803965,181
0.6,118,119,recursive_basis,0.03266449997317977,174
0.6,118,119,recursive_no_basis,0.011797500017564744,174
0.6,118,119,general,5.823446499998681,174
0.6,119,120,recursive_no_basis,0.010523599979933351,164
0.6,119,120,general,6.2888245999929495,164
0.6,119,120,recursive_basis,0.03420549997827038,164
0.6,120,121,general,5.931679300003452,150
0.6,120,121,recursive_basis,0.039712199999485165,150
0.6,120,121,recursive_no_basis,0.011598500015679747,150
0.6,121,122,recursive_basis,0.03306770001654513,139
0.6,121,122,recursive_no_basis,0.010985600005369633,139
0.6,121,122,general,5.73253979999572,139
0.6,122,123,recursive_no_basis,0.012645199982216582,172
0.6,122,123,general,6.112301299988758,172
0.6,122,123,recursive_basis,0.04619250001269393,172
0.6,123,124,general,6.192548299994087,171
0.6,123,124,recursive_basis,0.04518169999937527,171
0.6,123,124,recursive_no_basis,0.012548500002594665,171
0.6,124,125,recursive_basis,0.03745669999625534,138
0.6,124,125,recursive_no_basis,0.011788900010287762,138
0.6,124,125,general,5.757547899993369,138
0.6,125,126,recursive_no_basis,0.010737400007201359,137
0.6,125,126,general,5.748862300009932,137
0.6,125,126,recursive_basis,0.03236420001485385,137
0.6,126,127,general,5.558481400017627,139
0.6,126,127,recursive_basis,0.04362989999935962,139
0.6,126,127,recursive_no_basis,0.013516100007109344,139
0.6,127,128,recursive_basis,0.04754920001141727,223
0.6,127,128,recursive_no_basis,0.012320100009674206,223
0.6,127,128,general,7.200092400016729,223
0.6,128,129,recursive_no_basis,0.012934099999256432,197
0.6,128,129,general,6.638296199991601,197
0.6,128,129,recursive_basis,0.04633000001194887,197
0.6,129,130,general,6.796090599993477,227
0.6,129,130,recursive_basis,0.04538039999897592,227
0.6,129,130,recursive_no_basis,0.012029300007270649,227
0.6,130,131,recursive_basis,0.03868940001120791,159
0.6,130,131,recursive_no_basis,0.012787299987394363,159
0.6,130,131,general,6.124287599988747,159
0.6,131,132,recursive_no_basis,0.012672299984842539,178
0.6,131,132,general,5.660036399989622,178
0.6,131,132,recursive_basis,0.040165699989302084,178
0.6,132,133,general,6.1084719999926165,174
0.6,132,133,recursive_basis,0.03915090000373311,174
0.6,132,133,recursive_no_basis,0.011561899998923764,174
0.6,133,134,recursive_basis,0.04141040000831708,162
0.6,133,134,recursive_no_basis,0.012725199980195612,162
0.6,133,134,general,6.087487899989355,162
0.6,134,135,recursive_no_basis,0.011767199990572408,191
0.6,134,135,general,6.066490900004283,191
0.6,134,135,recursive_basis,0.0386651000007987,191
0.6,135,136,general,6.831293099996401,210
0.6,135,136,recursive_basis,0.037894299981417134,210
0.6,135,136,recursive_no_basis,0.010566000011749566,210
0.6,136,137,recursive_basis,0.047576600016327575,175
0.6,136,137,recursive_no_basis,0.011987900012172759,175
0.6,136,137,general,6.128085100004682,175
0.6,137,138,recursive_no_basis,0.01252849999582395,167
0.6,137,138,general,6.187957499991171,167
0.6,137,138,recursive_basis,0.038523800001712516,167
0.6,138,139,general,6.013661499979207,150
0.6,138,139,recursive_basis,0.0399160000088159,150
0.6,138,139,recursive_no_basis,0.012422600004356354,150
0.6,139,140,recursive_basis,0.03322489999118261,174
0.6,139,140,recursive_no_basis,0.011552400013897568,174
0.6,139,140,general,6.309265099989716,174
0.6,140,141,recursive_no_basis,0.011542799999006093,198
0.6,140,141,general,6.693621799990069,198
0.6,140,141,recursive_basis,0.043765699985669926,198
0.6,141,142,general,6.119824199995492,167
0.6,141,142,recursive_basis,0.03964040000573732,167
0.6,141,142,recursive_no_basis,0.013096199982101098,167
0.6,142,143,recursive_basis,0.03390209999633953,161
0.6,142,143,recursive_no_basis,0.010940600011963397,161
0.6,142,143,general,6.067715499986662,161
0.6,143,144,recursive_no_basis,0.01305890001822263,167
0.6,143,144,general,6.032057400007034,167
0.6,143,144,recursive_basis,0.04351010001846589,167
0.6,144,145,general,6.136840499995742,200
0.6,144,145,recursive_basis,0.042583500006003305,200
0.6,144,145,recursive_no_basis,0.012905500014312565,200
0.6,145,146,recursive_basis,0.03403559999424033,149
0.6,145,146,recursive_no_basis,0.012018899986287579,149
0.6,145,146,general,5.779572899977211,149
0.6,146,147,recursive_no_basis,0.011926500010304153,176
0.6,146,147,general,6.219219999999041,176
0.6,146,147,recursive_basis,0.03936439999961294,176
0.6,147,148,general,6.36346739999135,180
0.6,147,148,recursive_basis,0.038791999977547675,180
0.6,147,148,recursive_no_basis,0.012791699991794303,180
0.6,148,149,recursive_basis,0.04889760000514798,179
0.6,148,149,recursive_no_basis,0.01392550001037307,179
0.6,148,149,general,6.374460799997905,179
0.6,149,150,recursive_no_basis,0.013787000003503636,209
0.6,149,150,general,6.704904899990652,209
0.6,149,150,recursive_basis,0.04876010000589304,209
0.6,150,151,general,6.085704400000395,152
0.6,150,151,recursive_basis,0.03743910000775941,152
0.6,150,151,recursive_no_basis,0.011735899985069409,152
0.6,151,152,recursive_basis,0.041613300010794774,215
0.6,151,152,recursive_no_basis,0.012053200014634058,215
0.6,151,152,general,6.496903400024166,215
0.6,152,153,recursive_no_basis,0.011499900021590292,177
0.6,152,153,general,6.221625499980291,177
0.6,152,153,recursive_basis,0.04387660001520999,177
0.6,153,154,general,6.614684700005455,197
0.6,153,154,recursive_basis,0.0547870000009425,197
0.6,153,154,recursive_no_basis,0.014219400007277727,197
0.6,154,155,recursive_basis,0.03955180000048131,215
0.6,154,155,recursive_no_basis,0.011022499995306134,215
0.6,154,155,general,6.728296199988108,215
0.6,155,156,recursive_no_basis,0.011849500006064773,150
0.6,155,156,general,5.801304799999343,150
0.6,155,156,recursive_basis,0.04096299997763708,150
0.6,156,157,general,5.9933903999917675,154
0.6,156,157,recursive_basis,0.034114800015231594,154
0.6,156,157,recursive_no_basis,0.011793399986345321,154
0.6,157,158,recursive_basis,0.035236099996836856,154
0.6,157,158,recursive_no_basis,0.012182800011942163,154
0.6,157,158,general,5.806345000019064,154
0.6,158,159,recursive_no_basis,0.012605800002347678,169
0.6,158,159,general,6.0618694000004325,169
0.6,158,159,recursive_basis,0.041202799999155104,169
0.6,159,160,general,5.622727200010559,174
0.6,159,160,recursive_basis,0.047991300001740456,174
0.6,159,160,recursive_no_basis,0.013509900018107146,174
0.6,160,161,recursive_basis,0.04098310001427308,178
0.6,160,161,recursive_no_basis,0.012546400015708059,178
0.6,160,161,general,6.468379099998856,178
0.6,161,162,recursive_no_basis,0.012902799993753433,195
0.6,161,162,general,6.664336999994703,195
0.6,161,162,recursive_basis,0.04971399999340065,195
0.6,162,163,general,6.583156699984102,194
0.6,162,163,recursive_basis,0.04185720000532456,194
0.6,162,163,recursive_no_basis,0.012019999994663522,194
0.6,163,164,recursive_basis,0.03670690002036281,153
0.6,163,164,recursive_no_basis,0.011557599995285273,153
0.6,163,164,general,6.031115799996769,153
0.6,164,165,recursive_no_basis,0.012394699995638803,187
0.6,164,165,general,6.30450580001343,187
0.6,164,165,recursive_basis,0.03949500000453554,187
0.6,165,166,general,6.1969315000169445,173
0.6,165,166,recursive_basis,0.038633399992249906,173
0.6,165,166,recursive_no_basis,0.012003699986962602,173
0.6,166,167,recursive_basis,0.036395000002812594,188
0.6,166,167,recursive_no_basis,0.011999699985608459,188
0.6,166,167,general,6.406018499983475,188
0.6,167,168,recursive_no_basis,0.012870100006693974,137
0.6,167,168,general,5.864528500009328,137
0.6,167,168,recursive_basis,0.04026959999464452,137
0.6,168,169,general,6.713768499990692,203
0.6,168,169,recursive_basis,0.045317200012505054,203
0.6,168,169,recursive_no_basis,0.01256840000860393,203
0.6,169,170,recursive_basis,0.03059959999518469,139
0.6,169,170,recursive_no_basis,0.010378200007835403,139
0.6,169,170,general,5.835722899995744,139
0.6,170,171,recursive_no_basis,0.012646399991353974,173
0.6,170,171,general,5.979120299976785,173
0.6,170,171,recursive_basis,0.04690730001311749,173
0.6,171,172,general,6.020373699982883,161
0.6,171,172,recursive_basis,0.038454499997897074,161
0.6,171,172,recursive_no_basis,0.011686599988024682,161
0.6,172,173,recursive_basis,0.03819409999414347,159
0.6,172,173,recursive_no_basis,0.01247210000292398,159
0.6,172,173,general,6.007683899981203,159
0.6,173,174,recursive_no_basis,0.012198300013551489,157
0.6,173,174,general,5.645535999996355,157
0.6,173,174,recursive_basis,0.04177509999135509,157
0.6,174,175,general,6.474796999973478,175
0.6,174,175,recursive_basis,0.04316050000488758,175
0.6,174,175,recursive_no_basis,0.01242780001484789,175
0.6,175,176,recursive_basis,0.04815090002375655,255
0.6,175,176,recursive_no_basis,0.012725599983241409,255
0.6,175,176,general,6.936166600004071,255
0.6,176,177,recursive_no_basis,0.0115075999929104,161
0.6,176,177,general,5.967386300006183,161
0.6,176,177,recursive_basis,0.035794900002656505,161
0.6,177,178,general,6.161639199999627,167
0.6,177,178,recursive_basis,0.043499099992914125,167
0.6,177,178,recursive_no_basis,0.01262180000776425,167
0.6,178,179,recursive_basis,0.033981299988226965,128
0.6,178,179,recursive_no_basis,0.011363199999323115,128
0.6,178,179,general,5.615733300015563,128
0.6,179,180,recursive_no_basis,0.0119581000180915,178
0.6,179,180,general,6.076206099998672,178
0.6,179,180,recursive_basis,0.03712500000256114,178
0.6,180,181,general,5.939050099987071,161
0.6,180,181,recursive_basis,0.03875909998896532,161
0.6,180,181,recursive_no_basis,0.01212689999374561,161
0.6,181,182,recursive_basis,0.040158199990401044,177
0.6,181,182,recursive_no_basis,0.011789700016379356,177
0.6,181,182,general,5.703826299984939,177
0.6,182,183,recursive_no_basis,0.012879400019301102,186
0.6,182,183,general,6.406255500012776,186
0.6,182,183,recursive_basis,0.04131150001194328,186
0.6,183,184,general,5.174148299993249,124
0.6,183,184,recursive_basis,0.03764749999390915,124
0.6,183,184,recursive_no_basis,0.011065099999541417,124
0.6,184,185,recursive_basis,0.03706499998224899,139
0.6,184,185,recursive_no_basis,0.012629600008949637,139
0.6,184,185,general,5.772031500004232,139
0.6,185,186,recursive_no_basis,0.012715999997453764,168
0.6,185,186,general,6.312664099998074,168
0.6,185,186,recursive_basis,0.046969099988928065,168
0.6,186,187,general,6.075012500019511,163
0.6,186,187,recursive_basis,0.03800859997863881,163
0.6,186,187,recursive_no_basis,0.011440400005085394,163
0.6,187,188,recursive_basis,0.041426500014495105,176
0.6,187,188,recursive_no_basis,0.012485199986258522,176
0.6,187,188,general,6.400488999992376,176
0.6,188,189,recursive_no_basis,0.014110399992205203,167
0.6,188,189,general,6.083340999990469,167
0.6,188,189,recursive_basis,0.039473499986343086,167
0.6,189,190,general,6.397206800000276,190
0.6,189,190,recursive_basis,0.039086999982828274,190
0.6,189,190,recursive_no_basis,0.012552700005471706,190
0.6,190,191,recursive_basis,0.03975979998358525,151
0.6,190,191,recursive_no_basis,0.012611599988304079,151
0.6,190,191,general,5.764240999997128,151
0.6,191,192,recursive_no_basis,0.01254179998068139,225
0.6,191,192,general,6.4681779999809805,225
0.6,191,192,recursive_basis,0.047580999991623685,225
0.6,192,193,general,5.976228400017135,194
0.6,192,193,recursive_basis,0.04366850000224076,194
0.6,192,193,recursive_no_basis,0.012704600027063861,194
0.6,193,194,recursive_basis,0.03802390000782907,162
0.6,193,194,recursive_no_basis,0.011757100000977516,162
0.6,193,194,general,5.950173899997026,162
0.6,194,195,recursive_no_basis,0.011185399984242395,185
0.6,194,195,general,5.9427977000013925,185
0.6,194,195,recursive_basis,0.036620099999709055,185
0.6,195,196,general,5.907881399994949,148
0.6,195,196,recursive_basis,0.03615659999195486,148
0.6,195,196,recursive_no_basis,0.01188549998914823,148
0.6,196,197,recursive_basis,0.03744469999219291,193
0.6,196,197,recursive_no_basis,0.011827299982542172,193
0.6,196,197,general,6.593755799985956,193
0.6,197,198,recursive_no_basis,0.011609599983785301,213
0.6,197,198,general,7.014640700013842,213
0.6,197,198,recursive_basis,0.03475130000151694,213
0.6,198,199,general,6.082861200004118,172
0.6,198,199,recursive_basis,0.04319029999896884,172
0.6,198,199,recursive_no_basis,0.011598500015679747,172
0.6,199,200,recursive_basis,0.041561500023817644,241
0.6,199,200,recursive_no_basis,0.011373899993486702,241
0.6,199,200,general,6.675372400000924,241
0.7,0,1,general,14.404305400006706,450
0.7,0,1,recursive_basis,0.06765209999866784,450
0.7,0,1,recursive_no_basis,0.016561700002057478,450
0.7,1,2,recursive_basis,0.07113999998546205,446
0.7,1,2,recursive_no_basis,0.016176399978576228,446
0.7,1,2,general,14.303238599997712,446
0.7,2,3,recursive_no_basis,0.016272000008029863,444
0.7,2,3,general,14.357154400000582,444
0.7,2,3,recursive_basis,0.07597959999111481,444
0.7,3,4,general,13.752040000021225,425
0.7,3,4,recursive_basis,0.05586700001731515,425
0.7,3,4,recursive_no_basis,0.01161279997904785,425
0.7,4,5,recursive_basis,0.05900149999069981,393
0.7,4,5,recursive_no_basis,0.013271700008772314,393
0.7,4,5,general,13.332338799984427,393
0.7,5,6,recursive_no_basis,0.012139400001615286,415
0.7,5,6,general,14.414753099990776,415
0.7,5,6,recursive_basis,0.05991469998843968,415
0.7,6,7,general,13.84555579998414,391
0.7,6,7,recursive_basis,0.06492390000494197,391
0.7,6,7,recursive_no_basis,0.013893600000301376,391
0.7,7,8,recursive_basis,0.06555369999841787,431
0.7,7,8,recursive_no_basis,0.012426500004949048,431
0.7,7,8,general,14.120793200010667,431
0.7,8,9,recursive_no_basis,0.013013499992666766,435
0.7,8,9,general,14.176445699995384,435
0.7,8,9,recursive_basis,0.060035200003767386,435
0.7,9,10,general,15.416736799990758,488
0.7,9,10,recursive_basis,0.06498280001687817,488
0.7,9,10,recursive_no_basis,0.01271800001268275,488
0.7,10,11,recursive_basis,0.058017300005303696,441
0.7,10,11,recursive_no_basis,0.01158920000307262,441
0.7,10,11,general,14.393625199998496,441
0.7,11,12,recursive_no_basis,0.013740099995629862,393
0.7,11,12,general,13.750431099993875,393
0.7,11,12,recursive_basis,0.06406400000560097,393
0.7,12,13,general,14.691706299985526,463
0.7,12,13,recursive_basis,0.07630680000875145,463
0.7,12,13,recursive_no_basis,0.012942000001203269,463
0.7,13,14,recursive_basis,0.061671000003116205,486
0.7,13,14,recursive_no_basis,0.012300599977606907,486
0.7,13,14,general,15.304033899999922,486
0.7,14,15,recursive_no_basis,0.012760599987814203,437
0.7,14,15,general,14.328493699984392,437
0.7,14,15,recursive_basis,0.07043069999781437,437
0.7,15,16,general,14.31172319999314,432
0.7,15,16,recursive_basis,0.06705510002211668,432
0.7,15,16,recursive_no_basis,0.013483899994753301,432
0.7,16,17,recursive_basis,0.07017849999829195,430
0.7,16,17,recursive_no_basis,0.015156499983277172,430
0.7,16,17,general,14.031813100009458,430
0.7,17,18,recursive_no_basis,0.013666699989698827,416
0.7,17,18,general,13.926664900005562,416
0.7,17,18,recursive_basis,0.07335520000196993,416
0.7,18,19,general,14.544817899994086,493
0.7,18,19,recursive_basis,0.06687599999713711,493
0.7,18,19,recursive_no_basis,0.013021200022194535,493
0.7,19,20,recursive_basis,0.056188999995356426,401
0.7,19,20,recursive_no_basis,0.011935000016819686,401
0.7,19,20,general,13.529562400013674,401
0.7,20,21,recursive_no_basis,0.011839299986604601,465
0.7,20,21,general,14.909310899995035,465
0.7,20,21,recursive_basis,0.06016369999269955,465
0.7,21,22,general,13.641989499999909,398
0.7,21,22,recursive_basis,0.05835730000399053,398
0.7,21,22,recursive_no_basis,0.01428399997530505,398
0.7,22,23,recursive_basis,0.0796105999907013,425
0.7,22,23,recursive_no_basis,0.014717899990500882,425
0.7,22,23,general,13.813215700007277,425
0.7,23,24,recursive_no_basis,0.013597200013464317,416
0.7,23,24,general,14.168568099994445,416
0.7,23,24,recursive_basis,0.06790779999573715,416
0.7,24,25,general,14.831101399991894,458
0.7,24,25,recursive_basis,0.058205700013786554,458
0.7,24,25,recursive_no_basis,0.012272799998754635,458
0.7,25,26,recursive_basis,0.06014990000403486,425
0.7,25,26,recursive_no_basis,0.013497600011760369,425
0.7,25,26,general,13.976780900004087,425
0.7,26,27,recursive_no_basis,0.013105599995469674,435
0.7,26,27,general,14.271093100018334,435
0.7,26,27,recursive_basis,0.0594068999926094,435
0.7,27,28,general,14.608490999991773,452
0.7,27,28,recursive_basis,0.07398380001541227,452
0.7,27,28,recursive_no_basis,0.01489459999720566,452
0.7,28,29,recursive_basis,0.07646109999041073,451
0.7,28,29,recursive_no_basis,0.01653779999469407,451
0.7,28,29,general,14.42719479999505,451
0.7,29,30,recursive_no_basis,0.013756200001807883,465
0.7,29,30,general,14.751388400007272,465
0.7,29,30,recursive_basis,0.07923840000876226,465
0.7,30,31,general,15.970493199973134,511
0.7,30,31,recursive_basis,0.0623011999996379,511
0.7,30,31,recursive_no_basis,0.012057899992214516,511
0.7,31,32,recursive_basis,0.0609513999952469,411
0.7,31,32,recursive_no_basis,0.013109699997585267,411
0.7,31,32,general,13.869028999994043,411
0.7,32,33,recursive_no_basis,0.01376269999309443,464
0.7,32,33,general,14.929095800005598,464
0.7,32,33,recursive_basis,0.05775160001940094,464
0.7,33,34,general,13.94963899999857,414
0.7,33,34,recursive_basis,0.05667449999600649,414
0.7,33,34,recursive_no_basis,0.011873800016473979,414
0.7,34,35,recursive_basis,0.06371139999828301,410
0.7,34,35,recursive_no_basis,0.01512570001068525,410
0.7,34,35,general,13.846540099999402,410
0.7,35,36,recursive_no_basis,0.0127951999893412,448
0.7,35,36,general,14.44078800000716,448
0.7,35,36,recursive_basis,0.06514989997958764,448
0.7,36,37,general,13.973005500010913,420
0.7,36,37,recursive_basis,0.07351650000782683,420
0.7,36,37,recursive_no_basis,0.016559300012886524,420
0.7,37,38,recursive_basis,0.06705320000764914,444
0.7,37,38,recursive_no_basis,0.014029000012669712,444
0.7,37,38,general,14.435471799981315,444
0.7,38,39,recursive_no_basis,0.01160249998793006,427
0.7,38,39,general,14.108582999993814,427
0.7,38,39,recursive_basis,0.06314440001733601,427
0.7,39,40,general,15.05266010001651,472
0.7,39,40,recursive_basis,0.05778800000553019,472
0.7,39,40,recursive_no_basis,0.012195899995276704,472
0.7,40,41,recursive_basis,0.060645799996564165,455
0.7,40,41,recursive_no_basis,0.013144299999112263,455
0.7,40,41,general,14.718795200024033,455
0.7,41,42,recursive_no_basis,0.012901000009151176,433
0.7,41,42,general,14.048686900001485,433
0.7,41,42,recursive_basis,0.06376190000446513,433
0.7,42,43,general,14.855301800009329,468
0.7,42,43,recursive_basis,0.06905429999460466,468
0.7,42,43,recursive_no_basis,0.01661039999453351,468
0.7,43,44,recursive_basis,0.06903030001558363,461
0.7,43,44,recursive_no_basis,0.013851299998350441,461
0.7,43,44,general,14.934574699989753,461
0.7,44,45,recursive_no_basis,0.016166299988981336,433
0.7,44,45,general,14.035709899995709,433
0.7,44,45,recursive_basis,0.07942659998661838,433
0.7,45,46,general,14.46730089999619,447
0.7,45,46,recursive_basis,0.05754690000321716,447
0.7,45,46,recursive_no_basis,0.012606000003870577,447
0.7,46,47,recursive_basis,0.06189099999028258,447
0.7,46,47,recursive_no_basis,0.012656999984756112,447
0.7,46,47,general,14.336080200009746,447
0.7,47,48,recursive_no_basis,0.01357440001447685,401
0.7,47,48,general,13.630086499993922,401
0.7,47,48,recursive_basis,0.060358299990184605,401
0.7,48,49,general,14.779450500005623,462
0.7,48,49,recursive_basis,0.060085700009949505,462
0.7,48,49,recursive_no_basis,0.012824200006434694,462
0.7,49,50,recursive_basis,0.07105440000304952,437
0.7,49,50,recursive_no_basis,0.01575379999121651,437
0.7,49,50,general,14.576013099984266,437
0.7,50,51,recursive_no_basis,0.014634099992690608,494
0.7,50,51,general,15.54577659998904,494
0.7,50,51,recursive_basis,0.07326259999535978,494
0.7,51,52,general,13.422508299991023,395
0.7,51,52,recursive_basis,0.06308150000404567,395
0.7,51,52,recursive_no_basis,0.014354999992065132,395
0.7,52,53,recursive_basis,0.060336299997288734,431
0.7,52,53,recursive_no_basis,0.013223900023149326,431
0.7,52,53,general,14.105909600009909,431
0.7,53,54,recursive_no_basis,0.013847599999280646,477
0.7,53,54,general,14.013898400007747,477
0.7,53,54,recursive_basis,0.07442810002248734,477
0.7,54,55,general,16.23901570000453,566
0.7,54,55,recursive_basis,0.0715652999933809,566
0.7,54,55,recursive_no_basis,0.012641299981623888,566
0.7,55,56,recursive_basis,0.0658695999882184,400
0.7,55,56,recursive_no_basis,0.015388700005132705,400
0.7,55,56,general,13.449537600012263,400
0.7,56,57,recursive_no_basis,0.013489800010574982,424
0.7,56,57,general,14.016494800016517,424
0.7,56,57,recursive_basis,0.061256100016180426,424
0.7,57,58,general,15.11234950000653,518
0.7,57,58,recursive_basis,0.05930550000630319,518
0.7,57,58,recursive_no_basis,0.011179400025866926,518
0.7,58,59,recursive_basis,0.0643432000069879,419
0.7,58,59,recursive_no_basis,0.01176850000047125,419
0.7,58,59,general,13.782607300003292,419
0.7,59,60,recursive_no_basis,0.016372699989005923,416
0.7,59,60,general,13.828371800016612,416
0.7,59,60,recursive_basis,0.0691639999859035,416
0.7,60,61,general,14.670196599996416,448
0.7,60,61,recursive_basis,0.07966030001989566,448
0.7,60,61,recursive_no_basis,0.01560879999306053,448
0.7,61,62,recursive_basis,0.06267179999849759,400
0.7,61,62,recursive_no_basis,0.014432500000111759,400
0.7,61,62,general,13.574110700021265,400
0.7,62,63,recursive_no_basis,0.014052900020033121,428
0.7,62,63,general,13.917999700002838,428
0.7,62,63,recursive_basis,0.0707457999815233,428
0.7,63,64,general,13.472846299991943,397
0.7,63,64,recursive_basis,0.05969650001497939,397
0.7,63,64,recursive_no_basis,0.014360100001795217,397
0.7,64,65,recursive_basis,0.05801819998305291,432
0.7,64,65,recursive_no_basis,0.011613900016527623,432
0.7,64,65,general,14.213087000011,432
0.7,65,66,recursive_no_basis,0.012513900001067668,453
0.7,65,66,general,14.75631520000752,453
0.7,65,66,recursive_basis,0.061308000003919005,453
0.7,66,67,general,13.377074899995932,445
0.7,66,67,recursive_basis,0.07243770000059158,445
0.7,66,67,recursive_no_basis,0.013021999999182299,445
0.7,67,68,recursive_basis,0.06911759998183697,428
0.7,67,68,recursive_no_basis,0.05724870000267401,428
0.7,67,68,general,13.961310999991838,428
0.7,68,69,recursive_no_basis,0.012333299993770197,449
0.7,68,69,general,14.749861600022996,449
0.7,68,69,recursive_basis,0.059533099993132055,449
0.7,69,70,general,14.59279960001004,451
0.7,69,70,recursive_basis,0.06907220001448877,451
0.7,69,70,recursive_no_basis,0.013564399996539578,451
0.7,70,71,recursive_basis,0.0673407000140287,427
0.7,70,71,recursive_no_basis,0.015249400021275505,427
0.7,70,71,general,13.978806099999929,427
0.7,71,72,recursive_no_basis,0.012360199994873255,411
0.7,71,72,general,13.832232599990675,411
0.7,71,72,recursive_basis,0.05946379998931661,411
0.7,72,73,general,14.113008399988757,417
0.7,72,73,recursive_basis,0.07319329999154434,417
0.7,72,73,recursive_no_basis,0.014680899999802932,417
0.7,73,74,recursive_basis,0.058857500000158325,458
0.7,73,74,recursive_no_basis,0.01453449999098666,458
0.7,73,74,general,14.827899199997773,458
0.7,74,75,recursive_no_basis,0.01393139999709092,442
0.7,74,75,general,14.479936100018676,442
0.7,74,75,recursive_basis,0.06687479998799972,442
0.7,75,76,general,15.374045299977297,471
0.7,75,76,recursive_basis,0.054099900007713586,471
0.7,75,76,recursive_no_basis,0.011619500000961125,471
0.7,76,77,recursive_basis,0.05815050000092015,429
0.7,76,77,recursive_no_basis,0.01381899998523295,429
0.7,76,77,general,14.10243790000095,429
0.7,77,78,recursive_no_basis,0.01573449998977594,490
0.7,77,78,general,14.710919900011504,490
0.7,77,78,recursive_basis,0.0822230999765452,490
0.7,78,79,general,14.812241799983894,458
0.7,78,79,recursive_basis,0.07797509999363683,458
0.7,78,79,recursive_no_basis,0.01442349998978898,458
0.7,79,80,recursive_basis,0.07422769998083822,432
0.7,79,80,recursive_no_basis,0.014396499987924471,432
0.7,79,80,general,14.064898700016784,432
0.7,80,81,recursive_no_basis,0.010740900004748255,467
0.7,80,81,general,13.831088499980979,467
0.7,80,81,recursive_basis,0.05789809999987483,467
0.7,81,82,general,14.236941899987869,430
0.7,81,82,recursive_basis,0.05666740000015125,430
0.7,81,82,recursive_no_basis,0.013712999993003905,430
0.7,82,83,recursive_basis,0.07150610000826418,422
0.7,82,83,recursive_no_basis,0.014596399996662512,422
0.7,82,83,general,14.010390499985078,422
0.7,83,84,recursive_no_basis,0.011153700004797429,473
0.7,83,84,general,15.177588699996704,473
0.7,83,84,recursive_basis,0.06168539999634959,473
0.7,84,85,general,14.532907600019826,441
0.7,84,85,recursive_basis,0.0535700999898836,441
0.7,84,85,recursive_no_basis,0.012928100011777133,441
0.7,85,86,recursive_basis,0.062445799994748086,457
0.7,85,86,recursive_no_basis,0.01261289999820292,457
0.7,85,86,general,14.645900400006212,457
0.7,86,87,recursive_no_basis,0.012625800009118393,444
0.7,86,87,general,14.17752019999898,444
0.7,86,87,recursive_basis,0.05747540001175366,444
0.7,87,88,general,13.98089199999231,417
0.7,87,88,recursive_basis,0.06801240000640973,417
0.7,87,88,recursive_no_basis,0.01405440000235103,417
0.7,88,89,recursive_basis,0.08987940000952221,506
0.7,88,89,recursive_no_basis,0.01779559999704361,506
0.7,88,89,general,15.577589699998498,506
0.7,89,90,recursive_no_basis,0.018759000027785078,393
0.7,89,90,general,13.302156899997499,393
0.7,89,90,recursive_basis,0.08102439998765476,393
0.7,90,91,general,14.816213800018886,467
0.7,90,91,recursive_basis,0.06746319998637773,467
0.7,90,91,recursive_no_basis,0.013927399995736778,467
0.7,91,92,recursive_basis,0.05759589999797754,426
0.7,91,92,recursive_no_basis,0.012396800011629239,426
0.7,91,92,general,13.825021099997684,426
0.7,92,93,recursive_no_basis,0.01286479999544099,473
0.7,92,93,general,15.078779800009215,473
0.7,92,93,recursive_basis,0.06723620000411756,473
0.7,93,94,general,14.550564900011523,448
0.7,93,94,recursive_basis,0.06110829999670386,448
0.7,93,94,recursive_no_basis,0.013531199976569042,448
0.7,94,95,recursive_basis,0.06430330002331175,415
0.7,94,95,recursive_no_basis,0.014815800008364022,415
0.7,94,95,general,13.890923200000543,415
0.7,95,96,recursive_no_basis,0.019311999989440665,439
0.7,95,96,general,14.365008699998725,439
0.7,95,96,recursive_basis,0.09096699999645352,439
0.7,96,97,general,14.067434500000672,430
0.7,96,97,recursive_basis,0.06560969998827204,430
0.7,96,97,recursive_no_basis,0.014974799996707588,430
0.7,97,98,recursive_basis,0.062996499997098,490
0.7,97,98,recursive_no_basis,0.0128543000028003,490
0.7,97,98,general,15.096412999992026,490
0.7,98,99,recursive_no_basis,0.011752399994293228,439
0.7,98,99,general,14.35231119999662,439
0.7,98,99,recursive_basis,0.06301469999016263,439
0.7,99,100,general,14.928847400005907,469
0.7,99,100,recursive_basis,0.07186100000399165,469
0.7,99,100,recursive_no_basis,0.012919000000692904,469
0.7,100,101,recursive_basis,0.066388300008839,448
0.7,100,101,recursive_no_basis,0.013188999990234151,448
0.7,100,101,general,14.454453499987721,448
0.7,101,102,recursive_no_basis,0.013574100012192503,434
0.7,101,102,general,13.82333019998623,434
0.7,101,102,recursive_basis,0.06393350000143982,434
0.7,102,103,general,14.299866500019561,459
0.7,102,103,recursive_basis,0.06230849999701604,459
0.7,102,103,recursive_no_basis,0.013188200013246387,459
0.7,103,104,recursive_basis,0.061435299983713776,437
0.7,103,104,recursive_no_basis,0.013142999989213422,437
0.7,103,104,general,13.786583100009011,437
0.7,104,105,recursive_no_basis,0.01547079998999834,466
0.7,104,105,general,14.46015569998417,466
0.7,104,105,recursive_basis,0.07477609999477863,466
0.7,105,106,general,14.56556059999275,468
0.7,105,106,recursive_basis,0.060435500025050715,468
0.7,105,106,recursive_no_basis,0.01180089998524636,468
0.7,106,107,recursive_basis,0.055910499999299645,434
0.7,106,107,recursive_no_basis,0.013286800007335842,434
0.7,106,107,general,13.853790799999842,434
0.7,107,108,recursive_no_basis,0.012942100001964718,428
0.7,107,108,general,13.547321799997007,428
0.7,107,108,recursive_basis,0.056488500005798414,428
0.7,108,109,general,13.623731600004248,429
0.7,108,109,recursive_basis,0.06033229999593459,429
0.7,108,109,recursive_no_basis,0.013168700010282919,429
0.7,109,110,recursive_basis,0.06095879999338649,400
0.7,109,110,recursive_no_basis,0.016716500016627833,400
0.7,109,110,general,13.196435199992266,400
0.7,110,111,recursive_no_basis,0.014471200003754348,426
0.7,110,111,general,13.653396799985785,426
0.7,110,111,recursive_basis,0.05858150002313778,426
0.7,111,112,general,14.075900000025285,452
0.7,111,112,recursive_basis,0.06404969998402521,452
0.7,111,112,recursive_no_basis,0.013569399976404384,452
0.7,112,113,recursive_basis,0.0790786000143271,441
0.7,112,113,recursive_no_basis,0.01568270000279881,441
0.7,112,113,general,14.078649699978996,441
0.7,113,114,recursive_no_basis,0.012408000009600073,445
0.7,113,114,general,13.893064000003505,445
0.7,113,114,recursive_basis,0.06765070001711138,445
0.7,114,115,general,14.615897499985294,482
0.7,114,115,recursive_basis,0.06287560000782833,482
0.7,114,115,recursive_no_basis,0.01301140000578016,482
0.7,115,116,recursive_basis,0.08691779998480342,465
0.7,115,116,recursive_no_basis,0.016021200019167736,465
0.7,115,116,general,14.44988500000909,465
0.7,116,117,recursive_no_basis,0.011887600005138665,427
0.7,116,117,general,13.60025710001355,427
0.7,116,117,recursive_basis,0.05571129999589175,427
0.7,117,118,general,14.063101300009293,457
0.7,117,118,recursive_basis,0.06955830001970753,457
0.7,117,118,recursive_no_basis,0.013453199993818998,457
0.7,118,119,recursive_basis,0.07095439999829978,431
0.7,118,119,recursive_no_basis,0.01620129999355413,431
0.7,118,119,general,12.780053399997996,431
0.7,119,120,recursive_no_basis,0.016501099977176636,447
0.7,119,120,general,14.214525499992305,447
0.7,119,120,recursive_basis,0.07261899998411536,447
0.7,120,121,general,13.999359900015406,440
0.7,120,121,recursive_basis,0.05289929997525178,440
0.7,120,121,recursive_no_basis,0.012022000009892508,440
0.7,121,122,recursive_basis,0.05563839999376796,399
0.7,121,122,recursive_no_basis,0.0118337000021711,399
0.7,121,122,general,13.232390899996972,399
0.7,122,123,recursive_no_basis,0.01355079998029396,458
0.7,122,123,general,14.326918199978536,458
0.7,122,123,recursive_basis,0.0644726000027731,458
0.7,123,124,general,14.492558900004951,463
0.7,123,124,recursive_basis,0.07992580000427552,463
0.7,123,124,recursive_no_basis,0.014496999996481463,463
0.7,124,125,recursive_basis,0.051888099987991154,415
0.7,124,125,recursive_no_basis,0.012149000016506761,415
0.7,124,125,general,13.536520499998005,415
0.7,125,126,recursive_no_basis,0.012993300013476983,406
0.7,125,126,general,13.282356599986088,406
0.7,125,126,recursive_basis,0.05823439999949187,406
0.7,126,127,general,13.713653100014199,442
0.7,126,127,recursive_basis,0.0730524999962654,442
0.7,126,127,recursive_no_basis,0.017899700003908947,442
0.7,127,128,recursive_basis,0.06008759999531321,486
0.7,127,128,recursive_no_basis,0.013063200021861121,486
0.7,127,128,general,15.172640200005844,486
0.7,128,129,recursive_no_basis,0.013200599991250783,512
0.7,128,129,general,15.441568599984748,512
0.7,128,129,recursive_basis,0.07457920000888407,512
0.7,129,130,general,14.475836500001606,485
0.7,129,130,recursive_basis,0.06897329998901114,485
0.7,129,130,recursive_no_basis,0.012764499988406897,485
0.7,130,131,recursive_basis,0.07183120000991039,448
0.7,130,131,recursive_no_basis,0.01577890000771731,448
0.7,130,131,general,14.212253600009717,448
0.7,131,132,recursive_no_basis,0.011346899991622195,421
0.7,131,132,general,13.503198299993528,421
0.7,131,132,recursive_basis,0.05443429999286309,421
0.7,132,133,general,13.80008529999759,429
0.7,132,133,recursive_basis,0.0636604999890551,429
0.7,132,133,recursive_no_basis,0.013679999974556267,429
0.7,133,134,recursive_basis,0.07874040000024252,453
0.7,133,134,recursive_no_basis,0.019887799979187548,453
0.7,133,134,general,13.994322199985618,453
0.7,134,135,recursive_no_basis,0.012462100014090538,406
0.7,134,135,general,13.208568999980344,406
0.7,134,135,recursive_basis,0.05954669998027384,406
0.7,135,136,general,14.454239699989557,467
0.7,135,136,recursive_basis,0.06363829999463633,467
0.7,135,136,recursive_no_basis,0.011765200004447252,467
0.7,136,137,recursive_basis,0.07674970000516623,454
0.7,136,137,recursive_no_basis,0.0156651999859605,454
0.7,136,137,general,14.160089399985736,454
0.7,137,138,recursive_no_basis,0.012650999997276813,428
0.7,137,138,general,13.839880000014091,428
0.7,137,138,recursive_basis,0.05948210001224652,428
0.7,138,139,general,13.777302600006806,431
0.7,138,139,recursive_basis,0.06433900000411086,431
0.7,138,139,recursive_no_basis,0.012393500015605241,431
0.7,139,140,recursive_basis,0.07116339998901822,471
0.7,139,140,recursive_no_basis,0.013439799979096279,471
0.7,139,140,general,14.547376400005305,471
0.7,140,141,recursive_no_basis,0.011924899998120964,445
0.7,140,141,general,14.208537099999376,445
0.7,140,141,recursive_basis,0.06403680000221357,445
0.7,141,142,general,13.637325299991062,432
0.7,141,142,recursive_basis,0.07421649998286739,432
0.7,141,142,recursive_no_basis,0.016920399997616187,432
0.7,142,143,recursive_basis,0.0711287000158336,471
0.7,142,143,recursive_no_basis,0.013547300011850893,471
0.7,142,143,general,14.580451200017706,471
0.7,143,144,recursive_no_basis,0.016062400012742728,424
0.7,143,144,general,13.582186600018758,424
0.7,143,144,recursive_basis,0.0687974999891594,424
0.7,144,145,general,13.570675399998436,419
0.7,144,145,recursive_basis,0.07356719998642802,419
0.7,144,145,recursive_no_basis,0.017153699998743832,419
0.7,145,146,recursive_basis,0.05067810000036843,429
0.7,145,146,recursive_no_basis,0.012437900004442781,429
0.7,145,146,general,13.72784119998687,429
0.7,146,147,recursive_no_basis,0.011104299977887422,457
0.7,146,147,general,14.38679580000462,457
0.7,146,147,recursive_basis,0.05787889999919571,457
0.7,147,148,general,13.425668499985477,410
0.7,147,148,recursive_basis,0.051708499988308176,410
0.7,147,148,recursive_no_basis,0.012256600020918995,410
0.7,148,149,recursive_basis,0.1103302999981679,441
0.7,148,149,recursive_no_basis,0.013548899994930252,441
0.7,148,149,general,13.784738599992124,441
0.7,149,150,recursive_no_basis,0.012268899998161942,466
0.7,149,150,general,14.290731999994023,466
0.7,149,150,recursive_basis,0.06413699997938238,466
0.7,150,151,general,13.126805400010198,398
0.7,150,151,recursive_basis,0.059422100021038204,398
0.7,150,151,recursive_no_basis,0.012760799989337102,398
0.7,151,152,recursive_basis,0.05961530000786297,453
0.7,151,152,recursive_no_basis,0.011087199993198738,453
0.7,151,152,general,13.993154900002992,453
0.7,152,153,recursive_no_basis,0.01668460000655614,425
0.7,152,153,general,13.647493600001326,425
0.7,152,153,recursive_basis,0.08333310001762584,425
0.7,153,154,general,14.768684900016524,475
0.7,153,154,recursive_basis,0.06200530001660809,475
0.7,153,154,recursive_no_basis,0.014033300016308203,475
0.7,154,155,recursive_basis,0.06454709998797625,460
0.7,154,155,recursive_no_basis,0.013210499979322776,460
0.7,154,155,general,14.331041400000686,460
0.7,155,156,recursive_no_basis,0.013100700016366318,430
0.7,155,156,general,13.675901299982797,430
0.7,155,156,recursive_basis,0.05998920000274666,430
0.7,156,157,general,14.26963799999794,440
0.7,156,157,recursive_basis,0.0556432000012137,440
0.7,156,157,recursive_no_basis,0.01408110000193119,440
0.7,157,158,recursive_basis,0.05731990002095699,410
0.7,157,158,recursive_no_basis,0.012813499983167276,410
0.7,157,158,general,13.314398799993796,410
0.7,158,159,recursive_no_basis,0.018382699985522777,462
0.7,158,159,general,14.363184500019997,462
0.7,158,159,recursive_basis,0.07598880000296049,462
0.7,159,160,general,14.008752699999604,436
0.7,159,160,recursive_basis,0.05527280000387691,436
0.7,159,160,recursive_no_basis,0.010238299990305677,436
0.7,160,161,recursive_basis,0.06331860000500455,422
0.7,160,161,recursive_no_basis,0.013191300007747486,422
0.7,160,161,general,13.831977299996652,422
0.7,161,162,recursive_no_basis,0.01765040002646856,467
0.7,161,162,general,14.455807399994228,467
0.7,161,162,recursive_basis,0.08893889997852966,467
0.7,162,163,general,14.453460200020345,460
0.7,162,163,recursive_basis,0.0647101000067778,460
0.7,162,163,recursive_no_basis,0.012376700004097074,460
0.7,163,164,recursive_basis,0.0645111000048928,422
0.7,163,164,recursive_no_basis,0.014339999994263053,422
0.7,163,164,general,13.667834200023208,422
0.7,164,165,recursive_no_basis,0.013628599990624934,447
0.7,164,165,general,14.23210970000946,447
0.7,164,165,recursive_basis,0.05486350000137463,447
0.7,165,166,general,13.778291599999648,430
0.7,165,166,recursive_basis,0.06831060000695288,430
0.7,165,166,recursive_no_basis,0.014072999998461455,430
0.7,166,167,recursive_basis,0.05703890000586398,443
0.7,166,167,recursive_no_basis,0.012410399998771027,443
0.7,166,167,general,13.960426800011192,443
0.7,167,168,recursive_no_basis,0.01584420001017861,399
0.7,167,168,general,13.174834000004921,399
0.7,167,168,recursive_basis,0.06961269999737851,399
0.7,168,169,general,15.112135000003036,489
0.7,168,169,recursive_basis,0.06513230002019554,489
0.7,168,169,recursive_no_basis,0.012854599975980818,489
0.7,169,170,recursive_basis,0.06943650002358481,406
0.7,169,170,recursive_no_basis,0.013877899997169152,406
0.7,169,170,general,13.357496399985394,406
0.7,170,171,recursive_no_basis,0.011889699992025271,380
0.7,170,171,general,12.62703830000828,380
0.7,170,171,recursive_basis,0.06108930002665147,380
0.7,171,172,general,13.573383200011449,423
0.7,171,172,recursive_basis,0.06987380000646226,423
0.7,171,172,recursive_no_basis,0.013017699995543808,423
0.7,172,173,recursive_basis,0.06108379998477176,414
0.7,172,173,recursive_no_basis,0.013702399999601766,414
0.7,172,173,general,13.368066199996974,414
0.7,173,174,recursive_no_basis,0.01698929999838583,416
0.7,173,174,general,13.398773099994287,416
0.7,173,174,recursive_basis,0.08128169999690726,416
0.7,174,175,general,13.9127135000017,430
0.7,174,175,recursive_basis,0.07554249998065643,430
0.7,174,175,recursive_no_basis,0.016035999986343086,430
0.7,175,176,recursive_basis,0.0640463000163436,495
0.7,175,176,recursive_no_basis,0.013292699994053692,495
0.7,175,176,general,14.720011099998374,495
0.7,176,177,recursive_no_basis,0.013425600016489625,440
0.7,176,177,general,13.827980000001844,440
0.7,176,177,recursive_basis,0.06112400002893992,440
0.7,177,178,general,14.318792799982475,452
0.7,177,178,recursive_basis,0.07207619998371229,452
0.7,177,178,recursive_no_basis,0.01627670001471415,452
0.7,178,179,recursive_basis,0.06152389998896979,401
0.7,178,179,recursive_no_basis,0.013507499999832362,401
0.7,178,179,general,13.17656610000995,401
0.7,179,180,recursive_no_basis,0.013266599999042228,439
0.7,179,180,general,13.638647099985974,439
0.7,179,180,recursive_basis,0.07600430000456981,439
0.7,180,181,general,13.919237299996894,444
0.7,180,181,recursive_basis,0.0606541000015568,444
0.7,180,181,recursive_no_basis,0.013136399997165427,444
0.7,181,182,recursive_basis,0.05351959998370148,417
0.7,181,182,recursive_no_basis,0.011749700002837926,417
0.7,181,182,general,13.499981500004651,417
0.7,182,183,recursive_no_basis,0.013383799989242107,464
0.7,182,183,general,14.414106799988076,464
0.7,182,183,recursive_basis,0.0676347000116948,464
0.7,183,184,general,13.202097200002754,411
0.7,183,184,recursive_basis,0.06541660000220872,411
0.7,183,184,recursive_no_basis,0.011404200020479038,411
0.7,184,185,recursive_basis,0.05237759998999536,448
0.7,184,185,recursive_no_basis,0.011676699999952689,448
0.7,184,185,general,14.38514580001356,448
0.7,185,186,recursive_no_basis,0.01192540000192821,438
0.7,185,186,general,14.030238700011978,438
0.7,185,186,recursive_basis,0.05848910001805052,438
0.7,186,187,general,13.68572999999742,425
0.7,186,187,recursive_basis,0.055103300022892654,425
0.7,186,187,recursive_no_basis,0.011783599999034777,425
0.7,187,188,recursive_basis,0.07085099999676459,461
0.7,187,188,recursive_no_basis,0.01524709997465834,461
0.7,187,188,general,14.523133400012739,461
0.7,188,189,recursive_no_basis,0.012581300019519404,434
0.7,188,189,general,13.682537099986803,434
0.7,188,189,recursive_basis,0.06276939998497255,434
0.7,189,190,general,14.17501540001831,444
0.7,189,190,recursive_basis,0.07534280000254512,444
0.7,189,190,recursive_no_basis,0.019602599990321323,444
0.7,190,191,recursive_basis,0.057392199989408255,409
0.7,190,191,recursive_no_basis,0.012163400009740144,409
0.7,190,191,general,13.17780980002135,409
0.7,191,192,recursive_no_basis,0.01252540000132285,476
0.7,191,192,general,14.743096799997147,476
0.7,191,192,recursive_basis,0.06548260001000017,476
0.7,192,193,general,13.431334799999604,473
0.7,192,193,recursive_basis,0.08535639999900013,473
0.7,192,193,recursive_no_basis,0.01864300001761876,473
0.7,193,194,recursive_basis,0.060259200021391734,439
0.7,193,194,recursive_no_basis,0.010792999994009733,439
0.7,193,194,general,13.550185000000056,439
0.7,194,195,recursive_no_basis,0.013502199988579378,472
0.7,194,195,general,14.42663440000615,472
0.7,194,195,recursive_basis,0.06534279999323189,472
0.7,195,196,general,12.697149699990405,374
0.7,195,196,recursive_basis,0.06276709999656305,374
0.7,195,196,recursive_no_basis,0.01577470000484027,374
0.7,196,197,recursive_basis,0.06107440000050701,435
0.7,196,197,recursive_no_basis,0.014763300016056746,435
0.7,196,197,general,14.05559699999867,435
0.7,197,198,recursive_no_basis,0.012291699997149408,441
0.7,197,198,general,14.194427199981874,441
0.7,197,198,recursive_basis,0.05430190000333823,441
0.7,198,199,general,13.96584520000033,446
0.7,198,199,recursive_basis,0.07531650000601076,446
0.7,198,199,recursive_no_basis,0.016242299985606223,446
0.7,199,200,recursive_basis,0.05643549998058006,439
0.7,199,200,recursive_no_basis,0.01217279999400489,439
0.7,199,200,general,13.824674999981653,439
0.8,0,1,general,28.386361899989424,849
0.8,0,1,recursive_basis,0.08298370000557043,849
0.8,0,1,recursive_no_basis,0.014341500005684793,849
0.8,1,2,recursive_basis,0.08931599999777973,845
0.8,1,2,recursive_no_basis,0.013489000004483387,845
0.8,1,2,general,28.355830000014976,845
0.8,2,3,recursive_no_basis,0.01662340000621043,852
0.8,2,3,general,28.569265899976017,852
0.8,2,3,recursive_basis,0.10775500000454485,852
0.8,3,4,general,27.849243799981195,831
0.8,3,4,recursive_basis,0.07827790000010282,831
0.8,3,4,recursive_no_basis,0.011129999998956919,831
0.8,4,5,recursive_basis,0.08661790000041947,861
0.8,4,5,recursive_no_basis,0.010913900012383237,861
0.8,4,5,general,28.7501229000045,861
0.8,5,6,recursive_no_basis,0.010960299987345934,832
0.8,5,6,general,27.837015400000382,832
0.8,5,6,recursive_basis,0.07250760000897571,832
0.8,6,7,general,27.2309359999781,808
0.8,6,7,recursive_basis,0.07656449999194592,808
0.8,6,7,recursive_no_basis,0.013000900013139471,808
0.8,7,8,recursive_basis,0.07606269998359494,849
0.8,7,8,recursive_no_basis,0.010388499998953193,849
0.8,7,8,general,28.506601999979466,849
0.8,8,9,recursive_no_basis,0.013328100001672283,864
0.8,8,9,general,28.69467570001143,864
0.8,8,9,recursive_basis,0.09037339998758398,864
0.8,9,10,general,29.28954219998559,878
0.8,9,10,recursive_basis,0.0991822000069078,878
0.8,9,10,recursive_no_basis,0.014495400013402104,878
0.8,10,11,recursive_basis,0.08511400001589209,833
0.8,10,11,recursive_no_basis,0.011730099999113008,833
0.8,10,11,general,27.84544959999039,833
0.8,11,12,recursive_no_basis,0.010470100009115413,818
0.8,11,12,general,27.743190600012895,818
0.8,11,12,recursive_basis,0.07419839999056421,818
0.8,12,13,general,29.082028699980583,872
0.8,12,13,recursive_basis,0.10733749999781139,872
0.8,12,13,recursive_no_basis,0.014913399994838983,872
0.8,13,14,recursive_basis,0.08852230000775307,891
0.8,13,14,recursive_no_basis,0.010505599988391623,891
0.8,13,14,general,29.285077999986243,891
0.8,14,15,recursive_no_basis,0.011194199993042275,811
0.8,14,15,general,27.139023600000655,811
0.8,14,15,recursive_basis,0.10035629998310469,811
0.8,15,16,general,28.054457299993373,839
0.8,15,16,recursive_basis,0.09664619999239221,839
0.8,15,16,recursive_no_basis,0.010915200022282079,839
0.8,16,17,recursive_basis,0.08420390001265332,857
0.8,16,17,recursive_no_basis,0.014237800001865253,857
0.8,16,17,general,28.5902691000083,857
0.8,17,18,recursive_no_basis,0.011050500004785135,844
0.8,17,18,general,28.188641999993706,844
0.8,17,18,recursive_basis,0.09613170000375248,844
0.8,18,19,general,29.489721299993107,944
0.8,18,19,recursive_basis,0.08724829999846406,944
0.8,18,19,recursive_no_basis,0.010709900001529604,944
0.8,19,20,recursive_basis,0.07964340000762604,827
0.8,19,20,recursive_no_basis,0.010649600008036941,827
0.8,19,20,general,27.748793400009163,827
0.8,20,21,recursive_no_basis,0.01263650000328198,887
0.8,20,21,general,29.494611000001896,887
0.8,20,21,recursive_basis,0.09994179999921471,887
0.8,21,22,general,28.19112679999671,843
0.8,21,22,recursive_basis,0.09364950002054684,843
0.8,21,22,recursive_no_basis,0.011988899990683421,843
0.8,22,23,recursive_basis,0.09767739998642355,833
0.8,22,23,recursive_no_basis,0.013661500008311123,833
0.8,22,23,general,27.867076900001848,833
0.8,23,24,recursive_no_basis,0.013387999992119148,853
0.8,23,24,general,28.587774499988882,853
0.8,23,24,recursive_basis,0.09035230000154115,853
0.8,24,25,general,28.7534112999856,854
0.8,24,25,recursive_basis,0.0759105000179261,854
0.8,24,25,recursive_no_basis,0.01032679999480024,854
0.8,25,26,recursive_basis,0.08139209999353625,809
0.8,25,26,recursive_no_basis,0.011359899974195287,809
0.8,25,26,general,27.27040959999431,809
0.8,26,27,recursive_no_basis,0.01347970002098009,861
0.8,26,27,general,28.81659619999118,861
0.8,26,27,recursive_basis,0.08403650001855567,861
0.8,27,28,general,27.90508680001949,833
0.8,27,28,recursive_basis,0.1056518999976106,833
0.8,27,28,recursive_no_basis,0.0133876999898348,833
0.8,28,29,recursive_basis,0.1309892000281252,807
0.8,28,29,recursive_no_basis,0.01768879999872297,807
0.8,28,29,general,27.527587100019446,807
0.8,29,30,recursive_no_basis,0.015457000001333654,873
0.8,29,30,general,28.684281100024236,873
0.8,29,30,recursive_basis,0.10979069999302737,873
0.8,30,31,general,29.268522700003814,883
0.8,30,31,recursive_basis,0.07984530000248924,883
0.8,30,31,recursive_no_basis,0.012370499985991046,883
0.8,31,32,recursive_basis,0.0810858000186272,828
0.8,31,32,recursive_no_basis,0.010772499983431771,828
0.8,31,32,general,27.624161700019613,828
0.8,32,33,recursive_no_basis,0.012712399999145418,872
0.8,32,33,general,28.660205099993618,872
0.8,32,33,recursive_basis,0.09012609999626875,872
0.8,33,34,general,28.159544900001492,838
0.8,33,34,recursive_basis,0.08277029998134822,838
0.8,33,34,recursive_no_basis,0.012740699981804937,838
0.8,34,35,recursive_basis,0.12112299998989329,825
0.8,34,35,recursive_no_basis,0.02014080001390539,825
0.8,34,35,general,27.646660400001565,825
0.8,35,36,recursive_no_basis,0.013708299986319616,816
0.8,35,36,general,27.03477460000431,816
0.8,35,36,recursive_basis,0.09263909998117015,816
0.8,36,37,general,28.39049670001259,858
0.8,36,37,recursive_basis,0.08304610001505353,858
0.8,36,37,recursive_no_basis,0.014075000013690442,858
0.8,37,38,recursive_basis,0.08647320000454783,850
0.8,37,38,recursive_no_basis,0.013771699974313378,850
0.8,37,38,general,28.474331899982644,850
0.8,38,39,recursive_no_basis,0.012027899996610358,841
0.8,38,39,general,28.04748139998992,841
0.8,38,39,recursive_basis,0.09283850001520477,841
0.8,39,40,general,29.277587000018684,885
0.8,39,40,recursive_basis,0.08982009999454021,885
0.8,39,40,recursive_no_basis,0.0130275999836158,885
0.8,40,41,recursive_basis,0.08291100000496954,844
0.8,40,41,recursive_no_basis,0.011632800014922395,844
0.8,40,41,general,28.19769110000925,844
0.8,41,42,recursive_no_basis,0.011041199992178008,852
0.8,41,42,general,28.10637999998289,852
0.8,41,42,recursive_basis,0.08766849999665283,852
0.8,42,43,general,28.906689900002675,864
0.8,42,43,recursive_basis,0.09153330000117421,864
0.8,42,43,recursive_no_basis,0.012062900001183152,864
0.8,43,44,recursive_basis,0.09200240002246574,891
0.8,43,44,recursive_no_basis,0.012923599977511913,891
0.8,43,44,general,29.548449599999003,891
0.8,44,45,recursive_no_basis,0.00984670000616461,856
0.8,44,45,general,28.626990799995838,856
0.8,44,45,recursive_basis,0.0748948999971617,856
0.8,45,46,general,29.440032300015446,891
0.8,45,46,recursive_basis,0.08841190001112409,891
0.8,45,46,recursive_no_basis,0.011946599988732487,891
0.8,46,47,recursive_basis,0.0835335000010673,868
0.8,46,47,recursive_no_basis,0.011349300009896979,868
0.8,46,47,general,28.883338499988895,868
0.8,47,48,recursive_no_basis,0.010499700001673773,824
0.8,47,48,general,27.757357800001046,824
0.8,47,48,recursive_basis,0.0771447999868542,824
0.8,48,49,general,27.91653529999894,842
0.8,48,49,recursive_basis,0.084461199992802,842
0.8,48,49,recursive_no_basis,0.012691100011579692,842
0.8,49,50,recursive_basis,0.07690300000831485,846
0.8,49,50,recursive_no_basis,0.010836999979801476,846
0.8,49,50,general,28.536140899988823,846
0.8,50,51,recursive_no_basis,0.011005700012901798,884
0.8,50,51,general,29.15908219999983,884
0.8,50,51,recursive_basis,0.0898991999856662,884
0.8,51,52,general,28.083722300012596,835
0.8,51,52,recursive_basis,0.08496529998956248,835
0.8,51,52,recursive_no_basis,0.012149400019552559,835
0.8,52,53,recursive_basis,0.06992509998963214,831
0.8,52,53,recursive_no_basis,0.009958100010408089,831
0.8,52,53,general,27.809504699980607,831
0.8,53,54,recursive_no_basis,0.014125999994575977,842
0.8,53,54,general,28.443746799981454,842
0.8,53,54,recursive_basis,0.0832349999982398,842
0.8,54,55,general,30.18451210000785,916
0.8,54,55,recursive_basis,0.08265480000409298,916
0.8,54,55,recursive_no_basis,0.012035599997034296,916
0.8,55,56,recursive_basis,0.08010579997790046,823
0.8,55,56,recursive_no_basis,0.01266929999110289,823
0.8,55,56,general,27.69944209998357,823
0.8,56,57,recursive_no_basis,0.014575199980754405,840
0.8,56,57,general,28.276550900016446,840
0.8,56,57,recursive_basis,0.09438779999618419,840
0.8,57,58,general,28.9670630999899,867
0.8,57,58,recursive_basis,0.09671670000534505,867
0.8,57,58,recursive_no_basis,0.012849499995354563,867
0.8,58,59,recursive_basis,0.09736899999552406,839
0.8,58,59,recursive_no_basis,0.011537000013049692,839
0.8,58,59,general,27.864594800019404,839
0.8,59,60,recursive_no_basis,0.022190500021679327,850
0.8,59,60,general,28.288594200013904,850
0.8,59,60,recursive_basis,0.1343160000105854,850
0.8,60,61,general,28.61240120002185,846
0.8,60,61,recursive_basis,0.07325769998715259,846
0.8,60,61,recursive_no_basis,0.010022100002970546,846
0.8,61,62,recursive_basis,0.08723929998814128,805
0.8,61,62,recursive_no_basis,0.014782500016735867,805
0.8,61,62,general,27.224516499991296,805
0.8,62,63,recursive_no_basis,0.012494200025685132,873
0.8,62,63,general,28.854511799989268,873
0.8,62,63,recursive_basis,0.09133009999641217,873
0.8,63,64,general,27.78424380000797,834
0.8,63,64,recursive_basis,0.08957530002226122,834
0.8,63,64,recursive_no_basis,0.01119349998771213,834
0.8,64,65,recursive_basis,0.07931780000217259,843
0.8,64,65,recursive_no_basis,0.01034010000876151,843
0.8,64,65,general,28.293059399991762,843
0.8,65,66,recursive_no_basis,0.011578500008909032,834
0.8,65,66,general,27.981621899991296,834
0.8,65,66,recursive_basis,0.08191470001474954,834
0.8,66,67,general,27.448730699979933,886
0.8,66,67,recursive_basis,0.08942380000371486,886
0.8,66,67,recursive_no_basis,0.012560500006657094,886
0.8,67,68,recursive_basis,0.08133819999056868,835
0.8,67,68,recursive_no_basis,0.011955499998293817,835
0.8,67,68,general,27.699258699984057,835
0.8,68,69,recursive_no_basis,0.010706799977924675,894
0.8,68,69,general,29.599305799987633,894
0.8,68,69,recursive_basis,0.08587690000422299,894
0.8,69,70,general,26.71099370002048,796
0.8,69,70,recursive_basis,0.07840060000307858,796
0.8,69,70,recursive_no_basis,0.010454500006744638,796
0.8,70,71,recursive_basis,0.07662690000142902,825
0.8,70,71,recursive_no_basis,0.012010999984340742,825
0.8,70,71,general,27.64035370000056,825
0.8,71,72,recursive_no_basis,0.010706900007789955,819
0.8,71,72,general,27.216256899992004,819
0.8,71,72,recursive_basis,0.08625849999953061,819
0.8,72,73,general,28.087203699979,841
0.8,72,73,recursive_basis,0.09956799997598864,841
0.8,72,73,recursive_no_basis,0.01374789999681525,841
0.8,73,74,recursive_basis,0.08455660002073273,891
0.8,73,74,recursive_no_basis,0.012998299993341789,891
0.8,73,74,general,29.587454399996204,891
0.8,74,75,recursive_no_basis,0.012551899999380112,841
0.8,74,75,general,28.156089700001758,841
0.8,74,75,recursive_basis,0.08080309999058954,841
0.8,75,76,general,28.82128649999504,863
0.8,75,76,recursive_basis,0.08082050000666641,863
0.8,75,76,recursive_no_basis,0.012758800003211945,863
0.8,76,77,recursive_basis,0.07668019999982789,836
0.8,76,77,recursive_no_basis,0.013514600024791434,836
0.8,76,77,general,28.16937869999674,836
0.8,77,78,recursive_no_basis,0.012890699988929555,873
0.8,77,78,general,28.779241099982755,873
0.8,77,78,recursive_basis,0.08054719999199733,873
0.8,78,79,general,28.929864300007466,867
0.8,78,79,recursive_basis,0.08535820001270622,867
0.8,78,79,recursive_no_basis,0.010865099990041927,867
0.8,79,80,recursive_basis,0.08385370002361014,845
0.8,79,80,recursive_no_basis,0.012134200020227581,845
0.8,79,80,general,28.269662900012918,845
0.8,80,81,recursive_no_basis,0.013140900002326816,863
0.8,80,81,general,28.82530900000711,863
0.8,80,81,recursive_basis,0.08889669997734018,863
0.8,81,82,general,28.775131000002148,865
0.8,81,82,recursive_basis,0.0812246999994386,865
0.8,81,82,recursive_no_basis,0.010582500020973384,865
0.8,82,83,recursive_basis,0.08498700000927784,823
0.8,82,83,recursive_no_basis,0.011644399986835197,823
0.8,82,83,general,27.6728579000046,823
0.8,83,84,recursive_no_basis,0.011807500006398186,868
0.8,83,84,general,28.969436500017764,868
0.8,83,84,recursive_basis,0.09086549998028204,868
0.8,84,85,general,27.6914373000036,831
0.8,84,85,recursive_basis,0.07979909999994561,831
0.8,84,85,recursive_no_basis,0.011799900006735697,831
0.8,85,86,recursive_basis,0.08342109998920932,867
0.8,85,86,recursive_no_basis,0.01113000002806075,867
0.8,85,86,general,28.7638089999964,867
0.8,86,87,recursive_no_basis,0.012487600004533306,835
0.8,86,87,general,27.81459269998595,835
0.8,86,87,recursive_basis,0.09145530001842417,835
0.8,87,88,general,28.046590100013418,832
0.8,87,88,recursive_basis,0.09970640001120046,832
0.8,87,88,recursive_no_basis,0.014582100004190579,832
0.8,88,89,recursive_basis,0.10623449998092838,877
0.8,88,89,recursive_no_basis,0.013171899976441637,877
0.8,88,89,general,28.793612600013148,877
0.8,89,90,recursive_no_basis,0.012691700016148388,827
0.8,89,90,general,27.90369639999699,827
0.8,89,90,recursive_basis,0.08576660000835545,827
0.8,90,91,general,28.203129000001354,849
0.8,90,91,recursive_basis,0.08971249999012798,849
0.8,90,91,recursive_no_basis,0.012081399996532127,849
0.8,91,92,recursive_basis,0.08492180000757799,855
0.8,91,92,recursive_no_basis,0.011140399990836158,855
0.8,91,92,general,28.251319600007264,855
0.8,92,93,recursive_no_basis,0.013920600002165884,905
0.8,92,93,general,29.787368299992522,905
0.8,92,93,recursive_basis,0.10630959999980405,905
0.8,93,94,general,26.755328599974746,782
0.8,93,94,recursive_basis,0.07809910000651143,782
0.8,93,94,recursive_no_basis,0.012875999993411824,782
0.8,94,95,recursive_basis,0.09059550001984462,838
0.8,94,95,recursive_no_basis,0.0126528000109829,838
0.8,94,95,general,27.925501299992902,838
0.8,95,96,recursive_no_basis,0.010891699988860637,859
0.8,95,96,general,28.485765299992636,859
0.8,95,96,recursive_basis,0.08274640000308864,859
0.8,96,97,general,28.61862480000127,859
0.8,96,97,recursive_basis,0.10178200001246296,859
0.8,96,97,recursive_no_basis,0.015046300017274916,859
0.8,97,98,recursive_basis,0.08074870001291856,878
0.8,97,98,recursive_no_basis,0.010291899990988895,878
0.8,97,98,general,28.84465790001559,878
0.8,98,99,recursive_no_basis,0.010823299991898239,830
0.8,98,99,general,27.33248859999003,830
0.8,98,99,recursive_basis,0.0943865999870468,830
0.8,99,100,general,29.068650800007163,881
0.8,99,100,recursive_basis,0.08377060000202619,881
0.8,99,100,recursive_no_basis,0.011621300014667213,881
0.8,100,101,recursive_basis,0.07707319999462925,823
0.8,100,101,recursive_no_basis,0.010334899998269975,823
0.8,100,101,general,27.693249400006607,823
0.8,101,102,recursive_no_basis,0.012041800015140325,850
0.8,101,102,general,28.1071527999884,850
0.8,101,102,recursive_basis,0.09679419998428784,850
0.8,102,103,general,28.689591800008202,865
0.8,102,103,recursive_basis,0.09660390001954511,865
0.8,102,103,recursive_no_basis,0.014246099977754056,865
0.8,103,104,recursive_basis,0.08106430000043474,852
0.8,103,104,recursive_no_basis,0.01260699998238124,852
0.8,103,104,general,28.43044200001168,852
0.8,104,105,recursive_no_basis,0.011719100002665073,851
0.8,104,105,general,28.150273000006564,851
0.8,104,105,recursive_basis,0.09128010002314113,851
0.8,105,106,general,29.09034540000721,869
0.8,105,106,recursive_basis,0.08109749999130145,869
0.8,105,106,recursive_no_basis,0.011258999991696328,869
0.8,106,107,recursive_basis,0.08326799998758361,857
0.8,106,107,recursive_no_basis,0.012019699992379174,857
0.8,106,107,general,28.52697010000702,857
0.8,107,108,recursive_no_basis,0.011634399998001754,877
0.8,107,108,general,29.1691752000188,877
0.8,107,108,recursive_basis,0.07823019998613745,877
0.8,108,109,general,27.52502060000552,819
0.8,108,109,recursive_basis,0.08903609999106266,819
0.8,108,109,recursive_no_basis,0.012022200011415407,819
0.8,109,110,recursive_basis,0.07255049998639151,800
0.8,109,110,recursive_no_basis,0.013317000004462898,800
0.8,109,110,general,27.147256500000367,800
0.8,110,111,recursive_no_basis,0.011443000024883077,870
0.8,110,111,general,28.597724199993536,870
0.8,110,111,recursive_basis,0.09494680000352673,870
0.8,111,112,general,28.686952400021255,862
0.8,111,112,recursive_basis,0.08129620002000593,862
0.8,111,112,recursive_no_basis,0.013993900007335469,862
0.8,112,113,recursive_basis,0.09339729999192059,865
0.8,112,113,recursive_no_basis,0.013655099988682196,865
0.8,112,113,general,28.94967760000145,865
0.8,113,114,recursive_no_basis,0.012822099990444258,870
0.8,113,114,general,28.638288000016473,870
0.8,113,114,recursive_basis,0.08825959998648614,870
0.8,114,115,general,29.325243599974783,885
0.8,114,115,recursive_basis,0.08774230000562966,885
0.8,114,115,recursive_no_basis,0.013303699990501627,885
0.8,115,116,recursive_basis,0.08957049998571165,862
0.8,115,116,recursive_no_basis,0.011162699986016378,862
0.8,115,116,general,28.635116599994944,862
0.8,116,117,recursive_no_basis,0.013641999976243824,816
0.8,116,117,general,27.2620568999846,816
0.8,116,117,recursive_basis,0.08573699998669326,816
0.8,117,118,general,29.014234999980545,877
0.8,117,118,recursive_basis,0.08117679998395033,877
0.8,117,118,recursive_no_basis,0.010427100001834333,877
0.8,118,119,recursive_basis,0.1009425999945961,813
0.8,118,119,recursive_no_basis,0.013637800002470613,813
0.8,118,119,general,27.40845879999688,813
0.8,119,120,recursive_no_basis,0.011086000013165176,864
0.8,119,120,general,28.727271200012183,864
0.8,119,120,recursive_basis,0.08438980000209995,864
0.8,120,121,general,28.587743699987186,857
0.8,120,121,recursive_basis,0.08182500000111759,857
0.8,120,121,recursive_no_basis,0.009599000011803582,857
0.8,121,122,recursive_basis,0.08787369998754002,846
0.8,121,122,recursive_no_basis,0.013601399987237528,846
0.8,121,122,general,28.48020109999925,846
0.8,122,123,recursive_no_basis,0.01289589999942109,904
0.8,122,123,general,29.575791599985678,904
0.8,122,123,recursive_basis,0.08275150001281872,904
0.8,123,124,general,28.16930370000773,846
0.8,123,124,recursive_basis,0.08187009999528527,846
0.8,123,124,recursive_no_basis,0.011307900014799088,846
0.8,124,125,recursive_basis,0.08658529998501763,841
0.8,124,125,recursive_no_basis,0.013383999990765005,841
0.8,124,125,general,28.04161839999142,841
0.8,125,126,recursive_no_basis,0.011471299978438765,842
0.8,125,126,general,28.34148559998721,842
0.8,125,126,recursive_basis,0.0812535000150092,842
0.8,126,127,general,27.661624100001063,831
0.8,126,127,recursive_basis,0.08672439999645576,831
0.8,126,127,recursive_no_basis,0.011847299989312887,831
0.8,127,128,recursive_basis,0.08196829998632893,861
0.8,127,128,recursive_no_basis,0.0128827000153251,861
0.8,127,128,general,28.645573099987814,861
0.8,128,129,recursive_no_basis,0.014814800000749528,866
0.8,128,129,general,28.79747389999102,866
0.8,128,129,recursive_basis,0.10362779998104088,866
0.8,129,130,general,28.537006099999417,851
0.8,129,130,recursive_basis,0.08393660001456738,851
0.8,129,130,recursive_no_basis,0.011060899996664375,851
0.8,130,131,recursive_basis,0.11018379998859018,861
0.8,130,131,recursive_no_basis,0.019144499994581565,861
0.8,130,131,general,29.18864219999523,861
0.8,131,132,recursive_no_basis,0.011216600018087775,835
0.8,131,132,general,28.401912600005744,835
0.8,131,132,recursive_basis,0.0819789000088349,835
0.8,132,133,general,28.662466800014954,852
0.8,132,133,recursive_basis,0.08434239999041893,852
0.8,132,133,recursive_no_basis,0.011880599980941042,852
0.8,133,134,recursive_basis,0.11982130000251345,849
0.8,133,134,recursive_no_basis,0.030147400015266612,849
0.8,133,134,general,28.431566399987787,849
0.8,134,135,recursive_no_basis,0.012299299996811897,840
0.8,134,135,general,28.376336199988145,840
0.8,134,135,recursive_basis,0.07536720001371577,840
0.8,135,136,general,29.111930299986852,873
0.8,135,136,recursive_basis,0.08752729999832809,873
0.8,135,136,recursive_no_basis,0.012029599980451167,873
0.8,136,137,recursive_basis,0.15034049999667332,847
0.8,136,137,recursive_no_basis,0.01857059999019839,847
0.8,136,137,general,28.3242471999838,847
0.8,137,138,recursive_no_basis,0.01289740001084283,819
0.8,137,138,general,27.46993069999735,819
0.8,137,138,recursive_basis,0.08143809999455698,819
0.8,138,139,general,28.46550869999919,850
0.8,138,139,recursive_basis,0.07677779998630285,850
0.8,138,139,recursive_no_basis,0.011096400005044416,850
0.8,139,140,recursive_basis,0.08320669998647645,855
0.8,139,140,recursive_no_basis,0.011916799994651228,855
0.8,139,140,general,28.490598000003956,855
0.8,140,141,recursive_no_basis,0.013840600004186854,868
0.8,140,141,general,28.58923449998838,868
0.8,140,141,recursive_basis,0.09419930001604371,868
0.8,141,142,general,27.120491400011815,819
0.8,141,142,recursive_basis,0.08001110001350753,819
0.8,141,142,recursive_no_basis,0.01338180000311695,819
0.8,142,143,recursive_basis,0.12366449998808093,835
0.8,142,143,recursive_no_basis,0.012628600001335144,835
0.8,142,143,general,28.044854100007797,835
0.8,143,144,recursive_no_basis,0.011452400009147823,842
0.8,143,144,general,28.311474800022552,842
0.8,143,144,recursive_basis,0.08682570001110435,842
0.8,144,145,general,27.48849990000599,814
0.8,144,145,recursive_basis,0.09080209999228828,814
0.8,144,145,recursive_no_basis,0.013114700006553903,814
0.8,145,146,recursive_basis,0.08290129998931661,849
0.8,145,146,recursive_no_basis,0.011598400014918298,849
0.8,145,146,general,28.36260019999463,849
0.8,146,147,recursive_no_basis,0.011201999994227663,824
0.8,146,147,general,27.433542999991914,824
0.8,146,147,recursive_basis,0.07888180000009015,824
0.8,147,148,general,27.187520400009817,806
0.8,147,148,recursive_basis,0.08594259998062626,806
0.8,147,148,recursive_no_basis,0.011572199990041554,806
0.8,148,149,recursive_basis,0.09188059999723919,832
0.8,148,149,recursive_no_basis,0.011802799999713898,832
0.8,148,149,general,27.565525999991223,832
0.8,149,150,recursive_no_basis,0.010073000012198463,861
0.8,149,150,general,28.59911059998558,861
0.8,149,150,recursive_basis,0.08781900000758469,861
0.8,150,151,general,27.964078699995298,841
0.8,150,151,recursive_basis,0.08422940000309609,841
0.8,150,151,recursive_no_basis,0.01099360000807792,841
0.8,151,152,recursive_basis,0.08720570002333261,852
0.8,151,152,recursive_no_basis,0.011465499992482364,852
0.8,151,152,general,28.33840870001586,852
0.8,152,153,recursive_no_basis,0.0201453999907244,862
0.8,152,153,general,28.933076799992705,862
0.8,152,153,recursive_basis,0.11338390002492815,862
0.8,153,154,general,28.605416400008835,856
0.8,153,154,recursive_basis,0.080863799987128,856
0.8,153,154,recursive_no_basis,0.010670699994079769,856
0.8,154,155,recursive_basis,0.08457219999399967,856
0.8,154,155,recursive_no_basis,0.011784899979829788,856
0.8,154,155,general,28.500678300013533,856
0.8,155,156,recursive_no_basis,0.011350100015988573,840
0.8,155,156,general,28.255022099998314,840
0.8,155,156,recursive_basis,0.08157310000387952,840
0.8,156,157,general,28.928181499999482,857
0.8,156,157,recursive_basis,0.08299799999804236,857
0.8,156,157,recursive_no_basis,0.013696999987587333,857
0.8,157,158,recursive_basis,0.08832740000798367,849
0.8,157,158,recursive_no_basis,0.010855000000447035,849
0.8,157,158,general,28.30453269998543,849
0.8,158,159,recursive_no_basis,0.01695270001073368,818
0.8,158,159,general,27.61245659997803,818
0.8,158,159,recursive_basis,0.10485490001155995,818
0.8,159,160,general,27.66237929998897,822
0.8,159,160,recursive_basis,0.08619640002143569,822
0.8,159,160,recursive_no_basis,0.01085560000501573,822
0.8,160,161,recursive_basis,0.08547049999469891,856
0.8,160,161,recursive_no_basis,0.011089000006904826,856
0.8,160,161,general,28.608321200008504,856
0.8,161,162,recursive_no_basis,0.012371800024993718,885
0.8,161,162,general,29.22737259999849,885
0.8,161,162,recursive_basis,0.09014539999770932,885
0.8,162,163,general,29.13154180001584,874
0.8,162,163,recursive_basis,0.08987719999277033,874
0.8,162,163,recursive_no_basis,0.011327699990943074,874
0.8,163,164,recursive_basis,0.07895149997784756,852
0.8,163,164,recursive_no_basis,0.01074170001083985,852
0.8,163,164,general,28.555455099995015,852
0.8,164,165,recursive_no_basis,0.010411900002509356,899
0.8,164,165,general,29.74609369999962,899
0.8,164,165,recursive_basis,0.07993549999082461,899
0.8,165,166,general,29.620558099995833,880
0.8,165,166,recursive_basis,0.08066469998448156,880
0.8,165,166,recursive_no_basis,0.012145800021244213,880
0.8,166,167,recursive_basis,0.07924609998008236,864
0.8,166,167,recursive_no_basis,0.01150609998148866,864
0.8,166,167,general,28.83648619998712,864
0.8,167,168,recursive_no_basis,0.01385020001907833,784
0.8,167,168,general,26.884537100006128,784
0.8,167,168,recursive_basis,0.07781170000089332,784
0.8,168,169,general,29.43192299999646,881
0.8,168,169,recursive_basis,0.077044699981343,881
0.8,168,169,recursive_no_basis,0.010845599987078458,881
0.8,169,170,recursive_basis,0.12561590000404976,833
0.8,169,170,recursive_no_basis,0.01910530001623556,833
0.8,169,170,general,27.950012399989646,833
0.8,170,171,recursive_no_basis,0.011411700019380078,851
0.8,170,171,general,29.145390799996676,851
0.8,170,171,recursive_basis,0.08653950001462363,851
0.8,171,172,general,29.462876800011145,813
0.8,171,172,recursive_basis,0.08854179998161271,813
0.8,171,172,recursive_no_basis,0.012260699993930757,813
0.8,172,173,recursive_basis,0.08366760000353679,852
0.8,172,173,recursive_no_basis,0.011301900027319789,852
0.8,172,173,general,28.966309500014177,852
0.8,173,174,recursive_no_basis,0.014776600000914186,808
0.8,173,174,general,27.2283723000146,808
0.8,173,174,recursive_basis,0.08957390001160093,808
0.8,174,175,general,28.712530299992068,847
0.8,174,175,recursive_basis,0.0816783000191208,847
0.8,174,175,recursive_no_basis,0.010613199992803857,847
0.8,175,176,recursive_basis,0.0858633000170812,874
0.8,175,176,recursive_no_basis,0.010691799980122596,874
0.8,175,176,general,28.748207500000717,874
0.8,176,177,recursive_no_basis,0.055442299984861165,836
0.8,176,177,general,28.03933679999318,836
0.8,176,177,recursive_basis,0.08773790000122972,836
0.8,177,178,general,28.521483999997145,852
0.8,177,178,recursive_basis,0.08580180001445115,852
0.8,177,178,recursive_no_basis,0.011329100001603365,852
0.8,178,179,recursive_basis,0.08439020000514574,816
0.8,178,179,recursive_no_basis,0.01114750001579523,816
0.8,178,179,general,27.35373940001591,816
0.8,179,180,recursive_no_basis,0.013850199989974499,853
0.8,179,180,general,28.35334870000952,853
0.8,179,180,recursive_basis,0.10835100000258535,853
0.8,180,181,general,28.68926789998659,852
0.8,180,181,recursive_basis,0.08684709999943152,852
0.8,180,181,recursive_no_basis,0.011345400009304285,852
0.8,181,182,recursive_basis,0.07962720000068657,837
0.8,181,182,recursive_no_basis,0.01067059999331832,837
0.8,181,182,general,28.402062900015153,837
0.8,182,183,recursive_no_basis,0.011816800019005314,867
0.8,182,183,general,28.66858160000993,867
0.8,182,183,recursive_basis,0.09155340000870638,867
0.8,183,184,general,28.344837299984647,846
0.8,183,184,recursive_basis,0.1086529000021983,846
0.8,183,184,recursive_no_basis,0.012108399998396635,846
0.8,184,185,recursive_basis,0.08689759997650981,870
0.8,184,185,recursive_no_basis,0.010874800005694851,870
0.8,184,185,general,29.203491500025848,870
0.8,185,186,recursive_no_basis,0.011164600000483915,887
0.8,185,186,general,29.403531399992062,887
0.8,185,186,recursive_basis,0.09144059999380261,887
0.8,186,187,general,27.443867699999828,816
0.8,186,187,recursive_basis,0.08286190000944771,816
0.8,186,187,recursive_no_basis,0.010657800012268126,816
0.8,187,188,recursive_basis,0.09004599999752827,834
0.8,187,188,recursive_no_basis,0.013357700023334473,834
0.8,187,188,general,28.225114599976223,834
0.8,188,189,recursive_no_basis,0.013795900013064966,824
0.8,188,189,general,27.62195930001326,824
0.8,188,189,recursive_basis,0.09026120000635274,824
0.8,189,190,general,29.18023099997663,866
0.8,189,190,recursive_basis,0.08373430001665838,866
0.8,189,190,recursive_no_basis,0.012600499991094694,866
0.8,190,191,recursive_basis,0.08258340001339093,870
0.8,190,191,recursive_no_basis,0.01049420001800172,870
0.8,190,191,general,28.80621159999282,870
0.8,191,192,recursive_no_basis,0.013723600015509874,864
0.8,191,192,general,28.736843499995302,864
0.8,191,192,recursive_basis,0.09063890000106767,864
0.8,192,193,general,28.23769720000564,846
0.8,192,193,recursive_basis,0.1122363000176847,846
0.8,192,193,recursive_no_basis,0.02580490001128055,846
0.8,193,194,recursive_basis,0.0890058999939356,840
0.8,193,194,recursive_no_basis,0.01103510000393726,840
0.8,193,194,general,28.050560700008646,840
0.8,194,195,recursive_no_basis,0.012053200014634058,862
0.8,194,195,general,28.605076599982567,862
0.8,194,195,recursive_basis,0.09111209999537095,862
0.8,195,196,general,27.7251839999808,820
0.8,195,196,recursive_basis,0.08338900000671856,820
0.8,195,196,recursive_no_basis,0.013105799996992573,820
0.8,196,197,recursive_basis,0.0750912000075914,831
0.8,196,197,recursive_no_basis,0.011038500000722706,831
0.8,196,197,general,28.121465600008378,831
0.8,197,198,recursive_no_basis,0.011775199993280694,878
0.8,197,198,general,29.13319570000749,878
0.8,197,198,recursive_basis,0.08309479997842573,878
0.8,198,199,general,28.883759300020756,871
0.8,198,199,recursive_basis,0.09003580000717193,871
0.8,198,199,recursive_no_basis,0.010829799983184785,871
0.8,199,200,recursive_basis,0.08492880000267178,857
0.8,199,200,recursive_no_basis,0.011086100013926625,857
0.8,199,200,general,28.49705860001268,857
0.9,0,1,general,53.450711700017564,1411
0.9,0,1,recursive_basis,0.12128789999405853,1411
0.9,0,1,recursive_no_basis,0.009500299987848848,1411
0.9,1,2,recursive_basis,0.1219031999935396,1417
0.9,1,2,recursive_no_basis,0.00954310002271086,1417
0.9,1,2,general,53.890920599980745,1417
0.9,2,3,recursive_no_basis,0.010869399993680418,1435
0.9,2,3,general,54.28394419999677,1435
0.9,2,3,recursive_basis,0.12840990000404418,1435
0.9,3,4,general,54.460912099981215,1425
0.9,3,4,recursive_basis,0.12002320002648048,1425
0.9,3,4,recursive_no_basis,0.008896499988622963,1425
0.9,4,5,recursive_basis,0.1182027000177186,1440
0.9,4,5,recursive_no_basis,0.009245699999155477,1440
0.9,4,5,general,54.63988740000059,1440
0.9,5,6,recursive_no_basis,0.009060600015800446,1423
0.9,5,6,general,53.6814665000129,1423
0.9,5,6,recursive_basis,0.1156926000257954,1423
0.9,6,7,general,52.988746100018034,1393
0.9,6,7,recursive_basis,0.10828209997271188,1393
0.9,6,7,recursive_no_basis,0.009016600000904873,1393
0.9,7,8,recursive_basis,0.11666719999630004,1464
0.9,7,8,recursive_no_basis,0.00898589999997057,1464
0.9,7,8,general,55.35392209998099,1464
0.9,8,9,recursive_no_basis,0.009149099991191179,1414
0.9,8,9,general,53.83087799997884,1414
0.9,8,9,recursive_basis,0.10907240002416074,1414
0.9,9,10,general,54.88802949999808,1436
0.9,9,10,recursive_basis,0.11865489999763668,1436
0.9,9,10,recursive_no_basis,0.009618999989470467,1436
0.9,10,11,recursive_basis,0.1192596000037156,1427
0.9,10,11,recursive_no_basis,0.009798799990676343,1427
0.9,10,11,general,54.09540530000231,1427
0.9,11,12,recursive_no_basis,0.00940080001601018,1411
0.9,11,12,general,53.77084539999487,1411
0.9,11,12,recursive_basis,0.1110196000081487,1411
0.9,12,13,general,54.40867750000325,1436
0.9,12,13,recursive_basis,0.10895630001323298,1436
0.9,12,13,recursive_no_basis,0.009020800003781915,1436
0.9,13,14,recursive_basis,0.10778270001173951,1425
0.9,13,14,recursive_no_basis,0.00919030001387,1425
0.9,13,14,general,53.87193260001368,1425
0.9,14,15,recursive_no_basis,0.009195399994496256,1401
0.9,14,15,general,53.10641659999965,1401
0.9,14,15,recursive_basis,0.12574139999924228,1401
0.9,15,16,general,53.81148810000741,1414
0.9,15,16,recursive_basis,0.11603270002524368,1414
0.9,15,16,recursive_no_basis,0.008674000011524186,1414
0.9,16,17,recursive_basis,0.11701269997865893,1420
0.9,16,17,recursive_no_basis,0.010147799999685958,1420
0.9,16,17,general,53.95863549999194,1420
0.9,17,18,recursive_no_basis,0.0093384999781847,1411
0.9,17,18,general,53.595728099986445,1411
0.9,17,18,recursive_basis,0.12337659997865558,1411
0.9,18,19,general,55.15024740001536,1449
0.9,18,19,recursive_basis,0.11296099997707643,1449
0.9,18,19,recursive_no_basis,0.008949900016887113,1449
0.9,19,20,recursive_basis,0.11358819997985847,1400
0.9,19,20,recursive_no_basis,0.008836599998176098,1400
0.9,19,20,general,53.032809199998155,1400
0.9,20,21,recursive_no_basis,0.00870150001719594,1444
0.9,20,21,general,54.7495743999898,1444
0.9,20,21,recursive_basis,0.11461039999267086,1444
0.9,21,22,general,55.62586490000831,1460
0.9,21,22,recursive_basis,0.12546690000453964,1460
0.9,21,22,recursive_no_basis,0.009593099995981902,1460
0.9,22,23,recursive_basis,0.12931989997741766,1421
0.9,22,23,recursive_no_basis,0.010009199992055073,1421
0.9,22,23,general,53.88072399998782,1421
0.9,23,24,recursive_no_basis,0.009593700000550598,1451
0.9,23,24,general,55.13072309998097,1451
0.9,23,24,recursive_basis,0.11400489998050034,1451
0.9,24,25,general,54.08882529998664,1422
0.9,24,25,recursive_basis,0.12400890002027154,1422
0.9,24,25,recursive_no_basis,0.009536099998513237,1422
0.9,25,26,recursive_basis,0.11940620001405478,1430
0.9,25,26,recursive_no_basis,0.009304899984272197,1430
0.9,25,26,general,54.500966299994616,1430
0.9,26,27,recursive_no_basis,0.010216599999694154,1417
0.9,26,27,general,53.65479060000507,1417
0.9,26,27,recursive_basis,0.12280759998247959,1417
0.9,27,28,general,54.31231060001301,1433
0.9,27,28,recursive_basis,0.12407900000107475,1433
0.9,27,28,recursive_no_basis,0.009345300000859424,1433
0.9,28,29,recursive_basis,0.12256909999996424,1409
0.9,28,29,recursive_no_basis,0.010628400021232665,1409
0.9,28,29,general,53.57361790002324,1409
0.9,29,30,recursive_no_basis,0.008781699987594038,1456
0.9,29,30,general,55.37158050001017,1456
0.9,29,30,recursive_basis,0.11621510001714341,1456
0.9,30,31,general,54.97707230001106,1449
0.9,30,31,recursive_basis,0.1433580000011716,1449
0.9,30,31,recursive_no_basis,0.011034700000891462,1449
0.9,31,32,recursive_basis,0.11560339998686686,1396
0.9,31,32,recursive_no_basis,0.008957100013503805,1396
0.9,31,32,general,52.9447150999913,1396
0.9,32,33,recursive_no_basis,0.009912699984852225,1427
0.9,32,33,general,54.065139199985424,1427
0.9,32,33,recursive_basis,0.12514309998368844,1427
0.9,33,34,general,54.0478252999892,1427
0.9,33,34,recursive_basis,0.12534830000367947,1427
0.9,33,34,recursive_no_basis,0.009951800020644441,1427
0.9,34,35,recursive_basis,0.11063009998179041,1393
0.9,34,35,recursive_no_basis,0.00914900001953356,1393
0.9,34,35,general,53.04522279999219,1393
0.9,35,36,recursive_no_basis,0.009349300002213567,1399
0.9,35,36,general,53.15958369997679,1399
0.9,35,36,recursive_basis,0.12533139999140985,1399
0.9,36,37,general,54.06714319999446,1427
0.9,36,37,recursive_basis,0.1196265000035055,1427
0.9,36,37,recursive_no_basis,0.00971919999574311,1427
0.9,37,38,recursive_basis,0.11551030000555329,1402
0.9,37,38,recursive_no_basis,0.009658099996158853,1402
0.9,37,38,general,53.04610639999737,1402
0.9,38,39,recursive_no_basis,0.009075100009795278,1405
0.9,38,39,general,53.376204100000905,1405
0.9,38,39,recursive_basis,0.11249890000908636,1405
0.9,39,40,general,56.13879490000545,1472
0.9,39,40,recursive_basis,0.1133962000021711,1472
0.9,39,40,recursive_no_basis,0.008816199988359585,1472
0.9,40,41,recursive_basis,0.11424480000277981,1426
0.9,40,41,recursive_no_basis,0.009589699999196455,1426
0.9,40,41,general,54.31383180001285,1426
0.9,41,42,recursive_no_basis,0.008461000019451603,1421
0.9,41,42,general,53.88326109998161,1421
0.9,41,42,recursive_basis,0.11588150000898167,1421
0.9,42,43,general,53.44887130000279,1407
0.9,42,43,recursive_basis,0.11925119999796152,1407
0.9,42,43,recursive_no_basis,0.008983499981695786,1407
0.9,43,44,recursive_basis,0.11859690002165735,1438
0.9,43,44,recursive_no_basis,0.009598199976608157,1438
0.9,43,44,general,54.59522209997522,1438
0.9,44,45,recursive_no_basis,0.00936659998842515,1407
0.9,44,45,general,53.386953200009884,1407
0.9,44,45,recursive_basis,0.12595499999588355,1407
0.9,45,46,general,55.26167809998151,1452
0.9,45,46,recursive_basis,0.1200857000076212,1452
0.9,45,46,recursive_no_basis,0.009215999976731837,1452
0.9,46,47,recursive_basis,0.12098300000070594,1427
0.9,46,47,recursive_no_basis,0.009687799989478663,1427
0.9,46,47,general,54.286659999983385,1427
0.9,47,48,recursive_no_basis,0.00910450000083074,1415
0.9,47,48,general,53.68945459998213,1415
0.9,47,48,recursive_basis,0.12384469999233261,1415
0.9,48,49,general,53.97677399998065,1429
0.9,48,49,recursive_basis,0.11971070000436157,1429
0.9,48,49,recursive_no_basis,0.009284500003559515,1429
0.9,49,50,recursive_basis,0.11944179999409243,1448
0.9,49,50,recursive_no_basis,0.008974999975180253,1448
0.9,49,50,general,54.89916929998435,1448
0.9,50,51,recursive_no_basis,0.010235399997327477,1424
0.9,50,51,general,53.989595099992584,1424
0.9,50,51,recursive_basis,0.13018170002033003,1424
0.9,51,52,general,52.517333099996904,1381
0.9,51,52,recursive_basis,0.11835360000259243,1381
0.9,51,52,recursive_no_basis,0.010087700007716194,1381
0.9,52,53,recursive_basis,0.12365430002682842,1412
0.9,52,53,recursive_no_basis,0.008873099985066801,1412
0.9,52,53,general,53.76960590001545,1412
0.9,53,54,recursive_no_basis,0.009457799984375015,1406
0.9,53,54,general,53.42096180000226,1406
0.9,53,54,recursive_basis,0.11474389999057166,1406
0.9,54,55,general,55.63712559998385,1471
0.9,54,55,recursive_basis,0.11985720001393929,1471
0.9,54,55,recursive_no_basis,0.009077599999727681,1471
0.9,55,56,recursive_basis,0.12566349998814985,1411
0.9,55,56,recursive_no_basis,0.00950740001280792,1411
0.9,55,56,general,53.478516600007424,1411
0.9,56,57,recursive_no_basis,0.012268199992831796,1395
0.9,56,57,general,53.24679639999522,1395
0.9,56,57,recursive_basis,0.1377945999847725,1395
0.9,57,58,general,54.870933900005184,1452
0.9,57,58,recursive_basis,0.12557690002722666,1452
0.9,57,58,recursive_no_basis,0.009506299975328147,1452
0.9,58,59,recursive_basis,0.1290828000055626,1406
0.9,58,59,recursive_no_basis,0.0087993000051938,1406
0.9,58,59,general,53.20654410001589,1406
0.9,59,60,recursive_no_basis,0.009191999997710809,1431
0.9,59,60,general,54.711116499995114,1431
0.9,59,60,recursive_basis,0.12039980001281947,1431
0.9,60,61,general,54.50678060000064,1429
0.9,60,61,recursive_basis,0.12302420000196435,1429
0.9,60,61,recursive_no_basis,0.009076899994397536,1429
0.9,61,62,recursive_basis,0.1126698000007309,1396
0.9,61,62,recursive_no_basis,0.01005870001972653,1396
0.9,61,62,general,53.15450149998651,1396
0.9,62,63,recursive_no_basis,0.00955039999098517,1396
0.9,62,63,general,53.0403105999867,1396
0.9,62,63,recursive_basis,0.11576879999483936,1396
0.9,63,64,general,54.76148139999714,1433
0.9,63,64,recursive_basis,0.1180101000063587,1433
0.9,63,64,recursive_no_basis,0.008821700001135468,1433
0.9,64,65,recursive_basis,0.11267760000191629,1419
0.9,64,65,recursive_no_basis,0.008970399998361245,1419
0.9,64,65,general,53.85382150000078,1419
0.9,65,66,recursive_no_basis,0.009076899994397536,1433
0.9,65,66,general,54.26433320000069,1433
0.9,65,66,recursive_basis,0.11641389998840168,1433
0.9,66,67,general,53.383220400020946,1414
0.9,66,67,recursive_basis,0.11669809999875724,1414
0.9,66,67,recursive_no_basis,0.010010999976657331,1414
0.9,67,68,recursive_basis,0.12115449999691918,1409
0.9,67,68,recursive_no_basis,0.009315000002970919,1409
0.9,67,68,general,53.78547400000389,1409
0.9,68,69,recursive_no_basis,0.00936820000060834,1422
0.9,68,69,general,53.57463610000559,1422
0.9,68,69,recursive_basis,0.1237620999745559,1422
0.9,69,70,general,52.77769040002022,1386
0.9,69,70,recursive_basis,0.1227929999877233,1386
0.9,69,70,recursive_no_basis,0.010525699995923787,1386
0.9,70,71,recursive_basis,0.11794670001836494,1411
0.9,70,71,recursive_no_basis,0.009024099999805912,1411
0.9,70,71,general,53.581845699984115,1411
0.9,71,72,recursive_no_basis,0.009661300020525232,1423
0.9,71,72,general,53.89926920001744,1423
0.9,71,72,recursive_basis,0.1280753999890294,1423
0.9,72,73,general,54.87173340001027,1443
0.9,72,73,recursive_basis,0.12265589999151416,1443
0.9,72,73,recursive_no_basis,0.009691000013845041,1443
0.9,73,74,recursive_basis,0.12279279998620041,1476
0.9,73,74,recursive_no_basis,0.010515800007851794,1476
0.9,73,74,general,56.10911630000919,1476
0.9,74,75,recursive_no_basis,0.00930289999814704,1431
0.9,74,75,general,54.63386920001358,1431
0.9,74,75,recursive_basis,0.11703500000294298,1431
0.9,75,76,general,53.62846300000092,1407
0.9,75,76,recursive_basis,0.11691389998304658,1407
0.9,75,76,recursive_no_basis,0.0097265999938827,1407
0.9,76,77,recursive_basis,0.11577000000397675,1413
0.9,76,77,recursive_no_basis,0.00928530000965111,1413
0.9,76,77,general,53.65664309999556,1413
0.9,77,78,recursive_no_basis,0.009539000020595267,1425
0.9,77,78,general,53.901089299994055,1425
0.9,77,78,recursive_basis,0.12325820000842214,1425
0.9,78,79,general,54.964355600008275,1448
0.9,78,79,recursive_basis,0.11885709999478422,1448
0.9,78,79,recursive_no_basis,0.008959099999628961,1448
0.9,79,80,recursive_basis,0.11846940001123585,1419
0.9,79,80,recursive_no_basis,0.009093500004382804,1419
0.9,79,80,general,53.83347819998744,1419
0.9,80,81,recursive_no_basis,0.009561699989717454,1451
0.9,80,81,general,55.38014649998513,1451
0.9,80,81,recursive_basis,0.11364920000778511,1451
0.9,81,82,general,54.04102659999626,1427
0.9,81,82,recursive_basis,0.11840390000725165,1427
0.9,81,82,recursive_no_basis,0.008803100005025044,1427
0.9,82,83,recursive_basis,0.10906139999860898,1443
0.9,82,83,recursive_no_basis,0.009214899997459725,1443
0.9,82,83,general,55.15893999999389,1443
0.9,83,84,recursive_no_basis,0.008886399999028072,1444
0.9,83,84,general,55.08410300000105,1444
0.9,83,84,recursive_basis,0.11635080000269227,1444
0.9,84,85,general,53.704800500010606,1415
0.9,84,85,recursive_basis,0.12298089999239892,1415
0.9,84,85,recursive_no_basis,0.009841999999480322,1415
0.9,85,86,recursive_basis,0.11199229999328963,1417
0.9,85,86,recursive_no_basis,0.008590599987655878,1417
0.9,85,86,general,53.97432989999652,1417
0.9,86,87,recursive_no_basis,0.008784600009676069,1406
0.9,86,87,general,53.471013900008984,1406
0.9,86,87,recursive_basis,0.1089384000224527,1406
0.9,87,88,general,52.63526079998701,1384
0.9,87,88,recursive_basis,0.11504090001108125,1384
0.9,87,88,recursive_no_basis,0.00908220000565052,1384
0.9,88,89,recursive_basis,0.1306390000099782,1431
0.9,88,89,recursive_no_basis,0.009432799997739494,1431
0.9,88,89,general,54.28838379998342,1431
0.9,89,90,recursive_no_basis,0.008988499990664423,1432
0.9,89,90,general,54.166204499982996,1432
0.9,89,90,recursive_basis,0.11181509998277761,1432
0.9,90,91,general,54.34189090001746,1432
0.9,90,91,recursive_basis,0.11620799999218434,1432
0.9,90,91,recursive_no_basis,0.0095341999840457,1432
0.9,91,92,recursive_basis,0.11227459998917766,1418
0.9,91,92,recursive_no_basis,0.009648900013417006,1418
0.9,91,92,general,54.05066889998852,1418
0.9,92,93,recursive_no_basis,0.009741899993969128,1447
0.9,92,93,general,55.18305500000133,1447
0.9,92,93,recursive_basis,0.12640050001209602,1447
0.9,93,94,general,53.60553900001105,1405
0.9,93,94,recursive_basis,0.13247620000038296,1405
0.9,93,94,recursive_no_basis,0.010377500002505258,1405
0.9,94,95,recursive_basis,0.11402170002111234,1436
0.9,94,95,recursive_no_basis,0.008961899991845712,1436
0.9,94,95,general,54.397083699994255,1436
0.9,95,96,recursive_no_basis,0.009686900011729449,1417
0.9,95,96,general,54.14364259998547,1417
0.9,95,96,recursive_basis,0.12217750001582317,1417
0.9,96,97,general,54.63813810001011,1433
0.9,96,97,recursive_basis,0.11980740001308732,1433
0.9,96,97,recursive_no_basis,0.009022299986099824,1433
0.9,97,98,recursive_basis,0.11551860001054592,1438
0.9,97,98,recursive_no_basis,0.008530699997209013,1438
0.9,97,98,general,54.50142119999509,1438
0.9,98,99,recursive_no_basis,0.009683400014182553,1429
0.9,98,99,general,54.27139259999967,1429
0.9,98,99,recursive_basis,0.11465589998988435,1429
0.9,99,100,general,53.22328830001061,1401
0.9,99,100,recursive_basis,0.12051259999861941,1401
0.9,99,100,recursive_no_basis,0.009686000004876405,1401
0.9,100,101,recursive_basis,0.10581519998959266,1439
0.9,100,101,recursive_no_basis,0.00921419999212958,1439
0.9,100,101,general,54.63693510001758,1439
0.9,101,102,recursive_no_basis,0.00895620000665076,1418
0.9,101,102,general,55.832801600015955,1418
0.9,101,102,recursive_basis,0.12943030000315048,1418
0.9,102,103,general,60.898932100011734,1428
0.9,102,103,recursive_basis,0.1309678999823518,1428
0.9,102,103,recursive_no_basis,0.010084099980304018,1428
0.9,103,104,recursive_basis,0.12629819998983294,1430
0.9,103,104,recursive_no_basis,0.010346199997002259,1430
0.9,103,104,general,58.936069899995346,1430
0.9,104,105,recursive_no_basis,0.009295299998484552,1457
0.9,104,105,general,64.92925399998785,1457
0.9,104,105,recursive_basis,0.1304715999867767,1457
0.9,105,106,general,60.6444543999969,1417
0.9,105,106,recursive_basis,0.1306478999904357,1417
0.9,105,106,recursive_no_basis,0.010345399990910664,1417
0.9,106,107,recursive_basis,0.11811959999613464,1450
0.9,106,107,recursive_no_basis,0.009196600003633648,1450
0.9,106,107,general,62.871256300015375,1450
0.9,107,108,recursive_no_basis,0.012038899993058294,1410
0.9,107,108,general,59.965651499980595,1410
0.9,107,108,recursive_basis,0.13408429999253713,1410
0.9,108,109,general,58.085145499993814,1417
0.9,108,109,recursive_basis,0.12479550001444295,1417
0.9,108,109,recursive_no_basis,0.010125800006790087,1417
0.9,109,110,recursive_basis,0.12000179997994564,1418
0.9,109,110,recursive_no_basis,0.009450999990804121,1418
0.9,109,110,general,58.03458999999566,1418
0.9,110,111,recursive_no_basis,0.011728499986929819,1408
0.9,110,111,general,58.0580617999949,1408
0.9,110,111,recursive_basis,0.13108619998092763,1408
0.9,111,112,general,60.592330700019374,1407
0.9,111,112,recursive_basis,0.13875790001475252,1407
0.9,111,112,recursive_no_basis,0.01084680002531968,1407
0.9,112,113,recursive_basis,0.11508170000161044,1417
0.9,112,113,recursive_no_basis,0.009951099986210465,1417
0.9,112,113,general,60.274405200005276,1417
0.9,113,114,recursive_no_basis,0.009786199982045218,1460
0.9,113,114,general,60.38337049999973,1460
0.9,113,114,recursive_basis,0.12580710000474937,1460
0.9,114,115,general,59.907047800021246,1468
0.9,114,115,recursive_basis,0.1287677999935113,1468
0.9,114,115,recursive_no_basis,0.009818299993639812,1468
0.9,115,116,recursive_basis,0.13930069998605177,1429
0.9,115,116,recursive_no_basis,0.01068980002310127,1429
0.9,115,116,general,58.89683119999245,1429
0.9,116,117,recursive_no_basis,0.011871700000483543,1416
0.9,116,117,general,56.78588749998016,1416
0.9,116,117,recursive_basis,0.11429990001488477,1416
0.9,117,118,general,57.9218093000236,1421
0.9,117,118,recursive_basis,0.1387514999951236,1421
0.9,117,118,recursive_no_basis,0.010151499998755753,1421
0.9,118,119,recursive_basis,0.10879019999993034,1405
0.9,118,119,recursive_no_basis,0.010005699994508177,1405
0.9,118,119,general,57.60705849999795,1405
0.9,119,120,recursive_no_basis,0.009017800010042265,1415
0.9,119,120,general,60.99600179999834,1415
0.9,119,120,recursive_basis,0.12436489999527112,1415
0.9,120,121,general,58.09800329999416,1424
0.9,120,121,recursive_basis,0.14887699999962933,1424
0.9,120,121,recursive_no_basis,0.00937849999172613,1424
0.9,121,122,recursive_basis,0.12039920000825077,1406
0.9,121,122,recursive_no_basis,0.009801800013519824,1406
0.9,121,122,general,57.39394499998889,1406
0.9,122,123,recursive_no_basis,0.009853199997451156,1438
0.9,122,123,general,56.87680260001798,1438
0.9,122,123,recursive_basis,0.12501330001396127,1438
0.9,123,124,general,56.24761910000234,1434
0.9,123,124,recursive_basis,0.1442103000008501,1434
0.9,123,124,recursive_no_basis,0.01157729999977164,1434
0.9,124,125,recursive_basis,0.13066039999830537,1433
0.9,124,125,recursive_no_basis,0.010134900017874315,1433
0.9,124,125,general,56.04993859998649,1433
0.9,125,126,recursive_no_basis,0.009696100023575127,1414
0.9,125,126,general,55.88787570002023,1414
0.9,125,126,recursive_basis,0.12587610000628047,1414
0.9,126,127,general,55.797579500009306,1419
0.9,126,127,recursive_basis,0.12384119999478571,1419
0.9,126,127,recursive_no_basis,0.009511300013400614,1419
0.9,127,128,recursive_basis,0.11964350001653656,1413
0.9,127,128,recursive_no_basis,0.009650799998780712,1413
0.9,127,128,general,55.53473800001666,1413
0.9,128,129,recursive_no_basis,0.009709299978567287,1420
0.9,128,129,general,56.80392189999111,1420
0.9,128,129,recursive_basis,0.12560949998442084,1420
0.9,129,130,general,57.64296299999114,1411
0.9,129,130,recursive_basis,0.12395549999200739,1411
0.9,129,130,recursive_no_basis,0.010029400000348687,1411
0.9,130,131,recursive_basis,0.12477699998999014,1417
0.9,130,131,recursive_no_basis,0.00978160000522621,1417
0.9,130,131,general,58.76593839999987,1417
0.9,131,132,recursive_no_basis,0.009330300003057346,1419
0.9,131,132,general,58.496080899989465,1419
0.9,131,132,recursive_basis,0.18589649998466484,1419
0.9,132,133,general,57.485331400006544,1455
0.9,132,133,recursive_basis,0.12643529998604208,1455
0.9,132,133,recursive_no_basis,0.00939920000382699,1455
0.9,133,134,recursive_basis,0.1316985999874305,1429
0.9,133,134,recursive_no_basis,0.010440199985168874,1429
0.9,133,134,general,56.10811400000239,1429
0.9,134,135,recursive_no_basis,0.009851699986029416,1419
0.9,134,135,general,55.992456999985734,1419
0.9,134,135,recursive_basis,0.12025139998877421,1419
0.9,135,136,general,56.47386969998479,1436
0.9,135,136,recursive_basis,0.11198570000124164,1436
0.9,135,136,recursive_no_basis,0.00931480000144802,1436
0.9,136,137,recursive_basis,0.12893200002145022,1431
0.9,136,137,recursive_no_basis,0.010177599993767217,1431
0.9,136,137,general,56.71620399999665,1431
0.9,137,138,recursive_no_basis,0.009206099988659844,1428
0.9,137,138,general,56.289398699998856,1428
0.9,137,138,recursive_basis,0.11820779999834485,1428
0.9,138,139,general,56.550808300002245,1431
0.9,138,139,recursive_basis,0.11138370001572184,1431
0.9,138,139,recursive_no_basis,0.008990100002847612,1431
0.9,139,140,recursive_basis,0.12316000001737848,1432
0.9,139,140,recursive_no_basis,0.009591000009095296,1432
0.9,139,140,general,56.05151470002602,1432
0.9,140,141,recursive_no_basis,0.011485800001537427,1424
0.9,140,141,general,56.34356700000353,1424
0.9,140,141,recursive_basis,0.12316610000561923,1424
0.9,141,142,general,54.614614100020844,1406
0.9,141,142,recursive_basis,0.11982960000750609,1406
0.9,141,142,recursive_no_basis,0.009158300003036857,1406
0.9,142,143,recursive_basis,0.12926519999746233,1399
0.9,142,143,recursive_no_basis,0.009835999982897192,1399
0.9,142,143,general,59.023004999995464,1399
0.9,143,144,recursive_no_basis,0.00941110000712797,1429
0.9,143,144,general,58.49608539999463,1429
0.9,143,144,recursive_basis,0.13364300000830553,1429
0.9,144,145,general,57.37745339999674,1421
0.9,144,145,recursive_basis,0.1372851000051014,1421
0.9,144,145,recursive_no_basis,0.009988299978431314,1421
0.9,145,146,recursive_basis,0.12161709999782033,1448
0.9,145,146,recursive_no_basis,0.008914400008507073,1448
0.9,145,146,general,59.97825489999377,1448
0.9,146,147,recursive_no_basis,0.010496800008695573,1420
0.9,146,147,general,57.73556329999701,1420
0.9,146,147,recursive_basis,0.13064869999652728,1420
0.9,147,148,general,57.29116550000617,1397
0.9,147,148,recursive_basis,0.1300797000003513,1397
0.9,147,148,recursive_no_basis,0.008925899979658425,1397
0.9,148,149,recursive_basis,0.1263154000043869,1442
0.9,148,149,recursive_no_basis,0.010737000004155561,1442
0.9,148,149,general,59.77374500001315,1442
0.9,149,150,recursive_no_basis,0.009484600013820454,1433
0.9,149,150,general,58.51487380001345,1433
0.9,149,150,recursive_basis,0.13588640000671148,1433
0.9,150,151,general,58.42147569998633,1434
0.9,150,151,recursive_basis,0.1196355999854859,1434
0.9,150,151,recursive_no_basis,0.009313799993833527,1434
0.9,151,152,recursive_basis,0.13504290001583286,1445
0.9,151,152,recursive_no_basis,0.009989299986045808,1445
0.9,151,152,general,58.195072600006824,1445
0.9,152,153,recursive_no_basis,0.011879800003953278,1438
0.9,152,153,general,59.0797497999738,1438
0.9,152,153,recursive_basis,0.13074890000279993,1438
0.9,153,154,general,56.9520606000151,1412
0.9,153,154,recursive_basis,0.12218440001015551,1412
0.9,153,154,recursive_no_basis,0.009880400000838563,1412
0.9,154,155,recursive_basis,0.11489840000285767,1415
0.9,154,155,recursive_no_basis,0.009214999998221174,1415
0.9,154,155,general,57.2062186000112,1415
0.9,155,156,recursive_no_basis,0.012554100016131997,1440
0.9,155,156,general,60.58055699997931,1440
0.9,155,156,recursive_basis,0.14208079999662004,1440
0.9,156,157,general,60.50818360000267,1450
0.9,156,157,recursive_basis,0.12360079999780282,1450
0.9,156,157,recursive_no_basis,0.009779899992281571,1450
0.9,157,158,recursive_basis,0.1363267000124324,1437
0.9,157,158,recursive_no_basis,0.009704099997179583,1437
0.9,157,158,general,59.76585590001196,1437
0.9,158,159,recursive_no_basis,0.009891400026390329,1410
0.9,158,159,general,59.5224814999965,1410
0.9,158,159,recursive_basis,0.12588189999223687,1410
0.9,159,160,general,60.19362499998533,1428
0.9,159,160,recursive_basis,0.1184099999954924,1428
0.9,159,160,recursive_no_basis,0.00907040000311099,1428
0.9,160,161,recursive_basis,0.1233747000223957,1427
0.9,160,161,recursive_no_basis,0.009388500009663403,1427
0.9,160,161,general,60.332340099994326,1427
0.9,161,162,recursive_no_basis,0.010291899990988895,1447
0.9,161,162,general,60.49902529999963,1447
0.9,161,162,recursive_basis,0.13700490002520382,1447
0.9,162,163,general,60.13594830001239,1435
0.9,162,163,recursive_basis,0.14156320001347922,1435
0.9,162,163,recursive_no_basis,0.010616399988066405,1435
0.9,163,164,recursive_basis,0.12806170000112616,1415
0.9,163,164,recursive_no_basis,0.009514500008663163,1415
0.9,163,164,general,59.63711979999789,1415
0.9,164,165,recursive_no_basis,0.010003599978517741,1434
0.9,164,165,general,59.021068900008686,1434
0.9,164,165,recursive_basis,0.12784650002140552,1434
0.9,165,166,general,59.35076999999001,1432
0.9,165,166,recursive_basis,0.13237790000857785,1432
0.9,165,166,recursive_no_basis,0.009582400001818314,1432
0.9,166,167,recursive_basis,0.13062219999847002,1418
0.9,166,167,recursive_no_basis,0.011519699997734278,1418
0.9,166,167,general,59.95636439998634,1418
0.9,167,168,recursive_no_basis,0.011360200005583465,1393
0.9,167,168,general,59.14092890001484,1393
0.9,167,168,recursive_basis,0.13123950001318008,1393
0.9,168,169,general,59.046407400019234,1410
0.9,168,169,recursive_basis,0.14795819998835213,1410
0.9,168,169,recursive_no_basis,0.010425400017993525,1410
0.9,169,170,recursive_basis,0.13698080001631752,1427
0.9,169,170,recursive_no_basis,0.013368000014452264,1427
0.9,169,170,general,59.900092900003074,1427
0.9,170,171,recursive_no_basis,0.009713200008263811,1421
0.9,170,171,general,59.86817429997609,1421
0.9,170,171,recursive_basis,0.13224520001676865,1421
0.9,171,172,general,61.85647009999957,1406
0.9,171,172,recursive_basis,0.1273702000034973,1406
0.9,171,172,recursive_no_basis,0.010040199995273724,1406
0.9,172,173,recursive_basis,0.1329193999990821,1410
0.9,172,173,recursive_no_basis,0.009851400012848899,1410
0.9,172,173,general,57.70965759997489,1410
0.9,173,174,recursive_no_basis,0.011188900010893121,1414
0.9,173,174,general,59.76771580000059,1414
0.9,173,174,recursive_basis,0.134215000027325,1414
0.9,174,175,general,59.356220199988456,1413
0.9,174,175,recursive_basis,0.13869699998758733,1413
0.9,174,175,recursive_no_basis,0.010358200001064688,1413
0.9,175,176,recursive_basis,0.14180290000513196,1421
0.9,175,176,recursive_no_basis,0.010586400021566078,1421
0.9,175,176,general,58.78951229999075,1421
0.9,176,177,recursive_no_basis,0.010180700017372146,1390
0.9,176,177,general,57.07998330000555,1390
0.9,176,177,recursive_basis,0.13019180000992492,1390
0.9,177,178,general,59.75966340000741,1437
0.9,177,178,recursive_basis,0.1324185999983456,1437
0.9,177,178,recursive_no_basis,0.010936099977698177,1437
0.9,178,179,recursive_basis,0.12499700000626035,1432
0.9,178,179,recursive_no_basis,0.009777600003872067,1432
0.9,178,179,general,59.38683829997899,1432
0.9,179,180,recursive_no_basis,0.01034909998998046,1422
0.9,179,180,general,59.03872949999641,1422
0.9,179,180,recursive_basis,0.12946480000391603,1422
0.9,180,181,general,57.99458169998252,1401
0.9,180,181,recursive_basis,0.12976350000826642,1401
0.9,180,181,recursive_no_basis,0.010101100022438914,1401
0.9,181,182,recursive_basis,0.13031239999691024,1417
0.9,181,182,recursive_no_basis,0.010771100001875311,1417
0.9,181,182,general,58.736661499977345,1417
0.9,182,183,recursive_no_basis,0.011523400025907904,1431
0.9,182,183,general,59.01546039999812,1431
0.9,182,183,recursive_basis,0.13618339999811724,1431
0.9,183,184,general,57.81199519999791,1392
0.9,183,184,recursive_basis,0.13409130001673475,1392
0.9,183,184,recursive_no_basis,0.01003780000610277,1392
0.9,184,185,recursive_basis,0.1313217999995686,1441
0.9,184,185,recursive_no_basis,0.00960829999530688,1441
0.9,184,185,general,59.49032539999462,1441
0.9,185,186,recursive_no_basis,0.010650500014889985,1432
0.9,185,186,general,59.12740929998108,1432
0.9,185,186,recursive_basis,0.14067100000102073,1432
0.9,186,187,general,58.31014230000437,1428
0.9,186,187,recursive_basis,0.13481939997291192,1428
0.9,186,187,recursive_no_basis,0.010005100019043311,1428
0.9,187,188,recursive_basis,0.13705009999102913,1419
0.9,187,188,recursive_no_basis,0.011056199989980087,1419
0.9,187,188,general,60.713747800007695,1419
0.9,188,189,recursive_no_basis,0.010608999989926815,1440
0.9,188,189,general,60.49996359998477,1440
0.9,188,189,recursive_basis,0.13179390001459979,1440
0.9,189,190,general,58.87861989997327,1422
0.9,189,190,recursive_basis,0.1353147999907378,1422
0.9,189,190,recursive_no_basis,0.01077730001998134,1422
0.9,190,191,recursive_basis,0.1264122000138741,1423
0.9,190,191,recursive_no_basis,0.010777500021504238,1423
0.9,190,191,general,59.404100299987476,1423
0.9,191,192,recursive_no_basis,0.010023400012869388,1428
0.9,191,192,general,58.722828500001924,1428
0.9,191,192,recursive_basis,0.19958270000643097,1428
0.9,192,193,general,59.59439949999796,1420
0.9,192,193,recursive_basis,0.2283381000161171,1420
0.9,192,193,recursive_no_basis,0.014419600018300116,1420
0.9,193,194,recursive_basis,0.1716409999935422,1431
0.9,193,194,recursive_no_basis,0.011963199998717755,1431
0.9,193,194,general,60.197070399997756,1431
0.9,194,195,recursive_no_basis,0.010276999993948266,1430
0.9,194,195,general,59.781009500002256,1430
0.9,194,195,recursive_basis,0.13105630001518875,1430
0.9,195,196,general,58.92478430000483,1424
0.9,195,196,recursive_basis,0.11733720000484027,1424
0.9,195,196,recursive_no_basis,0.01043629998457618,1424
0.9,196,197,recursive_basis,0.13188139998237602,1444
0.9,196,197,recursive_no_basis,0.012006700009806082,1444
0.9,196,197,general,59.942763700004434,1444
0.9,197,198,recursive_no_basis,0.009097900008782744,1435
0.9,197,198,general,59.453817799978424,1435
0.9,197,198,recursive_basis,0.1230838000192307,1435
0.9,198,199,general,58.35228360001929,1424
0.9,198,199,recursive_basis,0.13425599999027327,1424
0.9,198,199,recursive_no_basis,0.00994589997571893,1424
0.9,199,200,recursive_basis,0.12910180000471883,1428
0.9,199,200,recursive_no_basis,0.010545000026468188,1428
0.9,199,200,general,59.56428839999717,1428
