density,repetition,seed,algorithm,runtime_seconds,betti_number
0.1,0,1,general,0.006494300003396347,0
0.1,0,1,recursive_basis,0.0006041000015102327,0
0.1,0,1,recursive_no_basis,0.0004864000075031072,0
0.1,1,2,recursive_basis,0.0005038999952375889,0
0.1,1,2,recursive_no_basis,0.0004427999956533313,0
0.1,1,2,general,0.007513299991842359,0
0.1,2,3,recursive_no_basis,0.0005127000040374696,0
0.1,2,3,general,0.004649799986509606,0
0.1,2,3,recursive_basis,0.0005256999866105616,0
0.1,3,4,general,0.005897199996979907,0
0.1,3,4,recursive_basis,0.0005688999954145402,0
0.1,3,4,recursive_no_basis,0.0005362000083550811,0
0.1,4,5,recursive_basis,0.0004865999799221754,0
0.1,4,5,recursive_no_basis,0.0005317000031936914,0
0.1,4,5,general,0.006768299994291738,0
0.1,5,6,recursive_no_basis,0.0005164000031072646,0
0.1,5,6,general,0.004145300015807152,0
0.1,5,6,recursive_basis,0.0005256000149529427,0
0.1,6,7,general,0.006245099997613579,0
0.1,6,7,recursive_basis,0.000690699991537258,0
0.1,6,7,recursive_no_basis,0.0005584000027738512,0
0.1,7,8,recursive_basis,0.0005200000014156103,0
0.1,7,8,recursive_no_basis,0.0004966999986208975,0
0.1,7,8,general,0.004483700002310798,0
0.1,8,9,recursive_no_basis,0.0004901000065729022,0
0.1,8,9,general,0.006311300006927922,0
0.1,8,9,recursive_basis,0.0005794999888166785,0
0.1,9,10,general,0.0046193000162020326,0
0.1,9,10,recursive_basis,0.0005595999828074127,0
0.1,9,10,recursive_no_basis,0.00046579999616369605,0
0.1,10,11,recursive_basis,0.0008400999940931797,0
0.1,10,11,recursive_no_basis,0.0004797999863512814,0
0.1,10,11,general,0.0057649000082165,0
0.1,11,12,recursive_no_basis,0.00048499999684281647,0
0.1,11,12,general,0.0051392000168561935,0
0.1,11,12,recursive_basis,0.0006444999889936298,0
0.1,12,13,general,0.007451899989973754,0
0.1,12,13,recursive_basis,0.0005876999930478632,0
0.1,12,13,recursive_no_basis,0.0005734999722335488,0
0.1,13,14,recursive_basis,0.0005320000054780394,0
0.1,13,14,recursive_no_basis,0.000610999995842576,0
0.1,13,14,general,0.005185300018638372,0
0.1,14,15,recursive_no_basis,0.0006098999874666333,0
0.1,14,15,general,0.0053693999943789095,0
0.1,14,15,recursive_basis,0.0005966000026091933,0
0.1,15,16,general,0.005425200011814013,0
0.1,15,16,recursive_basis,0.000735500012524426,0
0.1,15,16,recursive_no_basis,0.00047759999870322645,0
0.1,16,17,recursive_basis,0.000533499987795949,0
0.1,16,17,recursive_no_basis,0.0004757000133395195,0
0.1,16,17,general,0.005770499992650002,0
0.1,17,18,recursive_no_basis,0.0005338999908417463,0
0.1,17,18,general,0.006319499982055277,0
0.1,17,18,recursive_basis,0.0006301999965216964,0
0.1,18,19,general,0.005586899991612881,0
0.1,18,19,recursive_basis,0.0005818000063300133,0
0.1,18,19,recursive_no_basis,0.0004890999989584088,0
0.1,19,20,recursive_basis,0.0004625000001396984,0
0.1,19,20,recursive_no_basis,0.0005033000197727233,0
0.1,19,20,general,0.00582419999409467,0
0.1,20,21,recursive_no_basis,0.0005952999927103519,0
0.1,20,21,general,0.005269699991913512,0
0.1,20,21,recursive_basis,0.0006529999955091625,0
0.1,21,22,general,0.004799899994395673,0
0.1,21,22,recursive_basis,0.0009034000104293227,0
0.1,21,22,recursive_no_basis,0.0005564999883063138,0
0.1,22,23,recursive_basis,0.000527600001078099,0
0.1,22,23,recursive_no_basis,0.00046099998871795833,0
0.1,22,23,general,0.00512779998825863,0
0.1,23,24,recursive_no_basis,0.0004793000116478652,0
0.1,23,24,general,0.006016600003931671,0
0.1,23,24,recursive_basis,0.0007245000160764903,0
0.1,24,25,general,0.005315499991411343,0
0.1,24,25,recursive_basis,0.000658600009046495,0
0.1,24,25,recursive_no_basis,0.000512800004798919,0
0.1,25,26,recursive_basis,0.0004763000179082155,0
0.1,25,26,recursive_no_basis,0.0004931000003125519,0
0.1,25,26,general,0.006601100001716986,0
0.1,26,27,recursive_no_basis,0.0014710999967064708,0
0.1,26,27,general,0.0048411000170744956,0
0.1,26,27,recursive_basis,0.0008569000056013465,0
0.1,27,28,general,0.005790600000182167,0
0.1,27,28,recursive_basis,0.0008173999958671629,0
0.1,27,28,recursive_no_basis,0.0005021000106353313,0
0.1,28,29,recursive_basis,0.0005107999895699322,0
0.1,28,29,recursive_no_basis,0.0004597000079229474,0
0.1,28,29,general,0.0059526000113692135,0
0.1,29,30,recursive_no_basis,0.0006003000016789883,0
0.1,29,30,general,0.0049848000053316355,0
0.1,29,30,recursive_basis,0.0005219999875407666,0
0.1,30,31,general,0.005411199992522597,0
0.1,30,31,recursive_basis,0.0006236000044737011,0
0.1,30,31,recursive_no_basis,0.0005530000198632479,0
0.1,31,32,recursive_basis,0.00048420001985505223,0
0.1,31,32,recursive_no_basis,0.0005154999962542206,0
0.1,31,32,general,0.005736099992645904,0
0.1,32,33,recursive_no_basis,0.0005865999846719205,0
0.1,32,33,general,0.005078200018033385,0
0.1,32,33,recursive_basis,0.00059710000641644,0
0.1,33,34,general,0.007051099993987009,0
0.1,33,34,recursive_basis,0.0006546000076923519,0
0.1,33,34,recursive_no_basis,0.0005118999979458749,0
0.1,34,35,recursive_basis,0.0012212000146973878,0
0.1,34,35,recursive_no_basis,0.0009480000007897615,0
0.1,34,35,general,0.0062522000225726515,0
0.1,35,36,recursive_no_basis,0.0005912999913562089,0
0.1,35,36,general,0.008083799999440089,0
0.1,35,36,recursive_basis,0.0019669999892357737,0
0.1,36,37,general,0.006232700019609183,0
0.1,36,37,recursive_basis,0.0006222999945748597,0
0.1,36,37,recursive_no_basis,0.0005295999872032553,0
0.1,37,38,recursive_basis,0.0006123999773990363,0
0.1,37,38,recursive_no_basis,0.0006188000261317939,0
0.1,37,38,general,0.005535699980100617,0
0.1,38,39,recursive_no_basis,0.00081490000593476,0
0.1,38,39,general,0.00437369997962378,0
0.1,38,39,recursive_basis,0.0005275000003166497,0
0.1,39,40,general,0.005034100002376363,0
0.1,39,40,recursive_basis,0.0005219999875407666,0
0.1,39,40,recursive_no_basis,0.0005170000076759607,0
0.1,40,41,recursive_basis,0.0008151999791152775,0
0.1,40,41,recursive_no_basis,0.0010235000227112323,0
0.1,40,41,general,0.005970600002910942,0
0.1,41,42,recursive_no_basis,0.0005200000014156103,0
0.1,41,42,general,0.00544779998017475,0
0.1,41,42,recursive_basis,0.0005640999879688025,0
0.1,42,43,general,0.0050811999826692045,0
0.1,42,43,recursive_basis,0.0010479000047780573,0
0.1,42,43,recursive_no_basis,0.0004599000094458461,0
0.1,43,44,recursive_basis,0.0005102000141050667,0
0.1,43,44,recursive_no_basis,0.0004896000027656555,0
0.1,43,44,general,0.0061135000141803175,0
0.1,44,45,recursive_no_basis,0.0005145999894011766,0
0.1,44,45,general,0.0075932000181637704,0
0.1,44,45,recursive_basis,0.00053039999329485,0
0.1,45,46,general,0.0039638999733142555,0
0.1,45,46,recursive_basis,0.0005773000011686236,0
0.1,45,46,recursive_no_basis,0.0006397000106517226,0
0.1,46,47,recursive_basis,0.0008703999919816852,0
0.1,46,47,recursive_no_basis,0.0005546999746002257,0
0.1,46,47,general,0.005873699992662296,0
0.1,47,48,recursive_no_basis,0.0005477000086102635,0
0.1,47,48,general,0.006162800011225045,0
0.1,47,48,recursive_basis,0.0006709999870508909,0
0.1,48,49,general,0.00637690001167357,0
0.1,48,49,recursive_basis,0.00068450000253506,0
0.1,48,49,recursive_no_basis,0.0005096999811939895,0
0.1,49,50,recursive_basis,0.0005447999865282327,0
0.1,49,50,recursive_no_basis,0.00046779998228885233,0
0.1,49,50,general,0.0064341999823227525,0
0.1,50,51,recursive_no_basis,0.0005972999788355082,0
0.1,50,51,general,0.006460899981902912,0
0.1,50,51,recursive_basis,0.0011298999888822436,0
0.1,51,52,general,0.005341799987945706,0
0.1,51,52,recursive_basis,0.0005588000058196485,0
0.1,51,52,recursive_no_basis,0.0005347999976947904,0
0.1,52,53,recursive_basis,0.00048180000158026814,0
0.1,52,53,recursive_no_basis,0.0005089000042062253,0
0.1,52,53,general,0.005171800003154203,0
0.1,53,54,recursive_no_basis,0.0007404999923892319,0
0.1,53,54,general,0.006100400001741946,0
0.1,53,54,recursive_basis,0.0007006000087130815,0
0.1,54,55,general,0.004924500011838973,0
0.1,54,55,recursive_basis,0.0005784000095445663,0
0.1,54,55,recursive_no_basis,0.0004625000001396984,0
0.1,55,56,recursive_basis,0.0004868999822065234,0
0.1,55,56,recursive_no_basis,0.0004683000151999295,0
0.1,55,56,general,0.004902399989077821,0
0.1,56,57,recursive_no_basis,0.0005250000103842467,0
0.1,56,57,general,0.004866700008278713,0
0.1,56,57,recursive_basis,0.0005819999787490815,0
0.1,57,58,general,0.005208999995375052,0
0.1,57,58,recursive_basis,0.0005881999968551099,0
0.1,57,58,recursive_no_basis,0.0006152999994810671,0
0.1,58,59,recursive_basis,0.0005422000249382108,0
0.1,58,59,recursive_no_basis,0.001060499984305352,0
0.1,58,59,general,0.005765799985965714,0
0.1,59,60,recursive_no_basis,0.0005450000171549618,0
0.1,59,60,general,0.0057801999791990966,0
0.1,59,60,recursive_basis,0.0005543000006582588,0
0.1,60,61,general,0.006105000007664785,0
0.1,60,61,recursive_basis,0.0005911000189371407,0
0.1,60,61,recursive_no_basis,0.0004844999930355698,0
0.1,61,62,recursive_basis,0.0004924999957438558,0
0.1,61,62,recursive_no_basis,0.0005193999968469143,0
0.1,61,62,general,0.004651600000215694,0
0.1,62,63,recursive_no_basis,0.0004825000069104135,0
0.1,62,63,general,0.005622299999231473,0
0.1,62,63,recursive_basis,0.0005310999986249954,0
0.1,63,64,general,0.005335399997420609,0
0.1,63,64,recursive_basis,0.0005298000178299844,0
0.1,63,64,recursive_no_basis,0.0004939000064041466,0
0.1,64,65,recursive_basis,0.0004416000156197697,0
0.1,64,65,recursive_no_basis,0.0004805999924428761,0
0.1,64,65,general,0.004741999990073964,0
0.1,65,66,recursive_no_basis,0.0005379999929573387,0
0.1,65,66,general,0.0046224000107031316,0
0.1,65,66,recursive_basis,0.0005407000135164708,0
0.1,66,67,general,0.00406110001495108,0
0.1,66,67,recursive_basis,0.0004926999972667545,0
0.1,66,67,recursive_no_basis,0.0008173999958671629,0
0.1,67,68,recursive_basis,0.0004865999799221754,0
0.1,67,68,recursive_no_basis,0.00046369998017326,0
0.1,67,68,general,0.0047441000060644,0
0.1,68,69,recursive_no_basis,0.0005185999907553196,0
0.1,68,69,general,0.005914400011533871,0
0.1,68,69,recursive_basis,0.0007203000131994486,0
0.1,69,70,general,0.009556600009091198,0
0.1,69,70,recursive_basis,0.0006745999853592366,0
0.1,69,70,recursive_no_basis,0.000512500002514571,0
0.1,70,71,recursive_basis,0.0005923999997321516,0
0.1,70,71,recursive_no_basis,0.0006203000084497035,0
0.1,70,71,general,0.010294399980921298,0
0.1,71,72,recursive_no_basis,0.0004979000077582896,0
0.1,71,72,general,0.0059588000003714114,0
0.1,71,72,recursive_basis,0.00047480000648647547,0
0.1,72,73,general,0.004251099977409467,0
0.1,72,73,recursive_basis,0.0005596999835688621,0
0.1,72,73,recursive_no_basis,0.0004765999910887331,0
0.1,73,74,recursive_basis,0.0004427999956533313,0
0.1,73,74,recursive_no_basis,0.0004831999831367284,0
0.1,73,74,general,0.00724649999756366,0
0.1,74,75,recursive_no_basis,0.0005124000017531216,0
0.1,74,75,general,0.0055850000062491745,0
0.1,74,75,recursive_basis,0.0007027999963611364,0
0.1,75,76,general,0.006740800017723814,0
0.1,75,76,recursive_basis,0.000597400008700788,0
0.1,75,76,recursive_no_basis,0.0005456999933812767,0
0.1,76,77,recursive_basis,0.00048469999455846846,0
0.1,76,77,recursive_no_basis,0.0005089000042062253,0
0.1,76,77,general,0.005416300002252683,0
0.1,77,78,recursive_no_basis,0.0005890000029467046,0
0.1,77,78,general,0.00514259998453781,0
0.1,77,78,recursive_basis,0.000609799986705184,0
0.1,78,79,general,0.006105099979322404,0
0.1,78,79,recursive_basis,0.0006186999962665141,0
0.1,78,79,recursive_no_basis,0.0005067999882157892,0
0.1,79,80,recursive_basis,0.000529499986441806,0
0.1,79,80,recursive_no_basis,0.0004774999979417771,0
0.1,79,80,general,0.007327600003918633,0
0.1,80,81,recursive_no_basis,0.0005469999741762877,0
0.1,80,81,general,0.005267900007311255,0
0.1,80,81,recursive_basis,0.0005926000012550503,0
0.1,81,82,general,0.006817699992097914,0
0.1,81,82,recursive_basis,0.0006101000180933625,0
0.1,81,82,recursive_no_basis,0.0007170999888330698,0
0.1,82,83,recursive_basis,0.0006594000151380897,0
0.1,82,83,recursive_no_basis,0.0005975000094622374,0
0.1,82,83,general,0.006273299979511648,0
0.1,83,84,recursive_no_basis,0.0009748999727889895,0
0.1,83,84,general,0.004700999998021871,0
0.1,83,84,recursive_basis,0.0006009000062476844,0
0.1,84,85,general,0.005819899990456179,0
0.1,84,85,recursive_basis,0.0006171000131871551,0
0.1,84,85,recursive_no_basis,0.0004885999951511621,0
0.1,85,86,recursive_basis,0.0005075999943073839,0
0.1,85,86,recursive_no_basis,0.00044260002323426306,0
0.1,85,86,general,0.004915099998470396,0
0.1,86,87,recursive_no_basis,0.0005434000049717724,0
0.1,86,87,general,0.004921599989756942,0
0.1,86,87,recursive_basis,0.0006142000202089548,0
0.1,87,88,general,0.007140400004573166,0
0.1,87,88,recursive_basis,0.0005997999978717417,0
0.1,87,88,recursive_no_basis,0.000534399994648993,0
0.1,88,89,recursive_basis,0.0004915999888908118,0
0.1,88,89,recursive_no_basis,0.0004942999803461134,0
0.1,88,89,general,0.005774899997049943,0
0.1,89,90,recursive_no_basis,0.0008015999919734895,0
0.1,89,90,general,0.005510299990419298,0
0.1,89,90,recursive_basis,0.0005432000034488738,0
0.1,90,91,general,0.005206700006965548,0
0.1,90,91,recursive_basis,0.0006849000055808574,0
0.1,90,91,recursive_no_basis,0.0007079000060912222,0
0.1,91,92,recursive_basis,0.001291799999307841,0
0.1,91,92,recursive_no_basis,0.000534399994648993,0
0.1,91,92,general,0.0044138999946881086,0
0.1,92,93,recursive_no_basis,0.0004746000049635768,0
0.1,92,93,general,0.005117299995617941,0
0.1,92,93,recursive_basis,0.0006281999812927097,0
0.1,93,94,general,0.0051364000246394426,0
0.1,93,94,recursive_basis,0.0005650999955832958,0
0.1,93,94,recursive_no_basis,0.0004949999856762588,0
0.1,94,95,recursive_basis,0.0004980000085197389,0
0.1,94,95,recursive_no_basis,0.000454399996669963,0
0.1,94,95,general,0.005109199992148206,0
0.1,95,96,recursive_no_basis,0.0005149999924469739,0
0.1,95,96,general,0.005726999981561676,0
0.1,95,96,recursive_basis,0.000611600000411272,0
0.1,96,97,general,0.005094799998914823,0
0.1,96,97,recursive_basis,0.0005520000122487545,0
0.1,96,97,recursive_no_basis,0.0005360999784898013,0
0.1,97,98,recursive_basis,0.00048309998237527907,0
0.1,97,98,recursive_no_basis,0.00048379998770542443,0
0.1,97,98,general,0.005944999982602894,0
0.1,98,99,recursive_no_basis,0.0005049999745097011,0
0.1,98,99,general,0.004362299980130047,0
0.1,98,99,recursive_basis,0.00048230000538751483,0
0.1,99,100,general,0.005843599996296689,0
0.1,99,100,recursive_basis,0.0006212999869603664,0
0.1,99,100,recursive_no_basis,0.000831299985293299,0
0.1,100,101,recursive_basis,0.0004765999910887331,0
0.1,100,101,recursive_no_basis,0.00046159999328665435,0
0.1,100,101,general,0.004497999994782731,0
0.1,101,102,recursive_no_basis,0.00047810000251047313,0
0.1,101,102,general,0.004608299990650266,0
0.1,101,102,recursive_basis,0.0005528999899979681,0
0.1,102,103,general,0.005303200014168397,0
0.1,102,103,recursive_basis,0.0006923000037204474,0
0.1,102,103,recursive_no_basis,0.0004959999932907522,0
0.1,103,104,recursive_basis,0.000524200004292652,0
0.1,103,104,recursive_no_basis,0.0005154999962542206,0
0.1,103,104,general,0.0053912999865133315,0
0.1,104,105,recursive_no_basis,0.0005526999884750694,0
0.1,104,105,general,0.005113899998832494,0
0.1,104,105,recursive_basis,0.000534699996933341,0
0.1,105,106,general,0.005251900001894683,0
0.1,105,106,recursive_basis,0.0005573999951593578,0
0.1,105,106,recursive_no_basis,0.000529499986441806,0
0.1,106,107,recursive_basis,0.0005387999990489334,0
0.1,106,107,recursive_no_basis,0.0005514999793376774,0
0.1,106,107,general,0.005580299999564886,0
0.1,107,108,recursive_no_basis,0.0006937000143807381,0
0.1,107,108,general,0.007522400002926588,0
0.1,107,108,recursive_basis,0.0012187999964226037,0
0.1,108,109,general,0.0057351000141352415,0
0.1,108,109,recursive_basis,0.0006119000026956201,0
0.1,108,109,recursive_no_basis,0.0005016999784857035,0
0.1,109,110,recursive_basis,0.0004864000075031072,0
0.1,109,110,recursive_no_basis,0.00046640000073239207,0
0.1,109,110,general,0.0043178999912925065,0
0.1,110,111,recursive_no_basis,0.0005055000074207783,0
0.1,110,111,general,0.004384200001368299,0
0.1,110,111,recursive_basis,0.0005818000063300133,0
0.1,111,112,general,0.00524790000054054,0
0.1,111,112,recursive_basis,0.001146900001913309,0
0.1,111,112,recursive_no_basis,0.0007588999869767576,0
0.1,112,113,recursive_basis,0.0005650000239256769,0
0.1,112,113,recursive_no_basis,0.0005203999753575772,0
0.1,112,113,general,0.005664600001182407,0
0.1,113,114,recursive_no_basis,0.0005318000039551407,0
0.1,113,114,general,0.00601829998777248,0
0.1,113,114,recursive_basis,0.0005767999973613769,0
0.1,114,115,general,0.0058935999986715615,0
0.1,114,115,recursive_basis,0.0005773000011686236,0
0.1,114,115,recursive_no_basis,0.0004975000047124922,0
0.1,115,116,recursive_basis,0.0007166000141296536,0
0.1,115,116,recursive_no_basis,0.0004982000100426376,0
0.1,115,116,general,0.00510559999383986,0
0.1,116,117,recursive_no_basis,0.0005480999825522304,0
0.1,116,117,general,0.005430599994724616,0
0.1,116,117,recursive_basis,0.0006847000040579587,0
0.1,117,118,general,0.004598200001055375,0
0.1,117,118,recursive_basis,0.0005052999767940491,0
0.1,117,118,recursive_no_basis,0.0007926000107545406,0
0.1,118,119,recursive_basis,0.000519900000654161,0
0.1,118,119,recursive_no_basis,0.000519599998369813,0
0.1,118,119,general,0.004634000011719763,0
0.1,119,120,recursive_no_basis,0.0005647999932989478,0
0.1,119,120,general,0.0047052000008989125,0
0.1,119,120,recursive_basis,0.0006389000045601279,0
0.1,120,121,general,0.005172400007722899,0
0.1,120,121,recursive_basis,0.0005378999921958894,0
0.1,120,121,recursive_no_basis,0.0005096999811939895,0
0.1,121,122,recursive_basis,0.0004923999949824065,0
0.1,121,122,recursive_no_basis,0.00043670000741258264,0
0.1,121,122,general,0.0042458999960217625,0
0.1,122,123,recursive_no_basis,0.0005602999881375581,0
0.1,122,123,general,0.005389500001911074,0
0.1,122,123,recursive_basis,0.0006139999895822257,0
0.1,123,124,general,0.00508490001084283,0
0.1,123,124,recursive_basis,0.0006308000010903925,0
0.1,123,124,recursive_no_basis,0.00047259998973459005,0
0.1,124,125,recursive_basis,0.0008413000032305717,0
0.1,124,125,recursive_no_basis,0.0004558000073302537,0
0.1,124,125,general,0.004303599998820573,0
0.1,125,126,recursive_no_basis,0.0005077000241726637,0
0.1,125,126,general,0.004604899993864819,0
0.1,125,126,recursive_basis,0.0005785999819636345,0
0.1,126,127,general,0.005234200012637302,0
0.1,126,127,recursive_basis,0.0005060999828856438,0
0.1,126,127,recursive_no_basis,0.000502900016726926,0
0.1,127,128,recursive_basis,0.0004901000065729022,0
0.1,127,128,recursive_no_basis,0.0007446999952662736,0
0.1,127,128,general,0.005814599979203194,0
0.1,128,129,recursive_no_basis,0.0005566999898292124,0
0.1,128,129,general,0.004287899995688349,0
0.1,128,129,recursive_basis,0.000540899985935539,0
0.1,129,130,general,0.005596200004220009,0
0.1,129,130,recursive_basis,0.0007118999783415347,0
0.1,129,130,recursive_no_basis,0.0006131000118330121,0
0.1,130,131,recursive_basis,0.0005804999964311719,0
0.1,130,131,recursive_no_basis,0.0005714000144507736,0
0.1,130,131,general,0.005184399982681498,0
0.1,131,132,recursive_no_basis,0.0004709000058937818,0
0.1,131,132,general,0.005654900014633313,0
0.1,131,132,recursive_basis,0.000661700003547594,0
0.1,132,133,general,0.006467600003816187,0
0.1,132,133,recursive_basis,0.0014047000149730593,0
0.1,132,133,recursive_no_basis,0.0005191999953240156,0
0.1,133,134,recursive_basis,0.0005381000228226185,0
0.1,133,134,recursive_no_basis,0.0004831999831367284,0
0.1,133,134,general,0.005523300002096221,0
0.1,134,135,recursive_no_basis,0.0005345999961718917,0
0.1,134,135,general,0.004949699999997392,0
0.1,134,135,recursive_basis,0.0005746000097133219,0
0.1,135,136,general,0.005482999986270443,0
0.1,135,136,recursive_basis,0.0005529999907594174,0
0.1,135,136,recursive_no_basis,0.0006313000048976392,0
0.1,136,137,recursive_basis,0.0004776999994646758,0
0.1,136,137,recursive_no_basis,0.000527299998793751,0
0.1,136,137,general,0.0052912000101059675,0
0.1,137,138,recursive_no_basis,0.0006088000081945211,0
0.1,137,138,general,0.006034799996996298,0
0.1,137,138,recursive_basis,0.0007353000110015273,0
0.1,138,139,general,0.004306000017095357,0
0.1,138,139,recursive_basis,0.000611299998126924,0
0.1,138,139,recursive_no_basis,0.0004655999946407974,0
0.1,139,140,recursive_basis,0.0005089000042062253,0
0.1,139,140,recursive_no_basis,0.0004954999894835055,0
0.1,139,140,general,0.005260099977022037,0
0.1,140,141,recursive_no_basis,0.00046029998338781297,0
0.1,140,141,general,0.005101900023873895,0
0.1,140,141,recursive_basis,0.0005515999800991267,0
0.1,141,142,general,0.004637699981685728,0
0.1,141,142,recursive_basis,0.0005456999933812767,0
0.1,141,142,recursive_no_basis,0.0005455999926198274,0
0.1,142,143,recursive_basis,0.000541199988219887,0
0.1,142,143,recursive_no_basis,0.0005118999979458749,0
0.1,142,143,general,0.0060258000157773495,0
0.1,143,144,recursive_no_basis,0.000533499987795949,0
0.1,143,144,general,0.0044504000106826425,0
0.1,143,144,recursive_basis,0.0005392000020947307,0
0.1,144,145,general,0.005847499996889383,0
0.1,144,145,recursive_basis,0.0005638999864459038,0
0.1,144,145,recursive_no_basis,0.0007283999875653535,0
0.1,145,146,recursive_basis,0.0005689999961759895,0
0.1,145,146,recursive_no_basis,0.0005262999911792576,0
0.1,145,146,general,0.006367699999827892,0
0.1,146,147,recursive_no_basis,0.0005553000082727522,0
0.1,146,147,general,0.004753299988806248,0
0.1,146,147,recursive_basis,0.0007015000155661255,0
0.1,147,148,general,0.004300400003558025,0
0.1,147,148,recursive_basis,0.0005617999995592982,0
0.1,147,148,recursive_no_basis,0.0004414999857544899,0
0.1,148,149,recursive_basis,0.000495800020871684,0
0.1,148,149,recursive_no_basis,0.000440500007243827,0
0.1,148,149,general,0.00548930000513792,0
0.1,149,150,recursive_no_basis,0.0004622999986167997,0
0.1,149,150,general,0.004303800000343472,0
0.1,149,150,recursive_basis,0.0005314000009093434,0
0.1,150,151,general,0.004882099980022758,0
0.1,150,151,recursive_basis,0.0005185999907553196,0
0.1,150,151,recursive_no_basis,0.0005172000091988593,0
0.1,151,152,recursive_basis,0.0008134000236168504,0
0.1,151,152,recursive_no_basis,0.0004914999881293625,0
0.1,151,152,general,0.005108899989863858,0
0.1,152,153,recursive_no_basis,0.0005590000073425472,0
0.1,152,153,general,0.005592899979092181,0
0.1,152,153,recursive_basis,0.0006305999995674938,0
0.1,153,154,general,0.005296899995300919,0
0.1,153,154,recursive_basis,0.0005531999922823161,0
0.1,153,154,recursive_no_basis,0.0005011000030208379,0
0.1,154,155,recursive_basis,0.0005041999975219369,0
0.1,154,155,recursive_no_basis,0.00048320001224055886,0
0.1,154,155,general,0.005690300022251904,0
0.1,155,156,recursive_no_basis,0.00047810000251047313,0
0.1,155,156,general,0.004457699978956953,0
0.1,155,156,recursive_basis,0.001118500018492341,0
0.1,156,157,general,0.004350700008217245,0
0.1,156,157,recursive_basis,0.0005570000212173909,0
0.1,156,157,recursive_no_basis,0.00044490001164376736,0
0.1,157,158,recursive_basis,0.000821699999505654,0
0.1,157,158,recursive_no_basis,0.00045110000064596534,0
0.1,157,158,general,0.0046790000051259995,0
0.1,158,159,recursive_no_basis,0.0004640999832190573,0
0.1,158,159,general,0.004608099989127368,0
0.1,158,159,recursive_basis,0.000521100009791553,0
0.1,159,160,general,0.005598799994913861,0
0.1,159,160,recursive_basis,0.0005419999943114817,0
0.1,159,160,recursive_no_basis,0.000520500005222857,0
0.1,160,161,recursive_basis,0.00047060000360943377,0
0.1,160,161,recursive_no_basis,0.0005156999977771193,0
0.1,160,161,general,0.006601200002478436,0
0.1,161,162,recursive_no_basis,0.0005722000205423683,0
0.1,161,162,general,0.0052291000029072165,0
0.1,161,162,recursive_basis,0.0009032999805640429,0
0.1,162,163,general,0.004741399985505268,0
0.1,162,163,recursive_basis,0.0007649000035598874,0
0.1,162,163,recursive_no_basis,0.00048469999455846846,0
0.1,163,164,recursive_basis,0.000524200004292652,0
0.1,163,164,recursive_no_basis,0.00045429999590851367,0
0.1,163,164,general,0.005567599990172312,0
0.1,164,165,recursive_no_basis,0.0006545000069309026,0
0.1,164,165,general,0.007224800006952137,0
0.1,164,165,recursive_basis,0.0006013000092934817,0
0.1,165,166,general,0.006459900003392249,0
0.1,165,166,recursive_basis,0.0006376999954227358,0
0.1,165,166,recursive_no_basis,0.0005661000031977892,0
0.1,166,167,recursive_basis,0.0005008000007364899,0
0.1,166,167,recursive_no_basis,0.0004974000039510429,0
0.1,166,167,general,0.005422300018835813,0
0.1,167,168,recursive_no_basis,0.001083899987861514,0
0.1,167,168,general,0.0062689000042155385,0
0.1,167,168,recursive_basis,0.0005592000088654459,0
0.1,168,169,general,0.005727600015234202,0
0.1,168,169,recursive_basis,0.0006431000074371696,0
0.1,168,169,recursive_no_basis,0.0009913000103551894,0
0.1,169,170,recursive_basis,0.0005828000139445066,0
0.1,169,170,recursive_no_basis,0.0004980000085197389,0
0.1,169,170,general,0.004719999997178093,0
0.1,170,171,recursive_no_basis,0.0004908000119030476,0
0.1,170,171,general,0.004957600001944229,0
0.1,170,171,recursive_basis,0.0006407999899238348,0
0.1,171,172,general,0.004688700020778924,0
0.1,171,172,recursive_basis,0.000603599997702986,0
0.1,171,172,recursive_no_basis,0.0004927999980282038,0
0.1,172,173,recursive_basis,0.0004966999986208975,0
0.1,172,173,recursive_no_basis,0.0004771000239998102,0
0.1,172,173,general,0.006548899982590228,0
0.1,173,174,recursive_no_basis,0.0005108000186737627,0
0.1,173,174,general,0.006267100019613281,0
0.1,173,174,recursive_basis,0.0005737999745178968,0
0.1,174,175,general,0.00554710000869818,0
0.1,174,175,recursive_basis,0.0005517000099644065,0
0.1,174,175,recursive_no_basis,0.0004998999938834459,0
0.1,175,176,recursive_basis,0.0014648000069428235,0
0.1,175,176,recursive_no_basis,0.0006046000053174794,0
0.1,175,176,general,0.005157300009159371,0
0.1,176,177,recursive_no_basis,0.000540299981366843,0
0.1,176,177,general,0.00738730002194643,0
0.1,176,177,recursive_basis,0.0005417000211309642,0
0.1,177,178,general,0.005334699992090464,0
0.1,177,178,recursive_basis,0.0009467000199947506,0
0.1,177,178,recursive_no_basis,0.0005736000020988286,0
0.1,178,179,recursive_basis,0.0005607000202871859,0
0.1,178,179,recursive_no_basis,0.0005135999817866832,0
0.1,178,179,general,0.004716800001915544,0
0.1,179,180,recursive_no_basis,0.000529499986441806,0
0.1,179,180,general,0.005666100012604147,0
0.1,179,180,recursive_basis,0.0007081000076141208,0
0.1,180,181,general,0.005102499999338761,0
0.1,180,181,recursive_basis,0.0007116000051610172,0
0.1,180,181,recursive_no_basis,0.0011659000010695308,0
0.1,181,182,recursive_basis,0.0006209000130183995,0
0.1,181,182,recursive_no_basis,0.0006486999918706715,0
0.1,181,182,general,0.007044199999654666,0
0.1,182,183,recursive_no_basis,0.0005278000026009977,0
0.1,182,183,general,0.005100500013213605,0
0.1,182,183,recursive_basis,0.0007760000007692724,0
0.1,183,184,general,0.005474799982039258,0
0.1,183,184,recursive_basis,0.0005415000196080655,0
0.1,183,184,recursive_no_basis,0.0005473000055644661,0
0.1,184,185,recursive_basis,0.0005067000165581703,0
0.1,184,185,recursive_no_basis,0.0005404000112321228,0
0.1,184,185,general,0.0053829999815206975,0
0.1,185,186,recursive_no_basis,0.0005613999965135008,0
0.1,185,186,general,0.005791999981738627,0
0.1,185,186,recursive_basis,0.0007173000194597989,0
0.1,186,187,general,0.005170099990209565,0
0.1,186,187,recursive_basis,0.0009147000091616064,0
0.1,186,187,recursive_no_basis,0.00048219997552223504,0
0.1,187,188,recursive_basis,0.0004989999870304018,0
0.1,187,188,recursive_no_basis,0.00048710001283325255,0
0.1,187,188,general,0.005433299986179918,0
0.1,188,189,recursive_no_basis,0.0005495999939739704,0
0.1,188,189,general,0.005957599991234019,0
0.1,188,189,recursive_basis,0.000607599999057129,0
0.1,189,190,general,0.0062046999810263515,0
0.1,189,190,recursive_basis,0.0006895000115036964,0
0.1,189,190,recursive_no_basis,0.001037000009091571,0
0.1,190,191,recursive_basis,0.00055109997629188,0
0.1,190,191,recursive_no_basis,0.0005605999904219061,0
0.1,190,191,general,0.007644800003618002,0
0.1,191,192,recursive_no_basis,0.0007213999924715608,0
0.1,191,192,general,0.007912900007795542,0
0.1,191,192,recursive_basis,0.0007899999909568578,0
0.1,192,193,general,0.005048699997132644,0
0.1,192,193,recursive_basis,0.0005879999953322113,0
0.1,192,193,recursive_no_basis,0.0005441000103019178,0
0.1,193,194,recursive_basis,0.0005646999925374985,0
0.1,193,194,recursive_no_basis,0.000536599982297048,0
0.1,193,194,general,0.006264099996769801,0
0.1,194,195,recursive_no_basis,0.0005624999757856131,0
0.1,194,195,general,0.006927899987204,0
0.1,194,195,recursive_basis,0.0007766000053379685,0
0.1,195,196,general,0.007037000003037974,0
0.1,195,196,recursive_basis,0.0006591000128537416,0
0.1,195,196,recursive_no_basis,0.0005400000081863254,0
0.1,196,197,recursive_basis,0.0005647000216413289,0
0.1,196,197,recursive_no_basis,0.000522000016644597,0
0.1,196,197,general,0.006758599978638813,0
0.1,197,198,recursive_no_basis,0.0007034000009298325,0
0.1,197,198,general,0.008585100003983825,0
0.1,197,198,recursive_basis,0.0006952999974600971,0
0.1,198,199,general,0.006992799986619502,0
0.1,198,199,recursive_basis,0.000764199998229742,0
0.1,198,199,recursive_no_basis,0.000575500016566366,0
0.1,199,200,recursive_basis,0.0006386000022757798,0
0.1,199,200,recursive_no_basis,0.0006165000086184591,0
0.1,199,200,general,0.005866699997568503,0
0.2,0,1,general,0.031036200001835823,0
0.2,0,1,recursive_basis,0.0008436000207439065,0
0.2,0,1,recursive_no_basis,0.0007449999975506216,0
0.2,1,2,recursive_basis,0.0007094999891705811,0
0.2,1,2,recursive_no_basis,0.0006759999960195273,0
0.2,1,2,general,0.024930599989602342,0
0.2,2,3,recursive_no_basis,0.001285600010305643,0
0.2,2,3,general,0.023007300012977794,0
0.2,2,3,recursive_basis,0.0009596000018063933,0
0.2,3,4,general,0.024501899984898046,0
0.2,3,4,recursive_basis,0.0008402999956160784,0
0.2,3,4,recursive_no_basis,0.0007958999776747078,0
0.2,4,5,recursive_basis,0.0010016000014729798,0
0.2,4,5,recursive_no_basis,0.0009109000093303621,0
0.2,4,5,general,0.027216399990720674,0
0.2,5,6,recursive_no_basis,0.001205300010042265,0
0.2,5,6,general,0.02100300000165589,0
0.2,5,6,recursive_basis,0.0009103999764192849,0
0.2,6,7,general,0.02863489999435842,0
0.2,6,7,recursive_basis,0.0009095999994315207,0
0.2,6,7,recursive_no_basis,0.0007390999817289412,0
0.2,7,8,recursive_basis,0.0006475000118371099,0
0.2,7,8,recursive_no_basis,0.0007080999785102904,0
0.2,7,8,general,0.017609399976208806,0
0.2,8,9,recursive_no_basis,0.0008889000164344907,0
0.2,8,9,general,0.018737400008831173,0
0.2,8,9,recursive_basis,0.0008283999923150986,0
0.2,9,10,general,0.022315199981676415,0
0.2,9,10,recursive_basis,0.0007991000020410866,0
0.2,9,10,recursive_no_basis,0.0006858000124339014,0
0.2,10,11,recursive_basis,0.0006300999957602471,0
0.2,10,11,recursive_no_basis,0.0007288999913726002,0
0.2,10,11,general,0.01955260001705028,0
0.2,11,12,recursive_no_basis,0.0006968000088818371,0
0.2,11,12,general,0.017522600013762712,0
0.2,11,12,recursive_basis,0.0007176000217441469,0
0.2,12,13,general,0.024239599995780736,0
0.2,12,13,recursive_basis,0.007801199972163886,0
0.2,12,13,recursive_no_basis,0.003963800001656637,0
0.2,13,14,recursive_basis,0.0007218999962788075,0
0.2,13,14,recursive_no_basis,0.0009573999850545079,0
0.2,13,14,general,0.023156500014010817,0
0.2,14,15,recursive_no_basis,0.002046900015557185,1
0.2,14,15,general,0.023111799993785098,1
0.2,14,15,recursive_basis,0.003740899992408231,1
0.2,15,16,general,0.02301989999250509,0
0.2,15,16,recursive_basis,0.00526410000748001,0
0.2,15,16,recursive_no_basis,0.003343399992445484,0
0.2,16,17,recursive_basis,0.0006503000040538609,0
0.2,16,17,recursive_no_basis,0.0006476999842561781,0
0.2,16,17,general,0.02293499998631887,0
0.2,17,18,recursive_no_basis,0.0007786000205669552,0
0.2,17,18,general,0.019563799985917285,0
0.2,17,18,recursive_basis,0.0007955999753903598,0
0.2,18,19,general,0.017426199978217483,0
0.2,18,19,recursive_basis,0.0011835999903269112,0
0.2,18,19,recursive_no_basis,0.0005851000023540109,0
0.2,19,20,recursive_basis,0.0006544000061694533,0
0.2,19,20,recursive_no_basis,0.0006877999985590577,0
0.2,19,20,general,0.021957800025120378,0
0.2,20,21,recursive_no_basis,0.0007627999875694513,0
0.2,20,21,general,0.022061600000597537,0
0.2,20,21,recursive_basis,0.0008407999994233251,0
0.2,21,22,general,0.018249400018248707,0
0.2,21,22,recursive_basis,0.0007483999943360686,0
0.2,21,22,recursive_no_basis,0.0006202000076882541,0
0.2,22,23,recursive_basis,0.0006250999867916107,0
0.2,22,23,recursive_no_basis,0.0006770000036340207,0
0.2,22,23,general,0.02586569997947663,0
0.2,23,24,recursive_no_basis,0.0010136000055354089,0
0.2,23,24,general,0.021810000005643815,0
0.2,23,24,recursive_basis,0.0007887000101618469,0
0.2,24,25,general,0.02188320001005195,0
0.2,24,25,recursive_basis,0.0007746000192128122,0
0.2,24,25,recursive_no_basis,0.0007975999906193465,0
0.2,25,26,recursive_basis,0.0006689000001642853,0
0.2,25,26,recursive_no_basis,0.001189300004625693,0
0.2,25,26,general,0.014994500001193956,0
0.2,26,27,recursive_no_basis,0.001878100010799244,1
0.2,26,27,general,0.023070600000210106,1
0.2,26,27,recursive_basis,0.0036342999956104904,1
0.2,27,28,general,0.016024099983042106,0
0.2,27,28,recursive_basis,0.0009683999815024436,0
0.2,27,28,recursive_no_basis,0.001213099982123822,0
0.2,28,29,recursive_basis,0.0008128999907057732,0
0.2,28,29,recursive_no_basis,0.000686399987898767,0
0.2,28,29,general,0.021037800004705787,0
0.2,29,30,recursive_no_basis,0.0007721000001765788,0
0.2,29,30,general,0.018663499999092892,0
0.2,29,30,recursive_basis,0.0007576000061817467,0
0.2,30,31,general,0.026266699976986274,1
0.2,30,31,recursive_basis,0.007240800012368709,1
0.2,30,31,recursive_no_basis,0.00404629998956807,1
0.2,31,32,recursive_basis,0.000878200022270903,0
0.2,31,32,recursive_no_basis,0.0015338000084739178,0
0.2,31,32,general,0.022244399995543063,0
0.2,32,33,recursive_no_basis,0.0006770000036340207,0
0.2,32,33,general,0.022321399999782443,0
0.2,32,33,recursive_basis,0.0007421000045724213,0
0.2,33,34,general,0.02214699998148717,0
0.2,33,34,recursive_basis,0.0007480999920517206,0
0.2,33,34,recursive_no_basis,0.0006400999845936894,0
0.2,34,35,recursive_basis,0.007677299989154562,0
0.2,34,35,recursive_no_basis,0.004735800001071766,0
0.2,34,35,general,0.026811800024006516,0
0.2,35,36,recursive_no_basis,0.0007081000076141208,0
0.2,35,36,general,0.02401510000345297,0
0.2,35,36,recursive_basis,0.0011261000181548297,0
0.2,36,37,general,0.021592200006125495,0
0.2,36,37,recursive_basis,0.000731800013454631,0
0.2,36,37,recursive_no_basis,0.0006400000129360706,0
0.2,37,38,recursive_basis,0.005515400000149384,0
0.2,37,38,recursive_no_basis,0.0035732000251300633,0
0.2,37,38,general,0.027396100020268932,0
0.2,38,39,recursive_no_basis,0.0007132000173442066,0
0.2,38,39,general,0.020659100002376363,0
0.2,38,39,recursive_basis,0.0007285999890882522,0
0.2,39,40,general,0.0212284000008367,0
0.2,39,40,recursive_basis,0.0007290999928954989,0
0.2,39,40,recursive_no_basis,0.0007283000159077346,0
0.2,40,41,recursive_basis,0.0007559999939985573,0
0.2,40,41,recursive_no_basis,0.0008382000087294728,0
0.2,40,41,general,0.020524000021396205,0
0.2,41,42,recursive_no_basis,0.0009888999920804054,0
0.2,41,42,general,0.025281700014602393,0
0.2,41,42,recursive_basis,0.0011510000040289015,0
0.2,42,43,general,0.01876579999225214,0
0.2,42,43,recursive_basis,0.0008387999841943383,0
0.2,42,43,recursive_no_basis,0.0006104000203777105,0
0.2,43,44,recursive_basis,0.0006272000027820468,0
0.2,43,44,recursive_no_basis,0.0006559000175911933,0
0.2,43,44,general,0.024315500020748004,0
0.2,44,45,recursive_no_basis,0.0018505000043660402,1
0.2,44,45,general,0.02237200000672601,1
0.2,44,45,recursive_basis,0.004201500007184222,1
0.2,45,46,general,0.02302260001306422,0
0.2,45,46,recursive_basis,0.0006981999904382974,0
0.2,45,46,recursive_no_basis,0.000672499998472631,0
0.2,46,47,recursive_basis,0.0006714999908581376,0
0.2,46,47,recursive_no_basis,0.0006696000054944307,0
0.2,46,47,general,0.023490299994591624,0
0.2,47,48,recursive_no_basis,0.003408099990338087,1
0.2,47,48,general,0.026560099999187514,1
0.2,47,48,recursive_basis,0.008863099996233359,1
0.2,48,49,general,0.06440649999422021,0
0.2,48,49,recursive_basis,0.0010874000145122409,0
0.2,48,49,recursive_no_basis,0.0007328999927267432,0
0.2,49,50,recursive_basis,0.0061181999917607754,1
0.2,49,50,recursive_no_basis,0.0022757000115234405,1
0.2,49,50,general,0.042976199998520315,1
0.2,50,51,recursive_no_basis,0.004162099998211488,1
0.2,50,51,general,0.02607789999456145,1
0.2,50,51,recursive_basis,0.005284199985908344,1
0.2,51,52,general,0.02388480000081472,0
0.2,51,52,recursive_basis,0.0007187000010162592,0
0.2,51,52,recursive_no_basis,0.0007361999887507409,0
0.2,52,53,recursive_basis,0.0007368999940808862,0
0.2,52,53,recursive_no_basis,0.0007251000206451863,0
0.2,52,53,general,0.025377400015713647,0
0.2,53,54,recursive_no_basis,0.0007819999882485718,0
0.2,53,54,general,0.022073400003137067,0
0.2,53,54,recursive_basis,0.000808100012363866,0
0.2,54,55,general,0.015686900005675852,0
0.2,54,55,recursive_basis,0.0007780999876558781,0
0.2,54,55,recursive_no_basis,0.0006293999904301018,0
0.2,55,56,recursive_basis,0.0006591000128537416,0
0.2,55,56,recursive_no_basis,0.0006796000234317034,0
0.2,55,56,general,0.02439310000045225,0
0.2,56,57,recursive_no_basis,0.000682399986544624,0
0.2,56,57,general,0.021673400013241917,0
0.2,56,57,recursive_basis,0.0012765999999828637,0
0.2,57,58,general,0.01874100000713952,0
0.2,57,58,recursive_basis,0.0006925000052433461,0
0.2,57,58,recursive_no_basis,0.0006291999889072031,0
0.2,58,59,recursive_basis,0.005098499997984618,1
0.2,58,59,recursive_no_basis,0.002679800003534183,1
0.2,58,59,general,0.02816389998770319,1
0.2,59,60,recursive_no_basis,0.00452919999952428,0
0.2,59,60,general,0.02668979999725707,0
0.2,59,60,recursive_basis,0.006342000007862225,0
0.2,60,61,general,0.02382000000216067,0
0.2,60,61,recursive_basis,0.000751899991882965,0
0.2,60,61,recursive_no_basis,0.0007070999999996275,0
0.2,61,62,recursive_basis,0.0007308000058401376,0
0.2,61,62,recursive_no_basis,0.0007370999956037849,0
0.2,61,62,general,0.023536399996373802,0
0.2,62,63,recursive_no_basis,0.0007500999781768769,0
0.2,62,63,general,0.0248950999812223,0
0.2,62,63,recursive_basis,0.001450899988412857,0
0.2,63,64,general,0.02415290000499226,1
0.2,63,64,recursive_basis,0.0046722000115551054,1
0.2,63,64,recursive_no_basis,0.002810000005410984,1
0.2,64,65,recursive_basis,0.00098079998861067,0
0.2,64,65,recursive_no_basis,0.0008202999888453633,0
0.2,64,65,general,0.021515500004170462,0
0.2,65,66,recursive_no_basis,0.0025298999971710145,1
0.2,65,66,general,0.028912399982800707,1
0.2,65,66,recursive_basis,0.00449970000772737,1
0.2,66,67,general,0.021786199999041855,0
0.2,66,67,recursive_basis,0.001193000003695488,0
0.2,66,67,recursive_no_basis,0.0007692000071983784,0
0.2,67,68,recursive_basis,0.004742999997688457,2
0.2,67,68,recursive_no_basis,0.00234840001212433,2
0.2,67,68,general,0.027364099980331957,2
0.2,68,69,recursive_no_basis,0.0008139999990817159,0
0.2,68,69,general,0.025263999996241182,0
0.2,68,69,recursive_basis,0.0011214000114705414,0
0.2,69,70,general,0.018444000015733764,0
0.2,69,70,recursive_basis,0.0013888000103179365,0
0.2,69,70,recursive_no_basis,0.0006348000024445355,0
0.2,70,71,recursive_basis,0.0006624000088777393,0
0.2,70,71,recursive_no_basis,0.0006855000101495534,0
0.2,70,71,general,0.025360200001159683,0
0.2,71,72,recursive_no_basis,0.0006898000137880445,0
0.2,71,72,general,0.017360500001814216,0
0.2,71,72,recursive_basis,0.0006950999959371984,0
0.2,72,73,general,0.023134499992011115,0
0.2,72,73,recursive_basis,0.0013843000051565468,0
0.2,72,73,recursive_no_basis,0.0006896000122651458,0
0.2,73,74,recursive_basis,0.0006419999990612268,0
0.2,73,74,recursive_no_basis,0.0006611999997403473,0
0.2,73,74,general,0.02608830001554452,0
0.2,74,75,recursive_no_basis,0.0006926000060047954,0
0.2,74,75,general,0.021623200009344146,0
0.2,74,75,recursive_basis,0.0008538000111002475,0
0.2,75,76,general,0.020826399995712563,0
0.2,75,76,recursive_basis,0.0007808000082150102,0
0.2,75,76,recursive_no_basis,0.0006215000175870955,0
0.2,76,77,recursive_basis,0.0006036999984644353,0
0.2,76,77,recursive_no_basis,0.0007093999884091318,0
0.2,76,77,general,0.021328200004063547,0
0.2,77,78,recursive_no_basis,0.0007482999935746193,0
0.2,77,78,general,0.02020040000206791,0
0.2,77,78,recursive_basis,0.0007433000137098134,0
0.2,78,79,general,0.020950199977960438,0
0.2,78,79,recursive_basis,0.0007973999890964478,0
0.2,78,79,recursive_no_basis,0.0006790999905206263,0
0.2,79,80,recursive_basis,0.0006211000145412982,0
0.2,79,80,recursive_no_basis,0.0006668000132776797,0
0.2,79,80,general,0.018762599996989593,0
0.2,80,81,recursive_no_basis,0.0026898999931290746,1
0.2,80,81,general,0.025824699987424538,1
0.2,80,81,recursive_basis,0.0048405000125057995,1
0.2,81,82,general,0.022651500010397285,0
0.2,81,82,recursive_basis,0.0007269000052474439,0
0.2,81,82,recursive_no_basis,0.0006855000101495534,0
0.2,82,83,recursive_basis,0.0006976999866310507,0
0.2,82,83,recursive_no_basis,0.001181900006486103,0
0.2,82,83,general,0.023168999992776662,0
0.2,83,84,recursive_no_basis,0.0007452999998349696,0
0.2,83,84,general,0.02187450000201352,0
0.2,83,84,recursive_basis,0.001320600014878437,0
0.2,84,85,general,0.019255799998063594,0
0.2,84,85,recursive_basis,0.0007393000123556703,0
0.2,84,85,recursive_no_basis,0.0006356000085361302,0
0.2,85,86,recursive_basis,0.0006348999741021544,0
0.2,85,86,recursive_no_basis,0.0006608999974559993,0
0.2,85,86,general,0.02329230000032112,0
0.2,86,87,recursive_no_basis,0.0008526000019628555,0
0.2,86,87,general,0.022073600004659966,0
0.2,86,87,recursive_basis,0.0007990000012796372,0
0.2,87,88,general,0.0207605000177864,0
0.2,87,88,recursive_basis,0.0007089000137057155,0
0.2,87,88,recursive_no_basis,0.0006303999980445951,0
0.2,88,89,recursive_basis,0.0006373999931383878,0
0.2,88,89,recursive_no_basis,0.0007507999835070223,0
0.2,88,89,general,0.025509400002192706,0
0.2,89,90,recursive_no_basis,0.0006886000046506524,0
0.2,89,90,general,0.023771499982103705,0
0.2,89,90,recursive_basis,0.0014767999819014221,0
0.2,90,91,general,0.02228470001136884,0
0.2,90,91,recursive_basis,0.0008655999845359474,0
0.2,90,91,recursive_no_basis,0.0006829000194557011,0
0.2,91,92,recursive_basis,0.0006392000068444759,0
0.2,91,92,recursive_no_basis,0.0006499000010080636,0
0.2,91,92,general,0.023834200022974983,0
0.2,92,93,recursive_no_basis,0.00069629997597076,0
0.2,92,93,general,0.01751239999430254,0
0.2,92,93,recursive_basis,0.0007170999888330698,0
0.2,93,94,general,0.022507299989229068,0
0.2,93,94,recursive_basis,0.0007756999984849244,0
0.2,93,94,recursive_no_basis,0.0006750999891664833,0
0.2,94,95,recursive_basis,0.003399799985345453,1
0.2,94,95,recursive_no_basis,0.00187419998110272,1
0.2,94,95,general,0.024791000003460795,1
0.2,95,96,recursive_no_basis,0.0007335999980568886,0
0.2,95,96,general,0.025998900004196912,0
0.2,95,96,recursive_basis,0.0007164999842643738,0
0.2,96,97,general,0.02044439999735914,0
0.2,96,97,recursive_basis,0.000926099979551509,0
0.2,96,97,recursive_no_basis,0.0011248000082559884,0
0.2,97,98,recursive_basis,0.0006337999948300421,0
0.2,97,98,recursive_no_basis,0.000596199999563396,0
0.2,97,98,general,0.020701599976746365,0
0.2,98,99,recursive_no_basis,0.000665700004901737,0
0.2,98,99,general,0.019984299986390397,0
0.2,98,99,recursive_basis,0.0007397999870590866,0
0.2,99,100,general,0.025354999990668148,0
0.2,99,100,recursive_basis,0.000740700023015961,0
0.2,99,100,recursive_no_basis,0.0006408000190276653,0
0.2,100,101,recursive_basis,0.0006320999818854034,0
0.2,100,101,recursive_no_basis,0.0006472999812103808,0
0.2,100,101,general,0.02303599999868311,0
0.2,101,102,recursive_no_basis,0.0007342000026255846,0
0.2,101,102,general,0.01665640002465807,0
0.2,101,102,recursive_basis,0.0008024000271689147,0
0.2,102,103,general,0.023684499989030883,0
0.2,102,103,recursive_basis,0.0007809999806340784,0
0.2,102,103,recursive_no_basis,0.0006659999780822545,0
0.2,103,104,recursive_basis,0.000678999989759177,0
0.2,103,104,recursive_no_basis,0.0012902000162284821,0
0.2,103,104,general,0.026362899981904775,0
0.2,104,105,recursive_no_basis,0.0007499000057578087,0
0.2,104,105,general,0.01912879999144934,0
0.2,104,105,recursive_basis,0.0007402000192087144,0
0.2,105,106,general,0.021260400011669844,0
0.2,105,106,recursive_basis,0.0008431999885942787,0
0.2,105,106,recursive_no_basis,0.0006777999806217849,0
0.2,106,107,recursive_basis,0.0008074000070337206,0
0.2,106,107,recursive_no_basis,0.0006868000200483948,0
0.2,106,107,general,0.022418500011553988,0
0.2,107,108,recursive_no_basis,0.0007119000074453652,0
0.2,107,108,general,0.02330239998991601,0
0.2,107,108,recursive_basis,0.00074819999281317,0
0.2,108,109,general,0.023069199989549816,0
0.2,108,109,recursive_basis,0.0007556000200565904,0
0.2,108,109,recursive_no_basis,0.0007374999986495823,0
0.2,109,110,recursive_basis,0.0037031999963801354,1
0.2,109,110,recursive_no_basis,0.0019178999937139452,1
0.2,109,110,general,0.025668099988251925,1
0.2,110,111,recursive_no_basis,0.0007092000159900635,0
0.2,110,111,general,0.023567600001115352,0
0.2,110,111,recursive_basis,0.001291799999307841,0
0.2,111,112,general,0.024239400023361668,0
0.2,111,112,recursive_basis,0.0008552999934181571,0
0.2,111,112,recursive_no_basis,0.0009910000080708414,0
0.2,112,113,recursive_basis,0.0007956000044941902,0
0.2,112,113,recursive_no_basis,0.0006665000109933317,0
0.2,112,113,general,0.02140480000525713,0
0.2,113,114,recursive_no_basis,0.0006970000104047358,0
0.2,113,114,general,0.021189599996432662,0
0.2,113,114,recursive_basis,0.0007180999964475632,0
0.2,114,115,general,0.02610009998898022,0
0.2,114,115,recursive_basis,0.0008114000083878636,0
0.2,114,115,recursive_no_basis,0.0006930000090505928,0
0.2,115,116,recursive_basis,0.0006267999997362494,0
0.2,115,116,recursive_no_basis,0.000673400005325675,0
0.2,115,116,general,0.0215914000000339,0
0.2,116,117,recursive_no_basis,0.002639800019096583,1
0.2,116,117,general,0.02420500002335757,1
0.2,116,117,recursive_basis,0.0033156999852508307,1
0.2,117,118,general,0.019435099995462224,0
0.2,117,118,recursive_basis,0.0013562999956775457,0
0.2,117,118,recursive_no_basis,0.0007228000031318516,0
0.2,118,119,recursive_basis,0.004341199994087219,0
0.2,118,119,recursive_no_basis,0.003212300012819469,0
0.2,118,119,general,0.026765999995404854,0
0.2,119,120,recursive_no_basis,0.0008892999903764576,0
0.2,119,120,general,0.024272100010421127,0
0.2,119,120,recursive_basis,0.00074970000423491,0
0.2,120,121,general,0.023479600000428036,0
0.2,120,121,recursive_basis,0.0008199000149033964,0
0.2,120,121,recursive_no_basis,0.0006894000107422471,0
0.2,121,122,recursive_basis,0.0011001999955624342,0
0.2,121,122,recursive_no_basis,0.000752199994167313,0
0.2,121,122,general,0.02267010000650771,0
0.2,122,123,recursive_no_basis,0.0007086000114213675,0
0.2,122,123,general,0.023577699990710244,0
0.2,122,123,recursive_basis,0.0007955999753903598,0
0.2,123,124,general,0.023834000021452084,0
0.2,123,124,recursive_basis,0.0012792999914381653,0
0.2,123,124,recursive_no_basis,0.000609199982136488,0
0.2,124,125,recursive_basis,0.0006297999934758991,0
0.2,124,125,recursive_no_basis,0.0006598999898415059,0
0.2,124,125,general,0.01970100001199171,0
0.2,125,126,recursive_no_basis,0.0006860000139568001,0
0.2,125,126,general,0.015224700007820502,0
0.2,125,126,recursive_basis,0.0009340999822597951,0
0.2,126,127,general,0.022396799991838634,0
0.2,126,127,recursive_basis,0.0008541000133845955,0
0.2,126,127,recursive_no_basis,0.0006596000166609883,0
0.2,127,128,recursive_basis,0.0006321999826468527,0
0.2,127,128,recursive_no_basis,0.0006352000054903328,0
0.2,127,128,general,0.019478299975162372,0
0.2,128,129,recursive_no_basis,0.0007341000018641353,0
0.2,128,129,general,0.01624600001377985,0
0.2,128,129,recursive_basis,0.0007042000070214272,0
0.2,129,130,general,0.021744900004705414,0
0.2,129,130,recursive_basis,0.0007225000008475035,0
0.2,129,130,recursive_no_basis,0.0006293999904301018,0
0.2,130,131,recursive_basis,0.0007648000027984381,0
0.2,130,131,recursive_no_basis,0.001213999988976866,0
0.2,130,131,general,0.018082499998854473,0
0.2,131,132,recursive_no_basis,0.0006847000040579587,0
0.2,131,132,general,0.018744700006209314,0
0.2,131,132,recursive_basis,0.0007196000078693032,0
0.2,132,133,general,0.022368700010702014,0
0.2,132,133,recursive_basis,0.0008963999862316996,0
0.2,132,133,recursive_no_basis,0.0006692999741062522,0
0.2,133,134,recursive_basis,0.0007500999781768769,0
0.2,133,134,recursive_no_basis,0.0006933000113349408,0
0.2,133,134,general,0.01756159999058582,0
0.2,134,135,recursive_no_basis,0.0008200999873224646,0
0.2,134,135,general,0.02024000001256354,0
0.2,134,135,recursive_basis,0.0007418000022880733,0
0.2,135,136,general,0.027988500020001084,1
0.2,135,136,recursive_basis,0.003760500025236979,1
0.2,135,136,recursive_no_basis,0.0018359999812673777,1
0.2,136,137,recursive_basis,0.0006729000015184283,0
0.2,136,137,recursive_no_basis,0.0008264000061899424,0
0.2,136,137,general,0.023990399989997968,0
0.2,137,138,recursive_no_basis,0.0011910000175703317,0
0.2,137,138,general,0.0226805999991484,0
0.2,137,138,recursive_basis,0.0007513999880757183,0
0.2,138,139,general,0.021169599989661947,0
0.2,138,139,recursive_basis,0.000835299986647442,0
0.2,138,139,recursive_no_basis,0.0006262000242713839,0
0.2,139,140,recursive_basis,0.004053600016050041,0
0.2,139,140,recursive_no_basis,0.002969699999084696,0
0.2,139,140,general,0.02457519999006763,0
0.2,140,141,recursive_no_basis,0.0012242000084370375,0
0.2,140,141,general,0.01729909999994561,0
0.2,140,141,recursive_basis,0.0007282000151462853,0
0.2,141,142,general,0.02000779999070801,0
0.2,141,142,recursive_basis,0.0008173999958671629,0
0.2,141,142,recursive_no_basis,0.0006532999977935106,0
0.2,142,143,recursive_basis,0.0010714000090956688,0
0.2,142,143,recursive_no_basis,0.000738300004741177,0
0.2,142,143,general,0.024370200000703335,0
0.2,143,144,recursive_no_basis,0.0007221000269055367,0
0.2,143,144,general,0.020944700023392215,0
0.2,143,144,recursive_basis,0.00115709999226965,0
0.2,144,145,general,0.025731600006110966,0
0.2,144,145,recursive_basis,0.00392920000012964,0
0.2,144,145,recursive_no_basis,0.0025382000021636486,0
0.2,145,146,recursive_basis,0.0006673000170849264,0
0.2,145,146,recursive_no_basis,0.0006354000070132315,0
0.2,145,146,general,0.02130570000736043,0
0.2,146,147,recursive_no_basis,0.0030339000222738832,1
0.2,146,147,general,0.02204919999348931,1
0.2,146,147,recursive_basis,0.005143800022779033,1
0.2,147,148,general,0.018609199993079528,0
0.2,147,148,recursive_basis,0.0008083999855443835,0
0.2,147,148,recursive_no_basis,0.0006275999767240137,0
0.2,148,149,recursive_basis,0.0006406999891623855,0
0.2,148,149,recursive_no_basis,0.0006471000087913126,0
0.2,148,149,general,0.01949199999216944,0
0.2,149,150,recursive_no_basis,0.0020099999965168536,1
0.2,149,150,general,0.023192299995571375,1
0.2,149,150,recursive_basis,0.0037013999826740474,1
0.2,150,151,general,0.02077530001406558,1
0.2,150,151,recursive_basis,0.004617400001734495,1
0.2,150,151,recursive_no_basis,0.0020348000107333064,1
0.2,151,152,recursive_basis,0.0008515999943483621,0
0.2,151,152,recursive_no_basis,0.0010404999775346369,0
0.2,151,152,general,0.018333100015297532,0
0.2,152,153,recursive_no_basis,0.0018318000074941665,1
0.2,152,153,general,0.023147800005972385,1
0.2,152,153,recursive_basis,0.003239700017729774,1
0.2,153,154,general,0.025904599984642118,0
0.2,153,154,recursive_basis,0.001050899998517707,0
0.2,153,154,recursive_no_basis,0.0006967999797780067,0
0.2,154,155,recursive_basis,0.000680199998896569,0
0.2,154,155,recursive_no_basis,0.0006308000010903925,0
0.2,154,155,general,0.022984499984886497,0
0.2,155,156,recursive_no_basis,0.0007418000022880733,0
0.2,155,156,general,0.022063499985961244,0
0.2,155,156,recursive_basis,0.0008594000246375799,0
0.2,156,157,general,0.020000899996375665,0
0.2,156,157,recursive_basis,0.0011418999929446727,0
0.2,156,157,recursive_no_basis,0.0006103000196162611,0
0.2,157,158,recursive_basis,0.0010009999969042838,0
0.2,157,158,recursive_no_basis,0.0007051999855320901,0
0.2,157,158,general,0.023432499991031364,0
0.2,158,159,recursive_no_basis,0.0006780000112485141,0
0.2,158,159,general,0.02032750000944361,0
0.2,158,159,recursive_basis,0.0007067999977152795,0
0.2,159,160,general,0.022063400014303625,0
0.2,159,160,recursive_basis,0.0010246000019833446,0
0.2,159,160,recursive_no_basis,0.0007983999967109412,0
0.2,160,161,recursive_basis,0.0008938999962992966,0
0.2,160,161,recursive_no_basis,0.0007184999994933605,0
0.2,160,161,general,0.02713540001423098,0
0.2,161,162,recursive_no_basis,0.0007740000146441162,0
0.2,161,162,general,0.023837899992940947,0
0.2,161,162,recursive_basis,0.0008219000010285527,0
0.2,162,163,general,0.027084000001195818,0
0.2,162,163,recursive_basis,0.0008323999936692417,0
0.2,162,163,recursive_no_basis,0.0006548000092152506,0
0.2,163,164,recursive_basis,0.0006522000185213983,0
0.2,163,164,recursive_no_basis,0.0013095000176690519,0
0.2,163,164,general,0.02412180000101216,0
0.2,164,165,recursive_no_basis,0.0007110000005923212,0
0.2,164,165,general,0.02216639998368919,0
0.2,164,165,recursive_basis,0.0007406999939121306,0
0.2,165,166,general,0.026584900013403967,0
0.2,165,166,recursive_basis,0.0007489999989047647,0
0.2,165,166,recursive_no_basis,0.0006419999990612268,0
0.2,166,167,recursive_basis,0.0006266999989748001,0
0.2,166,167,recursive_no_basis,0.0006455999973695725,0
0.2,166,167,general,0.019267199997557327,0
0.2,167,168,recursive_no_basis,0.0007202000124379992,0
0.2,167,168,general,0.023183299985248595,0
0.2,167,168,recursive_basis,0.0007439999899361283,0
0.2,168,169,general,0.023893200006568804,0
0.2,168,169,recursive_basis,0.000846099981572479,0
0.2,168,169,recursive_no_basis,0.000677700008964166,0
0.2,169,170,recursive_basis,0.0006289000157266855,0
0.2,169,170,recursive_no_basis,0.0006441999867092818,0
0.2,169,170,general,0.01929470000322908,0
0.2,170,171,recursive_no_basis,0.0006888000061735511,0
0.2,170,171,general,0.02186420001089573,0
0.2,170,171,recursive_basis,0.0012607999960891902,0
0.2,171,172,general,0.023042700020596385,0
0.2,171,172,recursive_basis,0.000745099998312071,0
0.2,171,172,recursive_no_basis,0.0006464000034611672,0
0.2,172,173,recursive_basis,0.0006289999873843044,0
0.2,172,173,recursive_no_basis,0.0006602000212296844,0
0.2,172,173,general,0.01992899997276254,0
0.2,173,174,recursive_no_basis,0.0007345000049099326,0
0.2,173,174,general,0.023011899989796802,0
0.2,173,174,recursive_basis,0.0007615999784320593,0
0.2,174,175,general,0.021445499995024875,0
0.2,174,175,recursive_basis,0.0007340999727603048,0
0.2,174,175,recursive_no_basis,0.0006776000082027167,0
0.2,175,176,recursive_basis,0.0006382999999914318,0
0.2,175,176,recursive_no_basis,0.0006643999950028956,0
0.2,175,176,general,0.01991570001700893,0
0.2,176,177,recursive_no_basis,0.000676199997542426,0
0.2,176,177,general,0.0232079999987036,0
0.2,176,177,recursive_basis,0.0008903999987524003,0
0.2,177,178,general,0.023872599995229393,0
0.2,177,178,recursive_basis,0.0007522999949287623,0
0.2,177,178,recursive_no_basis,0.0006307000003289431,0
0.2,178,179,recursive_basis,0.0006330999894998968,0
0.2,178,179,recursive_no_basis,0.000655500014545396,0
0.2,178,179,general,0.017976600007386878,0
0.2,179,180,recursive_no_basis,0.002031000010902062,1
0.2,179,180,general,0.02568650001194328,1
0.2,179,180,recursive_basis,0.004557800013571978,1
0.2,180,181,general,0.022465000016381964,0
0.2,180,181,recursive_basis,0.001107799995224923,0
0.2,180,181,recursive_no_basis,0.0007458000036422163,0
0.2,181,182,recursive_basis,0.0007172999903559685,0
0.2,181,182,recursive_no_basis,0.0006965000065974891,0
0.2,181,182,general,0.023150500026531518,0
0.2,182,183,recursive_no_basis,0.0007229999755509198,0
0.2,182,183,general,0.023238299996592104,0
0.2,182,183,recursive_basis,0.0008495999791193753,0
0.2,183,184,general,0.024920399999246,0
0.2,183,184,recursive_basis,0.0038976000214461237,0
0.2,183,184,recursive_no_basis,0.002471599989803508,0
0.2,184,185,recursive_basis,0.0007048000115901232,0
0.2,184,185,recursive_no_basis,0.000658600009046495,0
0.2,184,185,general,0.022738800005754456,0
0.2,185,186,recursive_no_basis,0.0007335999980568886,0
0.2,185,186,general,0.021720799995819107,0
0.2,185,186,recursive_basis,0.0012858999834861606,0
0.2,186,187,general,0.02269810001598671,0
0.2,186,187,recursive_basis,0.0007775000121910125,0
0.2,186,187,recursive_no_basis,0.0006399000121746212,0
0.2,187,188,recursive_basis,0.005519400001503527,1
0.2,187,188,recursive_no_basis,0.0032495000050403178,1
0.2,187,188,general,0.029395399993518367,1
0.2,188,189,recursive_no_basis,0.0021468999912030995,1
0.2,188,189,general,0.024558499979320914,1
0.2,188,189,recursive_basis,0.004071100003784522,1
0.2,189,190,general,0.02413240002351813,0
0.2,189,190,recursive_basis,0.0007630999898537993,0
0.2,189,190,recursive_no_basis,0.0006225999968592077,0
0.2,190,191,recursive_basis,0.0007967000128701329,0
0.2,190,191,recursive_no_basis,0.0007579000084660947,0
0.2,190,191,general,0.02521990000968799,0
0.2,191,192,recursive_no_basis,0.004928699985612184,0
0.2,191,192,general,0.024210500007029623,0
0.2,191,192,recursive_basis,0.007603899983223528,0
0.2,192,193,general,0.019728199986275285,0
0.2,192,193,recursive_basis,0.0007297999982256442,0
0.2,192,193,recursive_no_basis,0.0006129999819677323,0
0.2,193,194,recursive_basis,0.0006278999790083617,0
0.2,193,194,recursive_no_basis,0.0006610999989788979,0
0.2,193,194,general,0.017984100006287917,0
0.2,194,195,recursive_no_basis,0.0008311000128742307,0
0.2,194,195,general,0.025656499987235293,0
0.2,194,195,recursive_basis,0.0007649000035598874,0
0.2,195,196,general,0.02284649998182431,0
0.2,195,196,recursive_basis,0.001091100013582036,0
0.2,195,196,recursive_no_basis,0.0010665000008884817,0
0.2,196,197,recursive_basis,0.0007773000106681138,0
0.2,196,197,recursive_no_basis,0.0006784000142943114,0
0.2,196,197,general,0.022456200007582083,0
0.2,197,198,recursive_no_basis,0.0011693999986164272,0
0.2,197,198,general,0.029207799991127104,0
0.2,197,198,recursive_basis,0.0008718000026419759,0
0.2,198,199,general,0.025987999979406595,0
0.2,198,199,recursive_basis,0.0008333000005222857,0
0.2,198,199,recursive_no_basis,0.000683899997966364,0
0.2,199,200,recursive_basis,0.0006299000233411789,0
0.2,199,200,recursive_no_basis,0.0006754999922122806,0
0.2,199,200,general,0.0237042999942787,0
0.3,0,1,general,0.07423970001400448,3
0.3,0,1,recursive_basis,0.009813700016820803,3
0.3,0,1,recursive_no_basis,0.005441400018753484,3
0.3,1,2,recursive_basis,0.00882590000401251,8
0.3,1,2,recursive_no_basis,0.0037514000141527504,8
0.3,1,2,general,0.0780844000109937,8
0.3,2,3,recursive_no_basis,0.007917999988421798,8
0.3,2,3,general,0.08384109998587519,8
0.3,2,3,recursive_basis,0.014141699997708201,8
0.3,3,4,general,0.07250110001768917,4
0.3,3,4,recursive_basis,0.007439300010446459,4
0.3,3,4,recursive_no_basis,0.003878099989378825,4
0.3,4,5,recursive_basis,0.01145120000001043,2
0.3,4,5,recursive_no_basis,0.005760000000009313,2
0.3,4,5,general,0.0630304999940563,2
0.3,5,6,recursive_no_basis,0.006337400001939386,2
0.3,5,6,general,0.060649999999441206,2
0.3,5,6,recursive_basis,0.010696300014387816,2
0.3,6,7,general,0.08468880000873469,4
0.3,6,7,recursive_basis,0.014149800001177937,4
0.3,6,7,recursive_no_basis,0.00717689999146387,4
0.3,7,8,recursive_basis,0.005714599974453449,2
0.3,7,8,recursive_no_basis,0.004636400000890717,2
0.3,7,8,general,0.05426550001720898,2
0.3,8,9,recursive_no_basis,0.005660800001351163,5
0.3,8,9,general,0.0642756000161171,5
0.3,8,9,recursive_basis,0.01128840001183562,5
0.3,9,10,general,0.06573750000097789,2
0.3,9,10,recursive_basis,0.011967300000833347,2
0.3,9,10,recursive_no_basis,0.007556600001407787,2
0.3,10,11,recursive_basis,0.00927039998350665,5
0.3,10,11,recursive_no_basis,0.005895600013900548,5
0.3,10,11,general,0.07417070001247339,5
0.3,11,12,recursive_no_basis,0.004651099996408448,5
0.3,11,12,general,0.06776299999910407,5
0.3,11,12,recursive_basis,0.00882289998116903,5
0.3,12,13,general,0.09140380000462756,7
0.3,12,13,recursive_basis,0.013812099990900606,7
0.3,12,13,recursive_no_basis,0.0074683999991975725,7
0.3,13,14,recursive_basis,0.01336250000167638,3
0.3,13,14,recursive_no_basis,0.006762700009858236,3
0.3,13,14,general,0.08264400000916794,3
0.3,14,15,recursive_no_basis,0.0071820000011939555,5
0.3,14,15,general,0.08240650000516325,5
0.3,14,15,recursive_basis,0.013571199990110472,5
0.3,15,16,general,0.07612289997632615,4
0.3,15,16,recursive_basis,0.013729500002227724,4
0.3,15,16,recursive_no_basis,0.00699169997824356,4
0.3,16,17,recursive_basis,0.014184600004227832,9
0.3,16,17,recursive_no_basis,0.006626399990636855,9
0.3,16,17,general,0.09058990000630729,9
0.3,17,18,recursive_no_basis,0.005261299986159429,7
0.3,17,18,general,0.07461889999103732,7
0.3,17,18,recursive_basis,0.010213000001385808,7
0.3,18,19,general,0.0647027000086382,0
0.3,18,19,recursive_basis,0.010857100016437471,0
0.3,18,19,recursive_no_basis,0.005844399973284453,0
0.3,19,20,recursive_basis,0.013052099995547906,2
0.3,19,20,recursive_no_basis,0.0072509000019636005,2
0.3,19,20,general,0.07514130001072772,2
0.3,20,21,recursive_no_basis,0.007066399994073436,1
0.3,20,21,general,0.086123300017789,1
0.3,20,21,recursive_basis,0.013172400009352714,1
0.3,21,22,general,0.06036820000736043,0
0.3,21,22,recursive_basis,0.005814900010591373,0
0.3,21,22,recursive_no_basis,0.003575799986720085,0
0.3,22,23,recursive_basis,0.012084600020898506,6
0.3,22,23,recursive_no_basis,0.006192200002260506,6
0.3,22,23,general,0.08161910000490025,6
0.3,23,24,recursive_no_basis,0.0048183000180870295,0
0.3,23,24,general,0.0663914000033401,0
0.3,23,24,recursive_basis,0.009006899985251948,0
0.3,24,25,general,0.07155339999007992,3
0.3,24,25,recursive_basis,0.008541699993656948,3
0.3,24,25,recursive_no_basis,0.004952099989168346,3
0.3,25,26,recursive_basis,0.009767299983650446,0
0.3,25,26,recursive_no_basis,0.006212900014361367,0
0.3,25,26,general,0.060373000014806166,0
0.3,26,27,recursive_no_basis,0.00515149999409914,4
0.3,26,27,general,0.06657279998762533,4
0.3,26,27,recursive_basis,0.009106800018344074,4
0.3,27,28,general,0.05357040002127178,0
0.3,27,28,recursive_basis,0.0008479000243823975,0
0.3,27,28,recursive_no_basis,0.0007692000071983784,0
0.3,28,29,recursive_basis,0.008791700005531311,1
0.3,28,29,recursive_no_basis,0.006186300015542656,1
0.3,28,29,general,0.08228940001572482,1
0.3,29,30,recursive_no_basis,0.005961299990303814,1
0.3,29,30,general,0.07543769999756478,1
0.3,29,30,recursive_basis,0.010229700012132525,1
0.3,30,31,general,0.08556960002169944,5
0.3,30,31,recursive_basis,0.01179659998160787,5
0.3,30,31,recursive_no_basis,0.006898999999975786,5
0.3,31,32,recursive_basis,0.008930400013923645,2
0.3,31,32,recursive_no_basis,0.005549599998630583,2
0.3,31,32,general,0.06242100000963546,2
0.3,32,33,recursive_no_basis,0.006986100022913888,1
0.3,32,33,general,0.06676129999686964,1
0.3,32,33,recursive_basis,0.011976600013440475,1
0.3,33,34,general,0.07840519997989759,7
0.3,33,34,recursive_basis,0.010407800000393763,7
0.3,33,34,recursive_no_basis,0.005116499989526346,7
0.3,34,35,recursive_basis,0.010146799992071465,0
0.3,34,35,recursive_no_basis,0.007131500024115667,0
0.3,34,35,general,0.07682660000864416,0
0.3,35,36,recursive_no_basis,0.007469800009857863,3
0.3,35,36,general,0.07189229998039082,3
0.3,35,36,recursive_basis,0.012896800006274134,3
0.3,36,37,general,0.06637559999944642,3
0.3,36,37,recursive_basis,0.01158180000493303,3
0.3,36,37,recursive_no_basis,0.006670600007055327,3
0.3,37,38,recursive_basis,0.01228100000298582,8
0.3,37,38,recursive_no_basis,0.006528900004923344,8
0.3,37,38,general,0.08049160000518896,8
0.3,38,39,recursive_no_basis,0.004636300000129268,0
0.3,38,39,general,0.05638510000426322,0
0.3,38,39,recursive_basis,0.007022400008281693,0
0.3,39,40,general,0.07056549997651018,0
0.3,39,40,recursive_basis,0.010066499991808087,0
0.3,39,40,recursive_no_basis,0.006991800008108839,0
0.3,40,41,recursive_basis,0.010815200017532334,2
0.3,40,41,recursive_no_basis,0.0061642000218853354,2
0.3,40,41,general,0.07378659999812953,2
0.3,41,42,recursive_no_basis,0.006576999992830679,5
0.3,41,42,general,0.07520679998560809,5
0.3,41,42,recursive_basis,0.014186999993398786,5
0.3,42,43,general,0.06573929998558015,4
0.3,42,43,recursive_basis,0.007947700010845438,4
0.3,42,43,recursive_no_basis,0.00442860001930967,4
0.3,43,44,recursive_basis,0.011846000008517876,3
0.3,43,44,recursive_no_basis,0.006496499991044402,3
0.3,43,44,general,0.07422930002212524,3
0.3,44,45,recursive_no_basis,0.006710800022119656,3
0.3,44,45,general,0.07529670000076294,3
0.3,44,45,recursive_basis,0.011726099997758865,3
0.3,45,46,general,0.08103490000939928,6
0.3,45,46,recursive_basis,0.014552899985574186,6
0.3,45,46,recursive_no_basis,0.008584800001699477,6
0.3,46,47,recursive_basis,0.009645700018154457,5
0.3,46,47,recursive_no_basis,0.006262399983825162,5
0.3,46,47,general,0.06481790001271293,5
0.3,47,48,recursive_no_basis,0.003918600006727502,5
0.3,47,48,general,0.07100129997706972,5
0.3,47,48,recursive_basis,0.00896959999226965,5
0.3,48,49,general,0.09135579998837784,5
0.3,48,49,recursive_basis,0.013864299980923533,5
0.3,48,49,recursive_no_basis,0.0074108999979216605,5
0.3,49,50,recursive_basis,0.010519200004637241,4
0.3,49,50,recursive_no_basis,0.00636360002681613,4
0.3,49,50,general,0.07669320001150481,4
0.3,50,51,recursive_no_basis,0.007564900006400421,3
0.3,50,51,general,0.06855460000224411,3
0.3,50,51,recursive_basis,0.011444600007962435,3
0.3,51,52,general,0.07495720000588335,6
0.3,51,52,recursive_basis,0.009241399995516986,6
0.3,51,52,recursive_no_basis,0.006376499979523942,6
0.3,52,53,recursive_basis,0.009890699991956353,3
0.3,52,53,recursive_no_basis,0.004914199991617352,3
0.3,52,53,general,0.06683090000296943,3
0.3,53,54,recursive_no_basis,0.00859320000745356,6
0.3,53,54,general,0.08139129998744465,6
0.3,53,54,recursive_basis,0.016759599995566532,6
0.3,54,55,general,0.07357979999505915,1
0.3,54,55,recursive_basis,0.0101180000056047,1
0.3,54,55,recursive_no_basis,0.006802800024161115,1
0.3,55,56,recursive_basis,0.017049400019459426,10
0.3,55,56,recursive_no_basis,0.008223999990150332,10
0.3,55,56,general,0.08944489998975769,10
0.3,56,57,recursive_no_basis,0.005705399991711602,7
0.3,56,57,general,0.07778140000300482,7
0.3,56,57,recursive_basis,0.010367000009864569,7
0.3,57,58,general,0.07311420000041835,0
0.3,57,58,recursive_basis,0.008392699994146824,0
0.3,57,58,recursive_no_basis,0.005863400001544505,0
0.3,58,59,recursive_basis,0.01027200001408346,12
0.3,58,59,recursive_no_basis,0.0052404000016395,12
0.3,58,59,general,0.08439340000040829,12
0.3,59,60,recursive_no_basis,0.007673499989323318,3
0.3,59,60,general,0.07728570001199841,3
0.3,59,60,recursive_basis,0.013868699985323474,3
0.3,60,61,general,0.07587619998957962,4
0.3,60,61,recursive_basis,0.010990200011292472,4
0.3,60,61,recursive_no_basis,0.005889799998840317,4
0.3,61,62,recursive_basis,0.011948200000915676,11
0.3,61,62,recursive_no_basis,0.006317800027318299,11
0.3,61,62,general,0.08655290000024252,11
0.3,62,63,recursive_no_basis,0.0021723000099882483,2
0.3,62,63,general,0.06381429999601096,2
0.3,62,63,recursive_basis,0.004191699990769848,2
0.3,63,64,general,0.06649080000352114,2
0.3,63,64,recursive_basis,0.009283099992899224,2
0.3,63,64,recursive_no_basis,0.004325999994762242,2
0.3,64,65,recursive_basis,0.01108530000783503,1
0.3,64,65,recursive_no_basis,0.008376000012503937,1
0.3,64,65,general,0.06908430001931265,1
0.3,65,66,recursive_no_basis,0.0060363000084180385,5
0.3,65,66,general,0.08094149999669753,5
0.3,65,66,recursive_basis,0.011693899985402822,5
0.3,66,67,general,0.06752000001142733,2
0.3,66,67,recursive_basis,0.011907400010386482,2
0.3,66,67,recursive_no_basis,0.005632599990349263,2
0.3,67,68,recursive_basis,0.01074149998021312,9
0.3,67,68,recursive_no_basis,0.006440299999667332,9
0.3,67,68,general,0.07954730000346899,9
0.3,68,69,recursive_no_basis,0.0064313999901060015,3
0.3,68,69,general,0.07530169998062775,3
0.3,68,69,recursive_basis,0.012585800024680793,3
0.3,69,70,general,0.06644170000799932,2
0.3,69,70,recursive_basis,0.00891919998684898,2
0.3,69,70,recursive_no_basis,0.005207700014580041,2
0.3,70,71,recursive_basis,0.010096199985127896,1
0.3,70,71,recursive_no_basis,0.007807599991792813,1
0.3,70,71,general,0.07239419998950325,1
0.3,71,72,recursive_no_basis,0.003775699995458126,1
0.3,71,72,general,0.061839100002544,1
0.3,71,72,recursive_basis,0.006165500002680346,1
0.3,72,73,general,0.07108260001405142,0
0.3,72,73,recursive_basis,0.006821200018748641,0
0.3,72,73,recursive_no_basis,0.0041551000031176955,0
0.3,73,74,recursive_basis,0.012039699999149889,5
0.3,73,74,recursive_no_basis,0.007368799997493625,5
0.3,73,74,general,0.0807660999998916,5
0.3,74,75,recursive_no_basis,0.008638400002382696,0
0.3,74,75,general,0.07051679998403415,0
0.3,74,75,recursive_basis,0.013022600003750995,0
0.3,75,76,general,0.07228930000565015,1
0.3,75,76,recursive_basis,0.010658099985448644,1
0.3,75,76,recursive_no_basis,0.006467100000008941,1
0.3,76,77,recursive_basis,0.009007199987536296,0
0.3,76,77,recursive_no_basis,0.0056316000118386,0
0.3,76,77,general,0.06712699998752214,0
0.3,77,78,recursive_no_basis,0.004837200016481802,5
0.3,77,78,general,0.07026260002749041,5
0.3,77,78,recursive_basis,0.009443199989618734,5
0.3,78,79,general,0.07384249998722225,3
0.3,78,79,recursive_basis,0.010994500014930964,3
0.3,78,79,recursive_no_basis,0.0065027999808080494,3
0.3,79,80,recursive_basis,0.009470999997574836,0
0.3,79,80,recursive_no_basis,0.006171599990921095,0
0.3,79,80,general,0.056489799986593425,0
0.3,80,81,recursive_no_basis,0.005602500023087487,9
0.3,80,81,general,0.07357549999142066,9
0.3,80,81,recursive_basis,0.01036690000910312,9
0.3,81,82,general,0.07200129999546334,3
0.3,81,82,recursive_basis,0.01304389999131672,3
0.3,81,82,recursive_no_basis,0.007570400019176304,3
0.3,82,83,recursive_basis,0.013842100015608594,8
0.3,82,83,recursive_no_basis,0.007733400008874014,8
0.3,82,83,general,0.0809616000042297,8
0.3,83,84,recursive_no_basis,0.006700600002659485,5
0.3,83,84,general,0.07405779999680817,5
0.3,83,84,recursive_basis,0.011927899991860613,5
0.3,84,85,general,0.072235899977386,1
0.3,84,85,recursive_basis,0.010419300000648946,1
0.3,84,85,recursive_no_basis,0.00603309998405166,1
0.3,85,86,recursive_basis,0.012613300001248717,3
0.3,85,86,recursive_no_basis,0.008884699986083433,3
0.3,85,86,general,0.07495229999767616,3
0.3,86,87,recursive_no_basis,0.006573399994522333,5
0.3,86,87,general,0.07061930000782013,5
0.3,86,87,recursive_basis,0.012494599999627098,5
0.3,87,88,general,0.06795490000513382,4
0.3,87,88,recursive_basis,0.012468000000808388,4
0.3,87,88,recursive_no_basis,0.0065104999812319875,4
0.3,88,89,recursive_basis,0.013794500002404675,8
0.3,88,89,recursive_no_basis,0.006676999997580424,8
0.3,88,89,general,0.08697879998362623,8
0.3,89,90,recursive_no_basis,0.006901399989146739,4
0.3,89,90,general,0.07391870001447387,4
0.3,89,90,recursive_basis,0.013579199992818758,4
0.3,90,91,general,0.07662169999093749,4
0.3,90,91,recursive_basis,0.0149643000040669,4
0.3,90,91,recursive_no_basis,0.007914999994682148,4
0.3,91,92,recursive_basis,0.010045600007288158,3
0.3,91,92,recursive_no_basis,0.005680300004314631,3
0.3,91,92,general,0.07466409998596646,3
0.3,92,93,recursive_no_basis,0.004513199994107708,0
0.3,92,93,general,0.06652289998601191,0
0.3,92,93,recursive_basis,0.0073262999940197915,0
0.3,93,94,general,0.06972139998106286,1
0.3,93,94,recursive_basis,0.011156900000059977,1
0.3,93,94,recursive_no_basis,0.00903640000615269,1
0.3,94,95,recursive_basis,0.010699600010411814,8
0.3,94,95,recursive_no_basis,0.007236599980387837,8
0.3,94,95,general,0.0804338000016287,8
0.3,95,96,recursive_no_basis,0.008537300018360838,0
0.3,95,96,general,0.06959610001649708,0
0.3,95,96,recursive_basis,0.012084799993317574,0
0.3,96,97,general,0.06637859999318607,2
0.3,96,97,recursive_basis,0.008451700006844476,2
0.3,96,97,recursive_no_basis,0.004877100000157952,2
0.3,97,98,recursive_basis,0.00808349999715574,0
0.3,97,98,recursive_no_basis,0.005910799984121695,0
0.3,97,98,general,0.06367639999371022,0
0.3,98,99,recursive_no_basis,0.006898599996929988,2
0.3,98,99,general,0.0759783000103198,2
0.3,98,99,recursive_basis,0.012072099983925,2
0.3,99,100,general,0.08321630000136793,7
0.3,99,100,recursive_basis,0.013038400007644668,7
0.3,99,100,recursive_no_basis,0.007682800001930445,7
0.3,100,101,recursive_basis,0.013777899992419407,4
0.3,100,101,recursive_no_basis,0.007180599990533665,4
0.3,100,101,general,0.07786160000250675,4
0.3,101,102,recursive_no_basis,0.006475000001955777,2
0.3,101,102,general,0.06433500000275671,2
0.3,101,102,recursive_basis,0.01146460001473315,2
0.3,102,103,general,0.0746367999818176,6
0.3,102,103,recursive_basis,0.013536200014641508,6
0.3,102,103,recursive_no_basis,0.006462199991801754,6
0.3,103,104,recursive_basis,0.010657799983164296,11
0.3,103,104,recursive_no_basis,0.0060683999909088016,11
0.3,103,104,general,0.090473500022199,11
0.3,104,105,recursive_no_basis,0.006656600016867742,0
0.3,104,105,general,0.06868460000259802,0
0.3,104,105,recursive_basis,0.011405800003558397,0
0.3,105,106,general,0.07334590001846664,2
0.3,105,106,recursive_basis,0.012474399991333485,2
0.3,105,106,recursive_no_basis,0.007192599994596094,2
0.3,106,107,recursive_basis,0.011802199995145202,7
0.3,106,107,recursive_no_basis,0.007007700012763962,7
0.3,106,107,general,0.07794469999498688,7
0.3,107,108,recursive_no_basis,0.008108299982268363,1
0.3,107,108,general,0.07838770002126694,1
0.3,107,108,recursive_basis,0.012658599996939301,1
0.3,108,109,general,0.07586240000091493,3
0.3,108,109,recursive_basis,0.014157100027659908,3
0.3,108,109,recursive_no_basis,0.007452799996826798,3
0.3,109,110,recursive_basis,0.010698900005081668,8
0.3,109,110,recursive_no_basis,0.005906100006541237,8
0.3,109,110,general,0.08404529999825172,8
0.3,110,111,recursive_no_basis,0.005780300009064376,2
0.3,110,111,general,0.0749909000005573,2
0.3,110,111,recursive_basis,0.010164100007386878,2
0.3,111,112,general,0.06841029998031445,0
0.3,111,112,recursive_basis,0.011151299986522645,0
0.3,111,112,recursive_no_basis,0.0060968000034336,0
0.3,112,113,recursive_basis,0.011672699998598546,2
0.3,112,113,recursive_no_basis,0.007328800013056025,2
0.3,112,113,general,0.07790989999193698,2
0.3,113,114,recursive_no_basis,0.005227699992246926,15
0.3,113,114,general,0.08722670000861399,15
0.3,113,114,recursive_basis,0.010539699986111373,15
0.3,114,115,general,0.08047149999765679,6
0.3,114,115,recursive_basis,0.011507799994433299,6
0.3,114,115,recursive_no_basis,0.006598500011023134,6
0.3,115,116,recursive_basis,0.011198099993634969,2
0.3,115,116,recursive_no_basis,0.006054700003005564,2
0.3,115,116,general,0.07412469998234883,2
0.3,116,117,recursive_no_basis,0.007829100009985268,3
0.3,116,117,general,0.07884139998350292,3
0.3,116,117,recursive_basis,0.01137870000093244,3
0.3,117,118,general,0.06927989999530837,1
0.3,117,118,recursive_basis,0.01128390000667423,1
0.3,117,118,recursive_no_basis,0.006136499985586852,1
0.3,118,119,recursive_basis,0.009448400000110269,3
0.3,118,119,recursive_no_basis,0.006307400006335229,3
0.3,118,119,general,0.12607499997830018,3
0.3,119,120,recursive_no_basis,0.006795699999202043,4
0.3,119,120,general,0.1107563000114169,4
0.3,119,120,recursive_basis,0.012458099983632565,4
0.3,120,121,general,0.07014120000530966,2
0.3,120,121,recursive_basis,0.013892499991925433,2
0.3,120,121,recursive_no_basis,0.007143599999835715,2
0.3,121,122,recursive_basis,0.008348700008355081,3
0.3,121,122,recursive_no_basis,0.004823099996428937,3
0.3,121,122,general,0.08357379998778924,3
0.3,122,123,recursive_no_basis,0.0064387999882455915,2
0.3,122,123,general,0.07461290000355802,2
0.3,122,123,recursive_basis,0.011852499999804422,2
0.3,123,124,general,0.07761229999596253,4
0.3,123,124,recursive_basis,0.009153499995591119,4
0.3,123,124,recursive_no_basis,0.005675599997630343,4
0.3,124,125,recursive_basis,0.014185199979692698,1
0.3,124,125,recursive_no_basis,0.007530799979576841,1
0.3,124,125,general,0.08135210000909865,1
0.3,125,126,recursive_no_basis,0.00568500001099892,0
0.3,125,126,general,0.05555399999138899,0
0.3,125,126,recursive_basis,0.008217700000386685,0
0.3,126,127,general,0.10281069998745807,1
0.3,126,127,recursive_basis,0.016715000005206093,1
0.3,126,127,recursive_no_basis,0.009194399986881763,1
0.3,127,128,recursive_basis,0.014129000017419457,0
0.3,127,128,recursive_no_basis,0.012751899979775771,0
0.3,127,128,general,0.07376050000311807,0
0.3,128,129,recursive_no_basis,0.004797700006747618,2
0.3,128,129,general,0.06463920001988299,2
0.3,128,129,recursive_basis,0.009344599995529279,2
0.3,129,130,general,0.0624627000070177,1
0.3,129,130,recursive_basis,0.010992600000463426,1
0.3,129,130,recursive_no_basis,0.0071564000099897385,1
0.3,130,131,recursive_basis,0.011106400022981688,6
0.3,130,131,recursive_no_basis,0.007969700003741309,6
0.3,130,131,general,0.06959800000186078,6
0.3,131,132,recursive_no_basis,0.005208899994613603,3
0.3,131,132,general,0.06512069999007508,3
0.3,131,132,recursive_basis,0.009176299994578585,3
0.3,132,133,general,0.0693205000134185,1
0.3,132,133,recursive_basis,0.007610399974510074,1
0.3,132,133,recursive_no_basis,0.00442559999646619,1
0.3,133,134,recursive_basis,0.010139100020751357,2
0.3,133,134,recursive_no_basis,0.005694099992979318,2
0.3,133,134,general,0.06278179999208078,2
0.3,134,135,recursive_no_basis,0.006645600020419806,2
0.3,134,135,general,0.07171780001954176,2
0.3,134,135,recursive_basis,0.011053700000047684,2
0.3,135,136,general,0.09623929997906089,13
0.3,135,136,recursive_basis,0.014924899995094165,13
0.3,135,136,recursive_no_basis,0.006366100016748533,13
0.3,136,137,recursive_basis,0.013491100020473823,4
0.3,136,137,recursive_no_basis,0.006897200015373528,4
0.3,136,137,general,0.0684977000055369,4
0.3,137,138,recursive_no_basis,0.007537099998444319,0
0.3,137,138,general,0.06854499998735264,0
0.3,137,138,recursive_basis,0.009333499998319894,0
0.3,138,139,general,0.0647439000022132,2
0.3,138,139,recursive_basis,0.0053047999972477555,2
0.3,138,139,recursive_no_basis,0.00222090000170283,2
0.3,139,140,recursive_basis,0.011143999989144504,6
0.3,139,140,recursive_no_basis,0.005476300022564828,6
0.3,139,140,general,0.08114880000357516,6
0.3,140,141,recursive_no_basis,0.006589700002223253,0
0.3,140,141,general,0.07167720000143163,0
0.3,140,141,recursive_basis,0.009942799981217831,0
0.3,141,142,general,0.07308949998696335,1
0.3,141,142,recursive_basis,0.01106330001493916,1
0.3,141,142,recursive_no_basis,0.0062670999905094504,1
0.3,142,143,recursive_basis,0.012052500009303913,4
0.3,142,143,recursive_no_basis,0.007043100020382553,4
0.3,142,143,general,0.07853430000250228,4
0.3,143,144,recursive_no_basis,0.006225599994650111,4
0.3,143,144,general,0.07430420001037419,4
0.3,143,144,recursive_basis,0.011182999995071441,4
0.3,144,145,general,0.07504519997746684,4
0.3,144,145,recursive_basis,0.013445399992633611,4
0.3,144,145,recursive_no_basis,0.006941800005733967,4
0.3,145,146,recursive_basis,0.00820219999877736,3
0.3,145,146,recursive_no_basis,0.004108199995243922,3
0.3,145,146,general,0.06137799998396076,3
0.3,146,147,recursive_no_basis,0.007682399998884648,4
0.3,146,147,general,0.08131080001476221,4
0.3,146,147,recursive_basis,0.011871299997437745,4
0.3,147,148,general,0.058827700006077066,0
0.3,147,148,recursive_basis,0.008380399987800047,0
0.3,147,148,recursive_no_basis,0.005226100009167567,0
0.3,148,149,recursive_basis,0.01190759998280555,1
0.3,148,149,recursive_no_basis,0.007325700018554926,1
0.3,148,149,general,0.0683355999935884,1
0.3,149,150,recursive_no_basis,0.005983800016110763,2
0.3,149,150,general,0.07850619999226183,2
0.3,149,150,recursive_basis,0.010481100005563349,2
0.3,150,151,general,0.0709402000065893,8
0.3,150,151,recursive_basis,0.010053400008473545,8
0.3,150,151,recursive_no_basis,0.005485799978487194,8
0.3,151,152,recursive_basis,0.012248900020495057,2
0.3,151,152,recursive_no_basis,0.006855099985841662,2
0.3,151,152,general,0.06967579998308793,2
0.3,152,153,recursive_no_basis,0.005005099985282868,6
0.3,152,153,general,0.07115179998800159,6
0.3,152,153,recursive_basis,0.008289099991088733,6
0.3,153,154,general,0.08668209999450482,7
0.3,153,154,recursive_basis,0.013652099994942546,7
0.3,153,154,recursive_no_basis,0.00745250002364628,7
0.3,154,155,recursive_basis,0.010480400000233203,1
0.3,154,155,recursive_no_basis,0.006408199988072738,1
0.3,154,155,general,0.07026020000921562,1
0.3,155,156,recursive_no_basis,0.006767499988200143,4
0.3,155,156,general,0.07268979999935254,4
0.3,155,156,recursive_basis,0.01192389999050647,4
0.3,156,157,general,0.06957520000287332,3
0.3,156,157,recursive_basis,0.009187099989503622,3
0.3,156,157,recursive_no_basis,0.006617000006372109,3
0.3,157,158,recursive_basis,0.006607199989957735,5
0.3,157,158,recursive_no_basis,0.004002400004537776,5
0.3,157,158,general,0.07306349999271333,5
0.3,158,159,recursive_no_basis,0.006988600012846291,0
0.3,158,159,general,0.07197059999452904,0
0.3,158,159,recursive_basis,0.008699500001966953,0
0.3,159,160,general,0.0793011000205297,2
0.3,159,160,recursive_basis,0.012126100016757846,2
0.3,159,160,recursive_no_basis,0.007585200015455484,2
0.3,160,161,recursive_basis,0.009918199997628108,4
0.3,160,161,recursive_no_basis,0.006449799984693527,4
0.3,160,161,general,0.084349500015378,4
0.3,161,162,recursive_no_basis,0.005985800002235919,4
0.3,161,162,general,0.07629630001611076,4
0.3,161,162,recursive_basis,0.0113800999824889,4
0.3,162,163,general,0.0843211000028532,6
0.3,162,163,recursive_basis,0.012570700026117265,6
0.3,162,163,recursive_no_basis,0.007454600010532886,6
0.3,163,164,recursive_basis,0.008668599999509752,6
0.3,163,164,recursive_no_basis,0.005194400000618771,6
0.3,163,164,general,0.08069720002822578,6
0.3,164,165,recursive_no_basis,0.007779300009133294,2
0.3,164,165,general,0.07642229998600669,2
0.3,164,165,recursive_basis,0.012546600017230958,2
0.3,165,166,general,0.08471900000586174,8
0.3,165,166,recursive_basis,0.010634800011757761,8
0.3,165,166,recursive_no_basis,0.0065734999952837825,8
0.3,166,167,recursive_basis,0.009900399978505448,0
0.3,166,167,recursive_no_basis,0.007971799990627915,0
0.3,166,167,general,0.06907890000729822,0
0.3,167,168,recursive_no_basis,0.003849500004434958,1
0.3,167,168,general,0.06964030000381172,1
0.3,167,168,recursive_basis,0.008147600019583479,1
0.3,168,169,general,0.0742337999981828,6
0.3,168,169,recursive_basis,0.010998699988704175,6
0.3,168,169,recursive_no_basis,0.005864500009920448,6
0.3,169,170,recursive_basis,0.016633300023386255,6
0.3,169,170,recursive_no_basis,0.007304200000362471,6
0.3,169,170,general,0.08167659997707233,6
0.3,170,171,recursive_no_basis,0.007494399993447587,6
0.3,170,171,general,0.07107509998604655,6
0.3,170,171,recursive_basis,0.09394459999748506,6
0.3,171,172,general,0.0719035999791231,1
0.3,171,172,recursive_basis,0.00947940000332892,1
0.3,171,172,recursive_no_basis,0.005768600007286295,1
0.3,172,173,recursive_basis,0.011235700018005446,2
0.3,172,173,recursive_no_basis,0.006568299984792247,2
0.3,172,173,general,0.06384309998247772,2
0.3,173,174,recursive_no_basis,0.005318600015016273,0
0.3,173,174,general,0.06307460000971332,0
0.3,173,174,recursive_basis,0.008196500013582408,0
0.3,174,175,general,0.07186809999984689,4
0.3,174,175,recursive_basis,0.009769399999640882,4
0.3,174,175,recursive_no_basis,0.005032599990954623,4
0.3,175,176,recursive_basis,0.015220300003420562,5
0.3,175,176,recursive_no_basis,0.007537100027548149,5
0.3,175,176,general,0.07515049999346957,5
0.3,176,177,recursive_no_basis,0.006525900011183694,9
0.3,176,177,general,0.08295420001377352,9
0.3,176,177,recursive_basis,0.013323399994987994,9
0.3,177,178,general,0.07405359999393113,2
0.3,177,178,recursive_basis,0.01283649998367764,2
0.3,177,178,recursive_no_basis,0.009090700012166053,2
0.3,178,179,recursive_basis,0.008266099990578368,1
0.3,178,179,recursive_no_basis,0.00477219998720102,1
0.3,178,179,general,0.07420230002026074,1
0.3,179,180,recursive_no_basis,0.006867999996757135,9
0.3,179,180,general,0.08760530001018196,9
0.3,179,180,recursive_basis,0.013663000019732863,9
0.3,180,181,general,0.07176920000347309,2
0.3,180,181,recursive_basis,0.008915999991586432,2
0.3,180,181,recursive_no_basis,0.005823699990287423,2
0.3,181,182,recursive_basis,0.012515500013250858,5
0.3,181,182,recursive_no_basis,0.0077560000063385814,5
0.3,181,182,general,0.07528230000752956,5
0.3,182,183,recursive_no_basis,0.0066895000054501,4
0.3,182,183,general,0.07792069998686202,4
0.3,182,183,recursive_basis,0.010246099991491064,4
0.3,183,184,general,0.07491740002296865,3
0.3,183,184,recursive_basis,0.010241999989375472,3
0.3,183,184,recursive_no_basis,0.005941900017205626,3
0.3,184,185,recursive_basis,0.01252249997924082,3
0.3,184,185,recursive_no_basis,0.007869699998991564,3
0.3,184,185,general,0.0728747000102885,3
0.3,185,186,recursive_no_basis,0.005396599997766316,2
0.3,185,186,general,0.06430769999860786,2
0.3,185,186,recursive_basis,0.009201600012602285,2
0.3,186,187,general,0.06926320001366548,3
0.3,186,187,recursive_basis,0.011196300009032711,3
0.3,186,187,recursive_no_basis,0.00593829998979345,3
0.3,187,188,recursive_basis,0.010925799986580387,4
0.3,187,188,recursive_no_basis,0.006501600000774488,4
0.3,187,188,general,0.07685380001203157,4
0.3,188,189,recursive_no_basis,0.008596600004239008,2
0.3,188,189,general,0.0679723999928683,2
0.3,188,189,recursive_basis,0.01075050001963973,2
0.3,189,190,general,0.07806659999187104,4
0.3,189,190,recursive_basis,0.012310499994782731,4
0.3,189,190,recursive_no_basis,0.00824799999827519,4
0.3,190,191,recursive_basis,0.010773099988000467,3
0.3,190,191,recursive_no_basis,0.006420699995942414,3
0.3,190,191,general,0.07382670001243241,3
0.3,191,192,recursive_no_basis,0.007136400003219023,5
0.3,191,192,general,0.07418700002017431,5
0.3,191,192,recursive_basis,0.013307299988809973,5
0.3,192,193,general,0.07455920000211336,7
0.3,192,193,recursive_basis,0.011192300007678568,7
0.3,192,193,recursive_no_basis,0.006074800010537729,7
0.3,193,194,recursive_basis,0.009324800019385293,4
0.3,193,194,recursive_no_basis,0.005032099987147376,4
0.3,193,194,general,0.06695859998581,4
0.3,194,195,recursive_no_basis,0.006180199998198077,3
0.3,194,195,general,0.08486020000418648,3
0.3,194,195,recursive_basis,0.011445099982665852,3
0.3,195,196,general,0.08139330000267364,0
0.3,195,196,recursive_basis,0.011105099983979017,0
0.3,195,196,recursive_no_basis,0.007128299999749288,0
0.3,196,197,recursive_basis,0.013456799992127344,4
0.3,196,197,recursive_no_basis,0.008631100005004555,4
0.3,196,197,general,0.08010600000852719,4
0.3,197,198,recursive_no_basis,0.0043775000085588545,6
0.3,197,198,general,0.08006989999557845,6
0.3,197,198,recursive_basis,0.00895630000741221,6
0.3,198,199,general,0.07209609998972155,3
0.3,198,199,recursive_basis,0.013928799977293238,3
0.3,198,199,recursive_no_basis,0.007345199992414564,3
0.3,199,200,recursive_basis,0.011766400013584644,2
0.3,199,200,recursive_no_basis,0.007059199997456744,2
0.3,199,200,general,0.0765372000169009,2
0.4,0,1,general,0.18664100000751205,22
0.4,0,1,recursive_basis,0.018088599987095222,22
0.4,0,1,recursive_no_basis,0.008478300005663186,22
0.4,1,2,recursive_basis,0.021771500003524125,39
0.4,1,2,recursive_no_basis,0.009012199996504933,39
0.4,1,2,general,0.2177259000018239,39
0.4,2,3,recursive_no_basis,0.009618100011721253,36
0.4,2,3,general,0.2083242000080645,36
0.4,2,3,recursive_basis,0.021900200023083016,36
0.4,3,4,general,0.18371889999252744,21
0.4,3,4,recursive_basis,0.01953190000494942,21
0.4,3,4,recursive_no_basis,0.01042909998795949,21
0.4,4,5,recursive_basis,0.02102839999133721,30
0.4,4,5,recursive_no_basis,0.011608800006797537,30
0.4,4,5,general,0.2087428000231739,30
0.4,5,6,recursive_no_basis,0.011404500022763386,8
0.4,5,6,general,0.17357879999326542,8
0.4,5,6,recursive_basis,0.019728699990082532,8
0.4,6,7,general,0.2117452999809757,32
0.4,6,7,recursive_basis,0.023733100009849295,32
0.4,6,7,recursive_no_basis,0.0178992000001017,32
0.4,7,8,recursive_basis,0.018407900002785027,21
0.4,7,8,recursive_no_basis,0.009954199980711564,21
0.4,7,8,general,0.1923456999938935,21
0.4,8,9,recursive_no_basis,0.01032519998261705,33
0.4,8,9,general,0.31030149999423884,33
0.4,8,9,recursive_basis,0.04500260000349954,33
0.4,9,10,general,0.20638260000851005,18
0.4,9,10,recursive_basis,0.028318800003034994,18
0.4,9,10,recursive_no_basis,0.014215100003639236,18
0.4,10,11,recursive_basis,0.02599039999768138,22
0.4,10,11,recursive_no_basis,0.011096699978224933,22
0.4,10,11,general,0.20635130000300705,22
0.4,11,12,recursive_no_basis,0.012027499993564561,29
0.4,11,12,general,0.18842099999892525,29
0.4,11,12,recursive_basis,0.021301500004483387,29
0.4,12,13,general,0.35127169999759644,40
0.4,12,13,recursive_basis,0.04913729999680072,40
0.4,12,13,recursive_no_basis,0.013967700011562556,40
0.4,13,14,recursive_basis,0.04864689998794347,40
0.4,13,14,recursive_no_basis,0.019184300006600097,40
0.4,13,14,general,0.35485430000699125,40
0.4,14,15,recursive_no_basis,0.016842399985762313,28
0.4,14,15,general,0.28461189998779446,28
0.4,14,15,recursive_basis,0.029659499996341765,28
0.4,15,16,general,0.229926300002262,25
0.4,15,16,recursive_basis,0.027406999986851588,25
0.4,15,16,recursive_no_basis,0.01273580000270158,25
0.4,16,17,recursive_basis,0.03144690001499839,31
0.4,16,17,recursive_no_basis,0.013672000000951812,31
0.4,16,17,general,0.24240590000408702,31
0.4,17,18,recursive_no_basis,0.009899500000756234,32
0.4,17,18,general,0.22330800001509488,32
0.4,17,18,recursive_basis,0.022798200021497905,32
0.4,18,19,general,0.20891430001938716,18
0.4,18,19,recursive_basis,0.028795999998692423,18
0.4,18,19,recursive_no_basis,0.011048699991079047,18
0.4,19,20,recursive_basis,0.027450599998701364,31
0.4,19,20,recursive_no_basis,0.012523599987616763,31
0.4,19,20,general,0.22803319999366067,31
0.4,20,21,recursive_no_basis,0.010220399999525398,29
0.4,20,21,general,0.20430009998381138,29
0.4,20,21,recursive_basis,0.020051500003319234,29
0.4,21,22,general,0.1738867999811191,19
0.4,21,22,recursive_basis,0.015287100017303601,19
0.4,21,22,recursive_no_basis,0.007968499994603917,19
0.4,22,23,recursive_basis,0.022227899986319244,27
0.4,22,23,recursive_no_basis,0.010280999995302409,27
0.4,22,23,general,0.1974004999792669,27
0.4,23,24,recursive_no_basis,0.010093899996718392,22
0.4,23,24,general,0.18584919997374527,22
0.4,23,24,recursive_basis,0.019800600013695657,22
0.4,24,25,general,0.19677609999780543,28
0.4,24,25,recursive_basis,0.02225969999562949,28
0.4,24,25,recursive_no_basis,0.009518400009255856,28
0.4,25,26,recursive_basis,0.018565100006526336,19
0.4,25,26,recursive_no_basis,0.010851099999854341,19
0.4,25,26,general,0.18074759998125955,19
0.4,26,27,recursive_no_basis,0.009509800001978874,24
0.4,26,27,general,0.18431670000427403,24
0.4,26,27,recursive_basis,0.021579099993687123,24
0.4,27,28,general,0.28417860000627115,15
0.4,27,28,recursive_basis,0.025186599988956004,15
0.4,27,28,recursive_no_basis,0.017733999993652105,15
0.4,28,29,recursive_basis,0.028426500008208677,13
0.4,28,29,recursive_no_basis,0.013489400007529184,13
0.4,28,29,general,0.23215659998822957,13
0.4,29,30,recursive_no_basis,0.012624099996173754,32
0.4,29,30,general,0.2165114999806974,32
0.4,29,30,recursive_basis,0.022530200018081814,32
0.4,30,31,general,0.2125891000032425,28
0.4,30,31,recursive_basis,0.023442500008968636,28
0.4,30,31,recursive_no_basis,0.011707900004694238,28
0.4,31,32,recursive_basis,0.022088400000939146,25
0.4,31,32,recursive_no_basis,0.009827100002439693,25
0.4,31,32,general,0.20237399998586625,25
0.4,32,33,recursive_no_basis,0.00937699998030439,17
0.4,32,33,general,0.17199309999705292,17
0.4,32,33,recursive_basis,0.019925700005842373,17
0.4,33,34,general,0.19710429999395274,33
0.4,33,34,recursive_basis,0.021657099976437166,33
0.4,33,34,recursive_no_basis,0.009223599976394325,33
0.4,34,35,recursive_basis,0.020279199990909547,32
0.4,34,35,recursive_no_basis,0.00945720000891015,32
0.4,34,35,general,0.2028303999977652,32
0.4,35,36,recursive_no_basis,0.011194299993803725,23
0.4,35,36,general,0.1817358999978751,23
0.4,35,36,recursive_basis,0.020822999998927116,23
0.4,36,37,general,0.18573600001400337,28
0.4,36,37,recursive_basis,0.021045800007414073,28
0.4,36,37,recursive_no_basis,0.009395400003995746,28
0.4,37,38,recursive_basis,0.021107500011567026,34
0.4,37,38,recursive_no_basis,0.010819799994351342,34
0.4,37,38,general,0.20407489998615347,34
0.4,38,39,recursive_no_basis,0.008693500014487654,24
0.4,38,39,general,0.17208610000670888,24
0.4,38,39,recursive_basis,0.02091150000342168,24
0.4,39,40,general,0.20488989999284968,25
0.4,39,40,recursive_basis,0.019915500015486032,25
0.4,39,40,recursive_no_basis,0.008422300015809014,25
0.4,40,41,recursive_basis,0.020567300001857802,26
0.4,40,41,recursive_no_basis,0.00987049998366274,26
0.4,40,41,general,0.1997720999934245,26
0.4,41,42,recursive_no_basis,0.009976000001188368,30
0.4,41,42,general,0.20792220000294037,30
0.4,41,42,recursive_basis,0.019876699981978163,30
0.4,42,43,general,0.2622491999936756,28
0.4,42,43,recursive_basis,0.037993400008417666,28
0.4,42,43,recursive_no_basis,0.012042099988320842,28
0.4,43,44,recursive_basis,0.025592199992388487,25
0.4,43,44,recursive_no_basis,0.012674199999310076,25
0.4,43,44,general,0.2484925999888219,25
0.4,44,45,recursive_no_basis,0.02128780001658015,37
0.4,44,45,general,0.26736080000409856,37
0.4,44,45,recursive_basis,0.023071000003255904,37
0.4,45,46,general,0.21325770000112243,28
0.4,45,46,recursive_basis,0.02361830000882037,28
0.4,45,46,recursive_no_basis,0.010907899995800108,28
0.4,46,47,recursive_basis,0.02078229998005554,30
0.4,46,47,recursive_no_basis,0.009151700010988861,30
0.4,46,47,general,0.19790689999354072,30
0.4,47,48,recursive_no_basis,0.008542199997464195,31
0.4,47,48,general,0.21748789999401197,31
0.4,47,48,recursive_basis,0.02178989999811165,31
0.4,48,49,general,0.21638420000090264,31
0.4,48,49,recursive_basis,0.022038299997802824,31
0.4,48,49,recursive_no_basis,0.010943799978122115,31
0.4,49,50,recursive_basis,0.024305300001287833,35
0.4,49,50,recursive_no_basis,0.010555899993050843,35
0.4,49,50,general,0.2104187999793794,35
0.4,50,51,recursive_no_basis,0.011441500013461336,16
0.4,50,51,general,0.19224859998212196,16
0.4,50,51,recursive_basis,0.026047200022730976,16
0.4,51,52,general,0.20860969999921508,34
0.4,51,52,recursive_basis,0.024173000012524426,34
0.4,51,52,recursive_no_basis,0.01241140000638552,34
0.4,52,53,recursive_basis,0.03191240000887774,24
0.4,52,53,recursive_no_basis,0.016356199979782104,24
0.4,52,53,general,0.25456000000122003,24
0.4,53,54,recursive_no_basis,0.014788200001930818,31
0.4,53,54,general,0.21758280001813546,31
0.4,53,54,recursive_basis,0.029946499998914078,31
0.4,54,55,general,0.22822540000197478,32
0.4,54,55,recursive_basis,0.030309800000395626,32
0.4,54,55,recursive_no_basis,0.011026299995137379,32
0.4,55,56,recursive_basis,0.027902300003916025,37
0.4,55,56,recursive_no_basis,0.01079490000847727,37
0.4,55,56,general,0.22200219999649562,37
0.4,56,57,recursive_no_basis,0.007477500010281801,29
0.4,56,57,general,0.1988670999999158,29
0.4,56,57,recursive_basis,0.017711799999233335,29
0.4,57,58,general,0.2732755000179168,26
0.4,57,58,recursive_basis,0.05130089999875054,26
0.4,57,58,recursive_no_basis,0.013680100004421547,26
0.4,58,59,recursive_basis,0.026491399999940768,32
0.4,58,59,recursive_no_basis,0.013237300008768216,32
0.4,58,59,general,0.2642535000049975,32
0.4,59,60,recursive_no_basis,0.010519800009205937,27
0.4,59,60,general,0.2096571000001859,27
0.4,59,60,recursive_basis,0.02227459999267012,27
0.4,60,61,general,0.23730609999620356,28
0.4,60,61,recursive_basis,0.027212299988605082,28
0.4,60,61,recursive_no_basis,0.01497620000736788,28
0.4,61,62,recursive_basis,0.024072700005490333,30
0.4,61,62,recursive_no_basis,0.012075599981471896,30
0.4,61,62,general,0.24171640002168715,30
0.4,62,63,recursive_no_basis,0.011336900002788752,23
0.4,62,63,general,0.18616700000711717,23
0.4,62,63,recursive_basis,0.01841359998797998,23
0.4,63,64,general,0.22656440001446754,28
0.4,63,64,recursive_basis,0.019889899995177984,28
0.4,63,64,recursive_no_basis,0.01003179998951964,28
0.4,64,65,recursive_basis,0.0220225999946706,14
0.4,64,65,recursive_no_basis,0.008633099991129711,14
0.4,64,65,general,0.16644220001762733,14
0.4,65,66,recursive_no_basis,0.01001570001244545,36
0.4,65,66,general,0.2116167000203859,36
0.4,65,66,recursive_basis,0.020024400000693277,36
0.4,66,67,general,0.17549029999645427,23
0.4,66,67,recursive_basis,0.015449500002432615,23
0.4,66,67,recursive_no_basis,0.007750699995085597,23
0.4,67,68,recursive_basis,0.017233499995199963,31
0.4,67,68,recursive_no_basis,0.0076212999993003905,31
0.4,67,68,general,0.18134559999452904,31
0.4,68,69,recursive_no_basis,0.008103700005449355,28
0.4,68,69,general,0.17851840000366792,28
0.4,68,69,recursive_basis,0.017630599992116913,28
0.4,69,70,general,0.1687376000045333,29
0.4,69,70,recursive_basis,0.019161300006089732,29
0.4,69,70,recursive_no_basis,0.008903799986001104,29
0.4,70,71,recursive_basis,0.01654819998657331,30
0.4,70,71,recursive_no_basis,0.007930399995530024,30
0.4,70,71,general,0.19026839997968636,30
0.4,71,72,recursive_no_basis,0.05560799999511801,25
0.4,71,72,general,0.17171070000040345,25
0.4,71,72,recursive_basis,0.017027699999744073,25
0.4,72,73,general,0.19095540000125766,32
0.4,72,73,recursive_basis,0.018107000010786578,32
0.4,72,73,recursive_no_basis,0.007627699989825487,32
0.4,73,74,recursive_basis,0.016633199993520975,20
0.4,73,74,recursive_no_basis,0.008467700012261048,20
0.4,73,74,general,0.17792449999251403,20
0.4,74,75,recursive_no_basis,0.008290199999464676,28
0.4,74,75,general,0.18010159998084418,28
0.4,74,75,recursive_basis,0.01834800001233816,28
0.4,75,76,general,0.16866620001383126,26
0.4,75,76,recursive_basis,0.018058199988445267,26
0.4,75,76,recursive_no_basis,0.00861270001041703,26
0.4,76,77,recursive_basis,0.016052199993282557,26
0.4,76,77,recursive_no_basis,0.007537199999205768,26
0.4,76,77,general,0.16616059999796562,26
0.4,77,78,recursive_no_basis,0.008685400011017919,33
0.4,77,78,general,0.18823129998054355,33
0.4,77,78,recursive_basis,0.017609799979254603,33
0.4,78,79,general,0.1863582999794744,28
0.4,78,79,recursive_basis,0.01723679999122396,28
0.4,78,79,recursive_no_basis,0.007977600005688146,28
0.4,79,80,recursive_basis,0.015032700001029298,23
0.4,79,80,recursive_no_basis,0.007337599992752075,23
0.4,79,80,general,0.16704369999933988,23
0.4,80,81,recursive_no_basis,0.009262400009902194,36
0.4,80,81,general,0.1840762000065297,36
0.4,80,81,recursive_basis,0.017969999986235052,36
0.4,81,82,general,0.17092539998702705,18
0.4,81,82,recursive_basis,0.018078199995215982,18
0.4,81,82,recursive_no_basis,0.008767799998167902,18
0.4,82,83,recursive_basis,0.016859600000316277,31
0.4,82,83,recursive_no_basis,0.007009299995843321,31
0.4,82,83,general,0.16921250001178123,31
0.4,83,84,recursive_no_basis,0.00797410000814125,37
0.4,83,84,general,0.1871664999925997,37
0.4,83,84,recursive_basis,0.01766829998814501,37
0.4,84,85,general,0.17330300001776777,23
0.4,84,85,recursive_basis,0.018353499996010214,23
0.4,84,85,recursive_no_basis,0.00879319998784922,23
0.4,85,86,recursive_basis,0.018872199987526983,20
0.4,85,86,recursive_no_basis,0.008758400013903156,20
0.4,85,86,general,0.17267580001498573,20
0.4,86,87,recursive_no_basis,0.008264100004453212,24
0.4,86,87,general,0.17134419997455552,24
0.4,86,87,recursive_basis,0.017667499982053414,24
0.4,87,88,general,0.18860439999843948,33
0.4,87,88,recursive_basis,0.017686399980448186,33
0.4,87,88,recursive_no_basis,0.008070600015344098,33
0.4,88,89,recursive_basis,0.022155399987241253,42
0.4,88,89,recursive_no_basis,0.009343799989437684,42
0.4,88,89,general,0.21013829999719746,42
0.4,89,90,recursive_no_basis,0.008402499981457368,32
0.4,89,90,general,0.1831460999965202,32
0.4,89,90,recursive_basis,0.019688600004883483,32
0.4,90,91,general,0.17405860000872053,28
0.4,90,91,recursive_basis,0.02012899998226203,28
0.4,90,91,recursive_no_basis,0.008990600006654859,28
0.4,91,92,recursive_basis,0.018710800010012463,31
0.4,91,92,recursive_no_basis,0.008253099978901446,31
0.4,91,92,general,0.18022000000928529,31
0.4,92,93,recursive_no_basis,0.0070841000124346465,18
0.4,92,93,general,0.16104150001774542,18
0.4,92,93,recursive_basis,0.014568500017048791,18
0.4,93,94,general,0.17611329999635927,24
0.4,93,94,recursive_basis,0.019743400014704093,24
0.4,93,94,recursive_no_basis,0.009162100002868101,24
0.4,94,95,recursive_basis,0.017149099992820993,33
0.4,94,95,recursive_no_basis,0.007669900020118803,33
0.4,94,95,general,0.18408690000069328,33
0.4,95,96,recursive_no_basis,0.009305000014137477,21
0.4,95,96,general,0.16918610001448542,21
0.4,95,96,recursive_basis,0.020153099991148338,21
0.4,96,97,general,0.16846469999291003,25
0.4,96,97,recursive_basis,0.017839500011177734,25
0.4,96,97,recursive_no_basis,0.008404699998209253,25
0.4,97,98,recursive_basis,0.01474489999236539,21
0.4,97,98,recursive_no_basis,0.007460499997250736,21
0.4,97,98,general,0.176680500007933,21
0.4,98,99,recursive_no_basis,0.008352499979082495,24
0.4,98,99,general,0.17090369999641553,24
0.4,98,99,recursive_basis,0.01667079998878762,24
0.4,99,100,general,0.17910350000602193,33
0.4,99,100,recursive_basis,0.020267899992177263,33
0.4,99,100,recursive_no_basis,0.008645599998999387,33
0.4,100,101,recursive_basis,0.01743089998490177,27
0.4,100,101,recursive_no_basis,0.00822439999319613,27
0.4,100,101,general,0.17330860000220127,27
0.4,101,102,recursive_no_basis,0.011221399996429682,31
0.4,101,102,general,0.1796205000136979,31
0.4,101,102,recursive_basis,0.019949199981056154,31
0.4,102,103,general,0.18014189999666996,29
0.4,102,103,recursive_basis,0.017292099975747988,29
0.4,102,103,recursive_no_basis,0.008014299994101748,29
0.4,103,104,recursive_basis,0.018807899992680177,40
0.4,103,104,recursive_no_basis,0.008275600004708394,40
0.4,103,104,general,0.1956833000003826,40
0.4,104,105,recursive_no_basis,0.008475799986626953,28
0.4,104,105,general,0.17299089999869466,28
0.4,104,105,recursive_basis,0.018053599982522428,28
0.4,105,106,general,0.17479749998892657,25
0.4,105,106,recursive_basis,0.019545899995137006,25
0.4,105,106,recursive_no_basis,0.009053499990841374,25
0.4,106,107,recursive_basis,0.01905339999939315,22
0.4,106,107,recursive_no_basis,0.008638500003144145,22
0.4,106,107,general,0.1725008999928832,22
0.4,107,108,recursive_no_basis,0.009148300014203414,29
0.4,107,108,general,0.19117219999316148,29
0.4,107,108,recursive_basis,0.020421799999894574,29
0.4,108,109,general,0.17241929998272099,28
0.4,108,109,recursive_basis,0.021391799993580207,28
0.4,108,109,recursive_no_basis,0.008714600000530481,28
0.4,109,110,recursive_basis,0.016922299982979894,34
0.4,109,110,recursive_no_basis,0.0075001999794039875,34
0.4,109,110,general,0.18983439999283291,34
0.4,110,111,recursive_no_basis,0.008966499997768551,34
0.4,110,111,general,0.1873110999877099,34
0.4,110,111,recursive_basis,0.021127099986188114,34
0.4,111,112,general,0.1851924000075087,30
0.4,111,112,recursive_basis,0.017848299990873784,30
0.4,111,112,recursive_no_basis,0.0075496000063139945,30
0.4,112,113,recursive_basis,0.017483400006312877,32
0.4,112,113,recursive_no_basis,0.008402799983741716,32
0.4,112,113,general,0.18565749999834225,32
0.4,113,114,recursive_no_basis,0.007638399983989075,32
0.4,113,114,general,0.17263469999306835,32
0.4,113,114,recursive_basis,0.016587299993261695,32
0.4,114,115,general,0.17221560000325553,21
0.4,114,115,recursive_basis,0.017913099989527836,21
0.4,114,115,recursive_no_basis,0.008717899996554479,21
0.4,115,116,recursive_basis,0.017706200014799833,22
0.4,115,116,recursive_no_basis,0.008208999992348254,22
0.4,115,116,general,0.16946530001587234,22
0.4,116,117,recursive_no_basis,0.007855700008803979,29
0.4,116,117,general,0.1770607999933418,29
0.4,116,117,recursive_basis,0.019336099998326972,29
0.4,117,118,general,0.17340329999569803,25
0.4,117,118,recursive_basis,0.018880399991758168,25
0.4,117,118,recursive_no_basis,0.008621999993920326,25
0.4,118,119,recursive_basis,0.018798200006131083,28
0.4,118,119,recursive_no_basis,0.009118599991779774,28
0.4,118,119,general,0.18823049997445196,28
0.4,119,120,recursive_no_basis,0.007511400006478652,30
0.4,119,120,general,0.18227559997467324,30
0.4,119,120,recursive_basis,0.0153981999901589,30
0.4,120,121,general,0.17881749998196028,27
0.4,120,121,recursive_basis,0.0190846000041347,27
0.4,120,121,recursive_no_basis,0.00856819999171421,27
0.4,121,122,recursive_basis,0.01569000000017695,41
0.4,121,122,recursive_no_basis,0.007691999984672293,41
0.4,121,122,general,0.20232829998712987,41
0.4,122,123,recursive_no_basis,0.008653500000946224,29
0.4,122,123,general,0.1799215000064578,29
0.4,122,123,recursive_basis,0.01962249999633059,29
0.4,123,124,general,0.18985470000188798,34
0.4,123,124,recursive_basis,0.015598099998896942,34
0.4,123,124,recursive_no_basis,0.006936999998288229,34
0.4,124,125,recursive_basis,0.017775999993318692,30
0.4,124,125,recursive_no_basis,0.00847920001251623,30
0.4,124,125,general,0.18650690000504255,30
0.4,125,126,recursive_no_basis,0.008770399988861755,19
0.4,125,126,general,0.16897500000777654,19
0.4,125,126,recursive_basis,0.018949400022393093,19
0.4,126,127,general,0.1644328999973368,19
0.4,126,127,recursive_basis,0.016754300013417378,19
0.4,126,127,recursive_no_basis,0.007716499996604398,19
0.4,127,128,recursive_basis,0.019636399985756725,18
0.4,127,128,recursive_no_basis,0.008694799995282665,18
0.4,127,128,general,0.1705804000084754,18
0.4,128,129,recursive_no_basis,0.0073342999967280775,19
0.4,128,129,general,0.14904489999753423,19
0.4,128,129,recursive_basis,0.014980999985709786,19
0.4,129,130,general,0.15516020002542064,16
0.4,129,130,recursive_basis,0.01807710001594387,16
0.4,129,130,recursive_no_basis,0.00852949998807162,16
0.4,130,131,recursive_basis,0.016523800004506484,29
0.4,130,131,recursive_no_basis,0.00806880000163801,29
0.4,130,131,general,0.17700729999342002,29
0.4,131,132,recursive_no_basis,0.007945599994855002,25
0.4,131,132,general,0.16742169999633916,25
0.4,131,132,recursive_basis,0.01712450000923127,25
0.4,132,133,general,0.17867520000436343,28
0.4,132,133,recursive_basis,0.01930539999739267,28
0.4,132,133,recursive_no_basis,0.008185200014850125,28
0.4,133,134,recursive_basis,0.016063300019595772,23
0.4,133,134,recursive_no_basis,0.007562400016468018,23
0.4,133,134,general,0.15853190000052564,23
0.4,134,135,recursive_no_basis,0.007286100008059293,19
0.4,134,135,general,0.1572271000186447,19
0.4,134,135,recursive_basis,0.016047499986598268,19
0.4,135,136,general,0.19534119998570532,37
0.4,135,136,recursive_basis,0.018026100005954504,37
0.4,135,136,recursive_no_basis,0.008633699995698407,37
0.4,136,137,recursive_basis,0.015404500009026378,20
0.4,136,137,recursive_no_basis,0.00735030000214465,20
0.4,136,137,general,0.14189329999499023,20
0.4,137,138,recursive_no_basis,0.007596399984322488,22
0.4,137,138,general,0.1701376999844797,22
0.4,137,138,recursive_basis,0.016991999989841133,22
0.4,138,139,general,0.15461269998922944,15
0.4,138,139,recursive_basis,0.015265299996826798,15
0.4,138,139,recursive_no_basis,0.007910599990282208,15
0.4,139,140,recursive_basis,0.017158000002382323,28
0.4,139,140,recursive_no_basis,0.008067699993262067,28
0.4,139,140,general,0.19835970000713132,28
0.4,140,141,recursive_no_basis,0.009132300008786842,29
0.4,140,141,general,0.17372429999522865,29
0.4,140,141,recursive_basis,0.020628099999157712,29
0.4,141,142,general,0.169468300009612,20
0.4,141,142,recursive_basis,0.018408100004307926,20
0.4,141,142,recursive_no_basis,0.00844219999271445,20
0.4,142,143,recursive_basis,0.022962999995797873,31
0.4,142,143,recursive_no_basis,0.009350800013635308,31
0.4,142,143,general,0.17881199999828823,31
0.4,143,144,recursive_no_basis,0.008236900001065806,30
0.4,143,144,general,0.1796609000011813,30
0.4,143,144,recursive_basis,0.018018300004769117,30
0.4,144,145,general,0.1818382999917958,26
0.4,144,145,recursive_basis,0.021885199996177107,26
0.4,144,145,recursive_no_basis,0.009120499977143481,26
0.4,145,146,recursive_basis,0.018784500018227845,29
0.4,145,146,recursive_no_basis,0.008811799983959645,29
0.4,145,146,general,0.17040170001564547,29
0.4,146,147,recursive_no_basis,0.008331399993039668,28
0.4,146,147,general,0.1813739000062924,28
0.4,146,147,recursive_basis,0.017498700006399304,28
0.4,147,148,general,0.16660170000977814,24
0.4,147,148,recursive_basis,0.01843880000524223,24
0.4,147,148,recursive_no_basis,0.00891929998761043,24
0.4,148,149,recursive_basis,0.018428699986543506,20
0.4,148,149,recursive_no_basis,0.008821199997328222,20
0.4,148,149,general,0.15680160000920296,20
0.4,149,150,recursive_no_basis,0.008531900006346405,29
0.4,149,150,general,0.18832519999705255,29
0.4,149,150,recursive_basis,0.019258399988757446,29
0.4,150,151,general,0.2026639000105206,30
0.4,150,151,recursive_basis,0.01606819999869913,30
0.4,150,151,recursive_no_basis,0.007681299990508705,30
0.4,151,152,recursive_basis,0.01960300002247095,26
0.4,151,152,recursive_no_basis,0.008838599984301254,26
0.4,151,152,general,0.1782870000170078,26
0.4,152,153,recursive_no_basis,0.008496599999489263,34
0.4,152,153,general,0.18521180000971071,34
0.4,152,153,recursive_basis,0.019510799989802763,34
0.4,153,154,general,0.19538879999890924,30
0.4,153,154,recursive_basis,0.017751800012774765,30
0.4,153,154,recursive_no_basis,0.008637799997814,30
0.4,154,155,recursive_basis,0.01567980000982061,29
0.4,154,155,recursive_no_basis,0.007989000005181879,29
0.4,154,155,general,0.21827030001441017,29
0.4,155,156,recursive_no_basis,0.008539100002963096,24
0.4,155,156,general,0.17309570001089014,24
0.4,155,156,recursive_basis,0.01888019999023527,24
0.4,156,157,general,0.15842649998376146,21
0.4,156,157,recursive_basis,0.016741100000217557,21
0.4,156,157,recursive_no_basis,0.008047600014833733,21
0.4,157,158,recursive_basis,0.020436199993127957,25
0.4,157,158,recursive_no_basis,0.00916070002131164,25
0.4,157,158,general,0.17588799999793991,25
0.4,158,159,recursive_no_basis,0.008505099976900965,27
0.4,158,159,general,0.17486480000661686,27
0.4,158,159,recursive_basis,0.019242700014729053,27
0.4,159,160,general,0.18779229998472147,31
0.4,159,160,recursive_basis,0.015777299995534122,31
0.4,159,160,recursive_no_basis,0.007904700003564358,31
0.4,160,161,recursive_basis,0.017621699982555583,36
0.4,160,161,recursive_no_basis,0.007924300007289276,36
0.4,160,161,general,0.19305669999448583,36
0.4,161,162,recursive_no_basis,0.007358600007137284,28
0.4,161,162,general,0.16693039998062886,28
0.4,161,162,recursive_basis,0.01692610001191497,28
0.4,162,163,general,0.18781650002347305,28
0.4,162,163,recursive_basis,0.019095900002866983,28
0.4,162,163,recursive_no_basis,0.008658100006869063,28
0.4,163,164,recursive_basis,0.017531299992697313,25
0.4,163,164,recursive_no_basis,0.0077056000009179115,25
0.4,163,164,general,0.1673579000052996,25
0.4,164,165,recursive_no_basis,0.008420500002102926,24
0.4,164,165,general,0.18009179999353364,24
0.4,164,165,recursive_basis,0.020372600003611296,24
0.4,165,166,general,0.20829189999494702,44
0.4,165,166,recursive_basis,0.01619270001538098,44
0.4,165,166,recursive_no_basis,0.0069303000054787844,44
0.4,166,167,recursive_basis,0.021300299995345995,24
0.4,166,167,recursive_no_basis,0.00921109999762848,24
0.4,166,167,general,0.17853909998666495,24
0.4,167,168,recursive_no_basis,0.007829899986973032,27
0.4,167,168,general,0.17561070001102053,27
0.4,167,168,recursive_basis,0.018079500005114824,27
0.4,168,169,general,0.17571459998725913,32
0.4,168,169,recursive_basis,0.02167869999539107,32
0.4,168,169,recursive_no_basis,0.009949700004654005,32
0.4,169,170,recursive_basis,0.020775800017872825,37
0.4,169,170,recursive_no_basis,0.0087993000051938,37
0.4,169,170,general,0.19607780000660568,37
0.4,170,171,recursive_no_basis,0.007977800007211044,18
0.4,170,171,general,0.1548352999961935,18
0.4,170,171,recursive_basis,0.030693999986397102,18
0.4,171,172,general,0.18590630000107922,25
0.4,171,172,recursive_basis,0.023378600017167628,25
0.4,171,172,recursive_no_basis,0.010727599990786985,25
0.4,172,173,recursive_basis,0.02431919999071397,17
0.4,172,173,recursive_no_basis,0.01106330001493916,17
0.4,172,173,general,0.18624320000526495,17
0.4,173,174,recursive_no_basis,0.008995600015623495,16
0.4,173,174,general,0.16042990001733415,16
0.4,173,174,recursive_basis,0.0181688999873586,16
0.4,174,175,general,0.18029479999677278,33
0.4,174,175,recursive_basis,0.01573030001600273,33
0.4,174,175,recursive_no_basis,0.007088999991538003,33
0.4,175,176,recursive_basis,0.019210900005418807,33
0.4,175,176,recursive_no_basis,0.008355099998880178,33
0.4,175,176,general,0.22831040000892244,33
0.4,176,177,recursive_no_basis,0.010235599998850375,31
0.4,176,177,general,0.18375769999693148,31
0.4,176,177,recursive_basis,0.019325500004924834,31
0.4,177,178,general,0.1925000000046566,36
0.4,177,178,recursive_basis,0.020331600011559203,36
0.4,177,178,recursive_no_basis,0.008598699991125613,36
0.4,178,179,recursive_basis,0.017005000001518056,28
0.4,178,179,recursive_no_basis,0.00817250000545755,28
0.4,178,179,general,0.17993519999436103,28
0.4,179,180,recursive_no_basis,0.007868000015150756,31
0.4,179,180,general,0.18082770000910386,31
0.4,179,180,recursive_basis,0.017844899994088337,31
0.4,180,181,general,0.16189659998053685,23
0.4,180,181,recursive_basis,0.01579099998343736,23
0.4,180,181,recursive_no_basis,0.007910399988759309,23
0.4,181,182,recursive_basis,0.017701499979011714,22
0.4,181,182,recursive_no_basis,0.008565900003304705,22
0.4,181,182,general,0.17220840000663884,22
0.4,182,183,recursive_no_basis,0.008731899986742064,21
0.4,182,183,general,0.17838430000119843,21
0.4,182,183,recursive_basis,0.017380199977196753,21
0.4,183,184,general,0.176364899991313,22
0.4,183,184,recursive_basis,0.019503399991663173,22
0.4,183,184,recursive_no_basis,0.008919699990656227,22
0.4,184,185,recursive_basis,0.01871730000129901,25
0.4,184,185,recursive_no_basis,0.009138399997027591,25
0.4,184,185,general,0.1784244000155013,25
0.4,185,186,recursive_no_basis,0.008145200001308694,23
0.4,185,186,general,0.15091510000638664,23
0.4,185,186,recursive_basis,0.017630499991355464,23
0.4,186,187,general,0.1675526000035461,24
0.4,186,187,recursive_basis,0.01721790002193302,24
0.4,186,187,recursive_no_basis,0.008629799995105714,24
0.4,187,188,recursive_basis,0.019322099979035556,27
0.4,187,188,recursive_no_basis,0.008798900002148002,27
0.4,187,188,general,0.17809000000124797,27
0.4,188,189,recursive_no_basis,0.007099999987985939,28
0.4,188,189,general,0.17054339998867363,28
0.4,188,189,recursive_basis,0.016417400009231642,28
0.4,189,190,general,0.17571979999775067,25
0.4,189,190,recursive_basis,0.016543999983696267,25
0.4,189,190,recursive_no_basis,0.00825850002001971,25
0.4,190,191,recursive_basis,0.01731259998632595,31
0.4,190,191,recursive_no_basis,0.008111000002827495,31
0.4,190,191,general,0.17672139999922365,31
0.4,191,192,recursive_no_basis,0.006777000002330169,47
0.4,191,192,general,0.19848250001086853,47
0.4,191,192,recursive_basis,0.017390099994372576,47
0.4,192,193,general,0.17987359999096952,31
0.4,192,193,recursive_basis,0.019533900020178407,31
0.4,192,193,recursive_no_basis,0.00922440001158975,31
0.4,193,194,recursive_basis,0.01790370000526309,27
0.4,193,194,recursive_no_basis,0.008156600000802428,27
0.4,193,194,general,0.1738074000168126,27
0.4,194,195,recursive_no_basis,0.008159999997587875,37
0.4,194,195,general,0.19329019999713637,37
0.4,194,195,recursive_basis,0.01931439997861162,37
0.4,195,196,general,0.179162999993423,27
0.4,195,196,recursive_basis,0.01885940000647679,27
0.4,195,196,recursive_no_basis,0.008925400004955009,27
0.4,196,197,recursive_basis,0.01793470000848174,28
0.4,196,197,recursive_no_basis,0.00814280001213774,28
0.4,196,197,general,0.17848370000137947,28
0.4,197,198,recursive_no_basis,0.007624599995324388,35
0.4,197,198,general,0.18969299999298528,35
0.4,197,198,recursive_basis,0.018756300007225946,35
0.4,198,199,general,0.18363230000250041,32
0.4,198,199,recursive_basis,0.01976289998856373,32
0.4,198,199,recursive_no_basis,0.008864000003086403,32
0.4,199,200,recursive_basis,0.015893600007984787,27
0.4,199,200,recursive_no_basis,0.008161200006725267,27
0.4,199,200,general,0.17394049998256378,27
0.5,0,1,general,0.3813392999873031,82
0.5,0,1,recursive_basis,0.020811599999433383,82
0.5,0,1,recursive_no_basis,0.008687699999427423,82
0.5,1,2,recursive_basis,0.025758000003406778,100
0.5,1,2,recursive_no_basis,0.008947300026193261,100
0.5,1,2,general,0.40548190000117756,100
0.5,2,3,recursive_no_basis,0.00956669999868609,96
0.5,2,3,general,0.4329440000001341,96
0.5,2,3,recursive_basis,0.024469099997077137,96
0.5,3,4,general,0.35785969998687506,78
0.5,3,4,recursive_basis,0.027312400023220107,78
0.5,3,4,recursive_no_basis,0.010110200004419312,78
0.5,4,5,recursive_basis,0.027375199977541342,77
0.5,4,5,recursive_no_basis,0.009882799990009516,77
0.5,4,5,general,0.37518639999325387,77
0.5,5,6,recursive_no_basis,0.009944999997969717,63
0.5,5,6,general,0.44731280000996776,63
0.5,5,6,recursive_basis,0.029559099988546222,63
0.5,6,7,general,0.41280280001228675,90
0.5,6,7,recursive_basis,0.03022350001265295,90
0.5,6,7,recursive_no_basis,0.010472399997524917,90
0.5,7,8,recursive_basis,0.028397600020980462,83
0.5,7,8,recursive_no_basis,0.009797300008358434,83
0.5,7,8,general,0.37344140000641346,83
0.5,8,9,recursive_no_basis,0.009814299992285669,85
0.5,8,9,general,0.37843000001157634,85
0.5,8,9,recursive_basis,0.026786200003698468,85
0.5,9,10,general,0.34650019998662174,70
0.5,9,10,recursive_basis,0.0260749000008218,70
0.5,9,10,recursive_no_basis,0.010173599992413074,70
0.5,10,11,recursive_basis,0.026423400006024167,79
0.5,10,11,recursive_no_basis,0.010195199982263148,79
0.5,10,11,general,0.37663360001170076,79
0.5,11,12,recursive_no_basis,0.009540200000628829,79
0.5,11,12,general,0.37287819999619387,79
0.5,11,12,recursive_basis,0.0265681000018958,79
0.5,12,13,general,0.40955559999565594,98
0.5,12,13,recursive_basis,0.027548400015803054,98
0.5,12,13,recursive_no_basis,0.009045499988133088,98
0.5,13,14,recursive_basis,0.02512649999698624,105
0.5,13,14,recursive_no_basis,0.009744300012243912,105
0.5,13,14,general,0.4249489999783691,105
0.5,14,15,recursive_no_basis,0.00920659999246709,94
0.5,14,15,general,0.39709049998782575,94
0.5,14,15,recursive_basis,0.024287600012030452,94
0.5,15,16,general,0.3786433999775909,84
0.5,15,16,recursive_basis,0.026629400003002957,84
0.5,15,16,recursive_no_basis,0.010112999996636063,84
0.5,16,17,recursive_basis,0.029192999994847924,98
0.5,16,17,recursive_no_basis,0.009831600007601082,98
0.5,16,17,general,0.41855470000882633,98
0.5,17,18,recursive_no_basis,0.00957120000384748,80
0.5,17,18,general,0.35769070000969805,80
0.5,17,18,recursive_basis,0.023652999982004985,80
0.5,18,19,general,0.3610280000139028,76
0.5,18,19,recursive_basis,0.03325269999913871,76
0.5,18,19,recursive_no_basis,0.010029500001110137,76
0.5,19,20,recursive_basis,0.031290499988244846,92
0.5,19,20,recursive_no_basis,0.010178099997574463,92
0.5,19,20,general,0.4493518999952357,92
0.5,20,21,recursive_no_basis,0.00942879999638535,86
0.5,20,21,general,0.363800999999512,86
0.5,20,21,recursive_basis,0.026766299997689202,86
0.5,21,22,general,0.3529854000080377,73
0.5,21,22,recursive_basis,0.02476800000295043,73
0.5,21,22,recursive_no_basis,0.009870800015050918,73
0.5,22,23,recursive_basis,0.025066499976674095,87
0.5,22,23,recursive_no_basis,0.009361400007037446,87
0.5,22,23,general,0.3837540000095032,87
0.5,23,24,recursive_no_basis,0.009316499985288829,82
0.5,23,24,general,0.3765752000035718,82
0.5,23,24,recursive_basis,0.024226000008638948,82
0.5,24,25,general,0.38385240000206977,87
0.5,24,25,recursive_basis,0.024525799992261454,87
0.5,24,25,recursive_no_basis,0.009496299986494705,87
0.5,25,26,recursive_basis,0.02271449999534525,72
0.5,25,26,recursive_no_basis,0.009343600017018616,72
0.5,25,26,general,0.35577829999965616,72
0.5,26,27,recursive_no_basis,0.010038999986136332,73
0.5,26,27,general,0.34464520000619814,73
0.5,26,27,recursive_basis,0.026109200000064448,73
0.5,27,28,general,0.3493085000081919,72
0.5,27,28,recursive_basis,0.02622880000853911,72
0.5,27,28,recursive_no_basis,0.009081800002604723,72
0.5,28,29,recursive_basis,0.024795300007099286,79
0.5,28,29,recursive_no_basis,0.008937999984482303,79
0.5,28,29,general,0.3783728000125848,79
0.5,29,30,recursive_no_basis,0.009318800002802163,85
0.5,29,30,general,0.3824476999870967,85
0.5,29,30,recursive_basis,0.02525700000114739,85
0.5,30,31,general,0.36945150000974536,77
0.5,30,31,recursive_basis,0.02462249997188337,77
0.5,30,31,recursive_no_basis,0.009243999986210838,77
0.5,31,32,recursive_basis,0.025550000020302832,75
0.5,31,32,recursive_no_basis,0.009591100009856746,75
0.5,31,32,general,0.3568479999958072,75
0.5,32,33,recursive_no_basis,0.009453400009078905,73
0.5,32,33,general,0.3549308000074234,73
0.5,32,33,recursive_basis,0.024197199993068352,73
0.5,33,34,general,0.38464759997441433,89
0.5,33,34,recursive_basis,0.025023099995451048,89
0.5,33,34,recursive_no_basis,0.00862599999527447,89
0.5,34,35,recursive_basis,0.024704799987375736,90
0.5,34,35,recursive_no_basis,0.008827199984807521,90
0.5,34,35,general,0.3939691999985371,90
0.5,35,36,recursive_no_basis,0.010351399978389964,84
0.5,35,36,general,0.3870866999786813,84
0.5,35,36,recursive_basis,0.031097699975362048,84
0.5,36,37,general,0.3681549000029918,79
0.5,36,37,recursive_basis,0.023866700008511543,79
0.5,36,37,recursive_no_basis,0.009568000008584931,79
0.5,37,38,recursive_basis,0.02746290000504814,84
0.5,37,38,recursive_no_basis,0.009993100014980882,84
0.5,37,38,general,0.4237106000073254,84
0.5,38,39,recursive_no_basis,0.009805500012589619,78
0.5,38,39,general,0.38350070000160486,78
0.5,38,39,recursive_basis,0.028950899984920397,78
0.5,39,40,general,0.407053899980383,81
0.5,39,40,recursive_basis,0.02667170000495389,81
0.5,39,40,recursive_no_basis,0.011158600013004616,81
0.5,40,41,recursive_basis,0.03142509999452159,88
0.5,40,41,recursive_no_basis,0.011038500000722706,88
0.5,40,41,general,0.41123009999864735,88
0.5,41,42,recursive_no_basis,0.009537899983115494,89
0.5,41,42,general,0.4066856999997981,89
0.5,41,42,recursive_basis,0.024455000006128103,89
0.5,42,43,general,0.3692291000043042,76
0.5,42,43,recursive_basis,0.027054400008637458,76
0.5,42,43,recursive_no_basis,0.010273699997924268,76
0.5,43,44,recursive_basis,0.026059499999973923,80
0.5,43,44,recursive_no_basis,0.010120099992491305,80
0.5,43,44,general,0.4651947999955155,80
0.5,44,45,recursive_no_basis,0.010086099995533004,88
0.5,44,45,general,0.41088890001992695,88
0.5,44,45,recursive_basis,0.029571599996415898,88
0.5,45,46,general,0.4136495999991894,88
0.5,45,46,recursive_basis,0.031154299998888746,88
0.5,45,46,recursive_no_basis,0.012356099992757663,88
0.5,46,47,recursive_basis,0.026845500018680468,82
0.5,46,47,recursive_no_basis,0.010080399981234223,82
0.5,46,47,general,0.3757964000105858,82
0.5,47,48,recursive_no_basis,0.008488799998303875,100
0.5,47,48,general,0.4500133999972604,100
0.5,47,48,recursive_basis,0.025488700019195676,100
0.5,48,49,general,0.47525170000153594,89
0.5,48,49,recursive_basis,0.038112300011562183,89
0.5,48,49,recursive_no_basis,0.01623690000269562,89
0.5,49,50,recursive_basis,0.03640109999105334,86
0.5,49,50,recursive_no_basis,0.01442350001889281,86
0.5,49,50,general,0.4644560000160709,86
0.5,50,51,recursive_no_basis,0.010495299997273833,80
0.5,50,51,general,0.4806016999937128,80
0.5,50,51,recursive_basis,0.04555029998300597,80
0.5,51,52,general,0.546994900010759,87
0.5,51,52,recursive_basis,0.03508100000908598,87
0.5,51,52,recursive_no_basis,0.011646400002064183,87
0.5,52,53,recursive_basis,0.028276099998038262,82
0.5,52,53,recursive_no_basis,0.011516900005517527,82
0.5,52,53,general,0.45181980001507327,82
0.5,53,54,recursive_no_basis,0.026985299977241084,92
0.5,53,54,general,0.44945250000455417,92
0.5,53,54,recursive_basis,0.03358980000484735,92
0.5,54,55,general,0.44490120001137257,91
0.5,54,55,recursive_basis,0.029704300017328933,91
0.5,54,55,recursive_no_basis,0.010074599995277822,91
0.5,55,56,recursive_basis,0.030737799999769777,92
0.5,55,56,recursive_no_basis,0.010967299982439727,92
0.5,55,56,general,0.4561452000052668,92
0.5,56,57,recursive_no_basis,0.014163399988319725,98
0.5,56,57,general,0.498292100004619,98
0.5,56,57,recursive_basis,0.036480999988270923,98
0.5,57,58,general,0.40062339999713004,76
0.5,57,58,recursive_basis,0.03341010000440292,76
0.5,57,58,recursive_no_basis,0.011111500003607944,76
0.5,58,59,recursive_basis,0.029480499972123653,79
0.5,58,59,recursive_no_basis,0.013274400000227615,79
0.5,58,59,general,0.5055831999925431,79
0.5,59,60,recursive_no_basis,0.010455000010551885,84
0.5,59,60,general,0.44827679998707026,84
0.5,59,60,recursive_basis,0.06218050001189113,84
0.5,60,61,general,0.5214220000198111,81
0.5,60,61,recursive_basis,0.03067940002074465,81
0.5,60,61,recursive_no_basis,0.011870799993630499,81
0.5,61,62,recursive_basis,0.03000710002379492,91
0.5,61,62,recursive_no_basis,0.010840200004167855,91
0.5,61,62,general,0.5122274999739602,91
0.5,62,63,recursive_no_basis,0.01069429999915883,79
0.5,62,63,general,0.41025009998702444,79
0.5,62,63,recursive_basis,0.02721279999241233,79
0.5,63,64,general,0.42685730001539923,88
0.5,63,64,recursive_basis,0.02682880000793375,88
0.5,63,64,recursive_no_basis,0.009431100013898686,88
0.5,64,65,recursive_basis,0.02624659999855794,76
0.5,64,65,recursive_no_basis,0.010098300001118332,76
0.5,64,65,general,0.40987189998850226,76
0.5,65,66,recursive_no_basis,0.013896799995563924,82
0.5,65,66,general,0.42468659998849034,82
0.5,65,66,recursive_basis,0.030228899995563552,82
0.5,66,67,general,0.43018120000488125,87
0.5,66,67,recursive_basis,0.02955219999421388,87
0.5,66,67,recursive_no_basis,0.010694800002966076,87
0.5,67,68,recursive_basis,0.030167499993694946,83
0.5,67,68,recursive_no_basis,0.01120539999101311,83
0.5,67,68,general,0.41633020000881515,83
0.5,68,69,recursive_no_basis,0.01010750001296401,84
0.5,68,69,general,0.4183548000000883,84
0.5,68,69,recursive_basis,0.02776539998012595,84
0.5,69,70,general,0.4244433999992907,85
0.5,69,70,recursive_basis,0.02934330000425689,85
0.5,69,70,recursive_no_basis,0.010623999987728894,85
0.5,70,71,recursive_basis,0.027054600010160357,84
0.5,70,71,recursive_no_basis,0.010875999985728413,84
0.5,70,71,general,0.4200313000183087,84
0.5,71,72,recursive_no_basis,0.010093700024299324,82
0.5,71,72,general,0.42133740001008846,82
0.5,71,72,recursive_basis,0.02876260000630282,82
0.5,72,73,general,0.46644600000581704,97
0.5,72,73,recursive_basis,0.03414489998249337,97
0.5,72,73,recursive_no_basis,0.011382199998479337,97
0.5,73,74,recursive_basis,0.03258749999804422,88
0.5,73,74,recursive_no_basis,0.00998000000254251,88
0.5,73,74,general,0.45502019999548793,88
0.5,74,75,recursive_no_basis,0.010452399990754202,92
0.5,74,75,general,0.47599340000306256,92
0.5,74,75,recursive_basis,0.03056540002580732,92
0.5,75,76,general,0.4031175000127405,74
0.5,75,76,recursive_basis,0.02729560001171194,74
0.5,75,76,recursive_no_basis,0.00988090000464581,74
0.5,76,77,recursive_basis,0.02395609999075532,73
0.5,76,77,recursive_no_basis,0.009698999987449497,73
0.5,76,77,general,0.38820070002111606,73
0.5,77,78,recursive_no_basis,0.010021000023698434,94
0.5,77,78,general,0.43732070000260137,94
0.5,77,78,recursive_basis,0.029708500020205975,94
0.5,78,79,general,0.434172800014494,94
0.5,78,79,recursive_basis,0.03006940000341274,94
0.5,78,79,recursive_no_basis,0.009847999986959621,94
0.5,79,80,recursive_basis,0.024481200001901016,79
0.5,79,80,recursive_no_basis,0.010720600024797022,79
0.5,79,80,general,0.39478069997858256,79
0.5,80,81,recursive_no_basis,0.00954900000942871,98
0.5,80,81,general,0.4248630999936722,98
0.5,80,81,recursive_basis,0.024017899995669723,98
0.5,81,82,general,0.41652759999851696,80
0.5,81,82,recursive_basis,0.03425960001186468,80
0.5,81,82,recursive_no_basis,0.011988099984591827,80
0.5,82,83,recursive_basis,0.03593049998744391,84
0.5,82,83,recursive_no_basis,0.01159639999968931,84
0.5,82,83,general,0.40785560000222176,84
0.5,83,84,recursive_no_basis,0.011698899994371459,90
0.5,83,84,general,0.4452988999837544,90
0.5,83,84,recursive_basis,0.02961560001131147,90
0.5,84,85,general,0.41167140001198277,79
0.5,84,85,recursive_basis,0.02705710000009276,79
0.5,84,85,recursive_no_basis,0.012202700017951429,79
0.5,85,86,recursive_basis,0.030764700000872836,75
0.5,85,86,recursive_no_basis,0.011843499989481643,75
0.5,85,86,general,0.40145279999705963,75
0.5,86,87,recursive_no_basis,0.010447600012412295,75
0.5,86,87,general,0.39361359999747947,75
0.5,86,87,recursive_basis,0.028951599990250543,75
0.5,87,88,general,0.43312620001961477,97
0.5,87,88,recursive_basis,0.030820999993011355,97
0.5,87,88,recursive_no_basis,0.010612600017338991,97
0.5,88,89,recursive_basis,0.03507990000071004,94
0.5,88,89,recursive_no_basis,0.012019499990856275,94
0.5,88,89,general,0.45296999998390675,94
0.5,89,90,recursive_no_basis,0.010924599977442995,80
0.5,89,90,general,0.4083552999945823,80
0.5,89,90,recursive_basis,0.03358829999342561,80
0.5,90,91,general,0.42234310001367703,83
0.5,90,91,recursive_basis,0.029075400001602247,83
0.5,90,91,recursive_no_basis,0.010708400019211695,83
0.5,91,92,recursive_basis,0.025604099995689467,81
0.5,91,92,recursive_no_basis,0.01120839998475276,81
0.5,91,92,general,0.40955969999777153,81
0.5,92,93,recursive_no_basis,0.0103475000069011,79
0.5,92,93,general,0.4044182999932673,79
0.5,92,93,recursive_basis,0.02937730000121519,79
0.5,93,94,general,0.4124831999943126,82
0.5,93,94,recursive_basis,0.029901200003223494,82
0.5,93,94,recursive_no_basis,0.010307899996405467,82
0.5,94,95,recursive_basis,0.027236800000537187,94
0.5,94,95,recursive_no_basis,0.01070460001938045,94
0.5,94,95,general,0.43425890000071377,94
0.5,95,96,recursive_no_basis,0.010225200006971136,84
0.5,95,96,general,0.42299809999531135,84
0.5,95,96,recursive_basis,0.03176100002019666,84
0.5,96,97,general,0.40136879999772646,86
0.5,96,97,recursive_basis,0.03370349999750033,86
0.5,96,97,recursive_no_basis,0.012231200002133846,86
0.5,97,98,recursive_basis,0.041900399985024706,81
0.5,97,98,recursive_no_basis,0.015803599992068484,81
0.5,97,98,general,0.43646180001087487,81
0.5,98,99,recursive_no_basis,0.011992899992037565,75
0.5,98,99,general,0.6124411000055261,75
0.5,98,99,recursive_basis,0.028510900010587648,75
0.5,99,100,general,0.4225987999816425,90
0.5,99,100,recursive_basis,0.03365490000578575,90
0.5,99,100,recursive_no_basis,0.012252500018803403,90
0.5,100,101,recursive_basis,0.035251100023742765,80
0.5,100,101,recursive_no_basis,0.011157500004628673,80
0.5,100,101,general,0.4058616999827791,80
0.5,101,102,recursive_no_basis,0.010216800001217052,70
0.5,101,102,general,0.35556300001917407,70
0.5,101,102,recursive_basis,0.03304110001772642,70
0.5,102,103,general,0.4269753999833483,91
0.5,102,103,recursive_basis,0.028213599987793714,91
0.5,102,103,recursive_no_basis,0.010353199992096052,91
0.5,103,104,recursive_basis,0.029047399992123246,108
0.5,103,104,recursive_no_basis,0.009759699983987957,108
0.5,103,104,general,0.4674368999840226,108
0.5,104,105,recursive_no_basis,0.010851900005945936,79
0.5,104,105,general,0.39541470000403933,79
0.5,104,105,recursive_basis,0.030431700026383623,79
0.5,105,106,general,0.3837541999819223,75
0.5,105,106,recursive_basis,0.025292900012573227,75
0.5,105,106,recursive_no_basis,0.01051200000802055,75
0.5,106,107,recursive_basis,0.026012099988292903,82
0.5,106,107,recursive_no_basis,0.009994699998060241,82
0.5,106,107,general,0.4035384000162594,82
0.5,107,108,recursive_no_basis,0.01099059998523444,87
0.5,107,108,general,0.430616600002395,87
0.5,107,108,recursive_basis,0.03191200000583194,87
0.5,108,109,general,0.3969844000239391,81
0.5,108,109,recursive_basis,0.02839349998976104,81
0.5,108,109,recursive_no_basis,0.010153899987926707,81
0.5,109,110,recursive_basis,0.028414500004146248,93
0.5,109,110,recursive_no_basis,0.00952809999580495,93
0.5,109,110,general,0.43325719999847934,93
0.5,110,111,recursive_no_basis,0.009806399990338832,102
0.5,110,111,general,0.4346944999997504,102
0.5,110,111,recursive_basis,0.03021569998236373,102
0.5,111,112,general,0.4145406000025105,82
0.5,111,112,recursive_basis,0.030102800024906173,82
0.5,111,112,recursive_no_basis,0.010594199993647635,82
0.5,112,113,recursive_basis,0.023581799992825836,92
0.5,112,113,recursive_no_basis,0.008967800007667392,92
0.5,112,113,general,0.4336415000143461,92
0.5,113,114,recursive_no_basis,0.011202800000319257,93
0.5,113,114,general,0.4243490000080783,93
0.5,113,114,recursive_basis,0.03109420000691898,93
0.5,114,115,general,0.41157659998862073,84
0.5,114,115,recursive_basis,0.025988200010033324,84
0.5,114,115,recursive_no_basis,0.009699800022644922,84
0.5,115,116,recursive_basis,0.027315699990140274,85
0.5,115,116,recursive_no_basis,0.01024809997761622,85
0.5,115,116,general,0.4847771000058856,85
0.5,116,117,recursive_no_basis,0.01140529999975115,78
0.5,116,117,general,0.38791130000026897,78
0.5,116,117,recursive_basis,0.029403400025330484,78
0.5,117,118,general,0.41584589998819865,89
0.5,117,118,recursive_basis,0.02607049999642186,89
0.5,117,118,recursive_no_basis,0.010754499991890043,89
0.5,118,119,recursive_basis,0.027603099995758384,90
0.5,118,119,recursive_no_basis,0.010108300019055605,90
0.5,118,119,general,0.42712140001822263,90
0.5,119,120,recursive_no_basis,0.009327700012363493,95
0.5,119,120,general,0.44384449999779463,95
0.5,119,120,recursive_basis,0.025891600002069026,95
0.5,120,121,general,0.4053414999798406,84
0.5,120,121,recursive_basis,0.030234600009862334,84
0.5,120,121,recursive_no_basis,0.010322700021788478,84
0.5,121,122,recursive_basis,0.025188100000377744,90
0.5,121,122,recursive_no_basis,0.009786399983568117,90
0.5,121,122,general,0.4203886000032071,90
0.5,122,123,recursive_no_basis,0.011143299983814359,83
0.5,122,123,general,0.4111475999816321,83
0.5,122,123,recursive_basis,0.029020899994065985,83
0.5,123,124,general,0.4168892000161577,86
0.5,123,124,recursive_basis,0.02838299999712035,86
0.5,123,124,recursive_no_basis,0.010067199997138232,86
0.5,124,125,recursive_basis,0.02651789999799803,88
0.5,124,125,recursive_no_basis,0.009586399974068627,88
0.5,124,125,general,0.436542899988126,88
0.5,125,126,recursive_no_basis,0.011192600009962916,80
0.5,125,126,general,0.3992244999972172,80
0.5,125,126,recursive_basis,0.03243079999811016,80
0.5,126,127,general,0.40797999998903833,84
0.5,126,127,recursive_basis,0.023537900007795542,84
0.5,126,127,recursive_no_basis,0.009947899990947917,84
0.5,127,128,recursive_basis,0.03391090000513941,83
0.5,127,128,recursive_no_basis,0.011541000014403835,83
0.5,127,128,general,0.4080495999951381,83
0.5,128,129,recursive_no_basis,0.009347300016088411,78
0.5,128,129,general,0.38907159998780116,78
0.5,128,129,recursive_basis,0.024088400008622557,78
0.5,129,130,general,0.3848323000129312,75
0.5,129,130,recursive_basis,0.027704200008884072,75
0.5,129,130,recursive_no_basis,0.010096399986650795,75
0.5,130,131,recursive_basis,0.026211400021566078,91
0.5,130,131,recursive_no_basis,0.009281499980716035,91
0.5,130,131,general,0.42056629998842254,91
0.5,131,132,recursive_no_basis,0.00938309999764897,83
0.5,131,132,general,0.40103360000648536,83
0.5,131,132,recursive_basis,0.0270983999944292,83
0.5,132,133,general,0.39081569999689236,80
0.5,132,133,recursive_basis,0.03214469997328706,80
0.5,132,133,recursive_no_basis,0.010634600010234863,80
0.5,133,134,recursive_basis,0.027634300000499934,90
0.5,133,134,recursive_no_basis,0.010102900007041171,90
0.5,133,134,general,0.44373209998593666,90
0.5,134,135,recursive_no_basis,0.010613699996611103,72
0.5,134,135,general,0.38094919998547994,72
0.5,134,135,recursive_basis,0.027155999996466562,72
0.5,135,136,general,0.41453479998745024,83
0.5,135,136,recursive_basis,0.028148100012913346,83
0.5,135,136,recursive_no_basis,0.012824600009480491,83
0.5,136,137,recursive_basis,0.028299700003117323,82
0.5,136,137,recursive_no_basis,0.010556599998380989,82
0.5,136,137,general,0.3849540000082925,82
0.5,137,138,recursive_no_basis,0.010084200010169297,81
0.5,137,138,general,0.3976824999845121,81
0.5,137,138,recursive_basis,0.030533500015735626,81
0.5,138,139,general,0.38472219998948276,74
0.5,138,139,recursive_basis,0.02552049999940209,74
0.5,138,139,recursive_no_basis,0.009359699994092807,74
0.5,139,140,recursive_basis,0.08544840000104159,76
0.5,139,140,recursive_no_basis,0.01111950000631623,76
0.5,139,140,general,0.3917989000037778,76
0.5,140,141,recursive_no_basis,0.009959099988918751,91
0.5,140,141,general,0.42280729999765754,91
0.5,140,141,recursive_basis,0.029119799990439788,91
0.5,141,142,general,0.41260870001860894,88
0.5,141,142,recursive_basis,0.028667900012806058,88
0.5,141,142,recursive_no_basis,0.00996820000000298,88
0.5,142,143,recursive_basis,0.027917600004002452,82
0.5,142,143,recursive_no_basis,0.010061999986646697,82
0.5,142,143,general,0.40632280000136234,82
0.5,143,144,recursive_no_basis,0.011190299992449582,88
0.5,143,144,general,0.4306154000223614,88
0.5,143,144,recursive_basis,0.02934040001127869,88
0.5,144,145,general,0.43125019999570213,85
0.5,144,145,recursive_basis,0.030915699986508116,85
0.5,144,145,recursive_no_basis,0.011042799975257367,85
0.5,145,146,recursive_basis,0.03747690000454895,95
0.5,145,146,recursive_no_basis,0.01230780000332743,95
0.5,145,146,general,0.4525113000127021,95
0.5,146,147,recursive_no_basis,0.010238399991067126,83
0.5,146,147,general,0.4089381000085268,83
0.5,146,147,recursive_basis,0.03213559999130666,83
0.5,147,148,general,0.4070221000001766,77
0.5,147,148,recursive_basis,0.032274500001221895,77
0.5,147,148,recursive_no_basis,0.010424000007333234,77
0.5,148,149,recursive_basis,0.030684900004416704,79
0.5,148,149,recursive_no_basis,0.011617700016358867,79
0.5,148,149,general,0.3932356000004802,79
0.5,149,150,recursive_no_basis,0.012956399994436651,90
0.5,149,150,general,0.43603179999627173,90
0.5,149,150,recursive_basis,0.034412499982863665,90
0.5,150,151,general,0.4391726999892853,93
0.5,150,151,recursive_basis,0.023383200023090467,93
0.5,150,151,recursive_no_basis,0.009391500003403053,93
0.5,151,152,recursive_basis,0.026097699999809265,83
0.5,151,152,recursive_no_basis,0.011005000007571653,83
0.5,151,152,general,0.4135695000004489,83
0.5,152,153,recursive_no_basis,0.010723299987148494,90
0.5,152,153,general,0.42797350001637824,90
0.5,152,153,recursive_basis,0.031492199981585145,90
0.5,153,154,general,0.4345278000109829,90
0.5,153,154,recursive_basis,0.029463499988196418,90
0.5,153,154,recursive_no_basis,0.011107900005299598,90
0.5,154,155,recursive_basis,0.02485390001675114,81
0.5,154,155,recursive_no_basis,0.008966400026110932,81
0.5,154,155,general,0.4072472999978345,81
0.5,155,156,recursive_no_basis,0.010889400000451133,89
0.5,155,156,general,0.4131536000058986,89
0.5,155,156,recursive_basis,0.02996820001862943,89
0.5,156,157,general,0.3911681000026874,76
0.5,156,157,recursive_basis,0.027016300009563565,76
0.5,156,157,recursive_no_basis,0.010006600001361221,76
0.5,157,158,recursive_basis,0.032052099995780736,85
0.5,157,158,recursive_no_basis,0.011410700011765584,85
0.5,157,158,general,0.4132287999964319,85
0.5,158,159,recursive_no_basis,0.010520600015297532,87
0.5,158,159,general,0.42218039999715984,87
0.5,158,159,recursive_basis,0.02808100002584979,87
0.5,159,160,general,0.43931739998515695,92
0.5,159,160,recursive_basis,0.026880399993387982,92
0.5,159,160,recursive_no_basis,0.011977099988143891,92
0.5,160,161,recursive_basis,0.031953099998645484,92
0.5,160,161,recursive_no_basis,0.010561899980530143,92
0.5,160,161,general,0.4322223999770358,92
0.5,161,162,recursive_no_basis,0.008887600008165464,95
0.5,161,162,general,0.4191071999957785,95
0.5,161,162,recursive_basis,0.02713249999214895,95
0.5,162,163,general,0.4344748000148684,87
0.5,162,163,recursive_basis,0.0314539999817498,87
0.5,162,163,recursive_no_basis,0.01122320001013577,87
0.5,163,164,recursive_basis,0.028893600014271215,83
0.5,163,164,recursive_no_basis,0.010643599991453812,83
0.5,163,164,general,0.38522649998776615,83
0.5,164,165,recursive_no_basis,0.010883700015256181,82
0.5,164,165,general,0.4067323000053875,82
0.5,164,165,recursive_basis,0.03258780000032857,82
0.5,165,166,general,0.46603730000788346,108
0.5,165,166,recursive_basis,0.030138299975078553,108
0.5,165,166,recursive_no_basis,0.009887399995932356,108
0.5,166,167,recursive_basis,0.031163000006927177,86
0.5,166,167,recursive_no_basis,0.010351800010539591,86
0.5,166,167,general,0.42902879999019206,86
0.5,167,168,recursive_no_basis,0.010108399990713224,92
0.5,167,168,general,0.4396485000033863,92
0.5,167,168,recursive_basis,0.032105699996463954,92
0.5,168,169,general,0.4208451000158675,90
0.5,168,169,recursive_basis,0.09242520001134835,90
0.5,168,169,recursive_no_basis,0.027435500000137836,90
0.5,169,170,recursive_basis,0.0376414000056684,100
0.5,169,170,recursive_no_basis,0.01078020001295954,100
0.5,169,170,general,0.4422645000158809,100
0.5,170,171,recursive_no_basis,0.01089730000239797,72
0.5,170,171,general,0.3845756000082474,72
0.5,170,171,recursive_basis,0.0313029000244569,72
0.5,171,172,general,0.4122804999933578,83
0.5,171,172,recursive_basis,0.027667899994412437,83
0.5,171,172,recursive_no_basis,0.011579400015762076,83
0.5,172,173,recursive_basis,0.031986999994842336,77
0.5,172,173,recursive_no_basis,0.010739999997895211,77
0.5,172,173,general,0.397757200000342,77
0.5,173,174,recursive_no_basis,0.010517599992454052,73
0.5,173,174,general,0.38491809999686666,73
0.5,173,174,recursive_basis,0.02759939999668859,73
0.5,174,175,general,0.3971032999979798,79
0.5,174,175,recursive_basis,0.025074999983189628,79
0.5,174,175,recursive_no_basis,0.010100999992573634,79
0.5,175,176,recursive_basis,0.028523399989353493,90
0.5,175,176,recursive_no_basis,0.009865400003036484,90
0.5,175,176,general,0.43341139997937717,90
0.5,176,177,recursive_no_basis,0.010397100006230175,85
0.5,176,177,general,0.48857389998738654,85
0.5,176,177,recursive_basis,0.02656670002033934,85
0.5,177,178,general,0.4201719000120647,86
0.5,177,178,recursive_basis,0.0317153999931179,86
0.5,177,178,recursive_no_basis,0.010745400009909645,86
0.5,178,179,recursive_basis,0.02700649999314919,101
0.5,178,179,recursive_no_basis,0.009631599998101592,101
0.5,178,179,general,0.466106400010176,101
0.5,179,180,recursive_no_basis,0.009827699977904558,92
0.5,179,180,general,0.43227099999785423,92
0.5,179,180,recursive_basis,0.027453599992441013,92
0.5,180,181,general,0.40790299998479895,82
0.5,180,181,recursive_basis,0.027765000006183982,82
0.5,180,181,recursive_no_basis,0.010638799984008074,82
0.5,181,182,recursive_basis,0.030881400016369298,89
0.5,181,182,recursive_no_basis,0.011379700008546934,89
0.5,181,182,general,0.4247112000011839,89
0.5,182,183,recursive_no_basis,0.010958500002743676,80
0.5,182,183,general,0.41020220000064,80
0.5,182,183,recursive_basis,0.030121999996481463,80
0.5,183,184,general,0.3850959000119474,73
0.5,183,184,recursive_basis,0.02870319999055937,73
0.5,183,184,recursive_no_basis,0.011727699980838224,73
0.5,184,185,recursive_basis,0.028542800020659342,85
0.5,184,185,recursive_no_basis,0.01061130000744015,85
0.5,184,185,general,0.40758030000142753,85
0.5,185,186,recursive_no_basis,0.011366099992301315,77
0.5,185,186,general,0.3892498000059277,77
0.5,185,186,recursive_basis,0.03879170000436716,77
0.5,186,187,general,0.42892189999110997,87
0.5,186,187,recursive_basis,0.032430000021122396,87
0.5,186,187,recursive_no_basis,0.010277399996994063,87
0.5,187,188,recursive_basis,0.02942480001365766,88
0.5,187,188,recursive_no_basis,0.010505299986107275,88
0.5,187,188,general,0.4258088999777101,88
0.5,188,189,recursive_no_basis,0.009741699992446229,82
0.5,188,189,general,0.4077501999854576,82
0.5,188,189,recursive_basis,0.029792900022584945,82
0.5,189,190,general,0.41265159999602474,82
0.5,189,190,recursive_basis,0.02939370000967756,82
0.5,189,190,recursive_no_basis,0.0108098000055179,82
0.5,190,191,recursive_basis,0.02695349999703467,89
0.5,190,191,recursive_no_basis,0.010014699975727126,89
0.5,190,191,general,0.44963950000237674,89
0.5,191,192,recursive_no_basis,0.01191639999160543,93
0.5,191,192,general,0.44320790001074784,93
0.5,191,192,recursive_basis,0.03897920000599697,93
0.5,192,193,general,0.5303515999985393,82
0.5,192,193,recursive_basis,0.03080399997998029,82
0.5,192,193,recursive_no_basis,0.011632199981249869,82
0.5,193,194,recursive_basis,0.028378199989674613,89
0.5,193,194,recursive_no_basis,0.011851799994474277,89
0.5,193,194,general,0.43245350001961924,89
0.5,194,195,recursive_no_basis,0.010755099996458739,93
0.5,194,195,general,0.4735463999968488,93
0.5,194,195,recursive_basis,0.031028799974592403,93
0.5,195,196,general,0.42652890001772903,85
0.5,195,196,recursive_basis,0.030083000019658357,85
0.5,195,196,recursive_no_basis,0.010699900012696162,85
0.5,196,197,recursive_basis,0.02930299998843111,92
0.5,196,197,recursive_no_basis,0.009818899998208508,92
0.5,196,197,general,0.4607998999999836,92
0.5,197,198,recursive_no_basis,0.01077409999561496,95
0.5,197,198,general,0.4677445999986958,95
0.5,197,198,recursive_basis,0.0349362000124529,95
0.5,198,199,general,0.4503699000051711,90
0.5,198,199,recursive_basis,0.033890999999130145,90
0.5,198,199,recursive_no_basis,0.013549600000260398,90
0.5,199,200,recursive_basis,0.03076550000696443,84
0.5,199,200,recursive_no_basis,0.011008799978299066,84
0.5,199,200,general,0.43453679999220185,84
0.6,0,1,general,0.8779523999837693,174
0.6,0,1,recursive_basis,0.03158640000037849,174
0.6,0,1,recursive_no_basis,0.010156700009247288,174
0.6,1,2,recursive_basis,0.04200330001185648,186
0.6,1,2,recursive_no_basis,0.01406180000049062,186
0.6,1,2,general,0.8733546999865212,186
0.6,2,3,recursive_no_basis,0.01122909999685362,184
0.6,2,3,general,0.8980945999792311,184
0.6,2,3,recursive_basis,0.042371499992441386,184
0.6,3,4,general,0.8017285999958403,169
0.6,3,4,recursive_basis,0.042008500022348017,169
0.6,3,4,recursive_no_basis,0.011237700004130602,169
0.6,4,5,recursive_basis,0.040433899994241074,173
0.6,4,5,recursive_no_basis,0.010946399997919798,173
0.6,4,5,general,0.9051648000022396,173
0.6,5,6,recursive_no_basis,0.010515200003283098,146
0.6,5,6,general,0.7979227000032552,146
0.6,5,6,recursive_basis,0.034403700003167614,146
0.6,6,7,general,0.7661004000110552,180
0.6,6,7,recursive_basis,0.035456999990856275,180
0.6,6,7,recursive_no_basis,0.012684299988904968,180
0.6,7,8,recursive_basis,0.04271429998334497,168
0.6,7,8,recursive_no_basis,0.014232099987566471,168
0.6,7,8,general,0.7673326999938581,168
0.6,8,9,recursive_no_basis,0.009588599990820512,169
0.6,8,9,general,0.7217666000069585,169
0.6,8,9,recursive_basis,0.030515999998897314,169
0.6,9,10,general,0.7634745999821462,166
0.6,9,10,recursive_basis,0.03402410002308898,166
0.6,9,10,recursive_no_basis,0.011597500008065253,166
0.6,10,11,recursive_basis,0.037753700016764924,174
0.6,10,11,recursive_no_basis,0.029929599986644462,174
0.6,10,11,general,0.8823925000033341,174
0.6,11,12,recursive_no_basis,0.010194000002229586,160
0.6,11,12,general,0.6976751000038348,160
0.6,11,12,recursive_basis,0.03126300001167692,160
0.6,12,13,general,0.7564786000002641,179
0.6,12,13,recursive_basis,0.03796759998658672,179
0.6,12,13,recursive_no_basis,0.01146460001473315,179
0.6,13,14,recursive_basis,0.0324294000165537,181
0.6,13,14,recursive_no_basis,0.009685500001069158,181
0.6,13,14,general,0.7592561000201385,181
0.6,14,15,recursive_no_basis,0.009502700006123632,182
0.6,14,15,general,0.7634444999857806,182
0.6,14,15,recursive_basis,0.0324067999899853,182
0.6,15,16,general,0.7332439000019804,173
0.6,15,16,recursive_basis,0.031231000000843778,173
0.6,15,16,recursive_no_basis,0.009979499998735264,173
0.6,16,17,recursive_basis,0.039275299990549684,177
0.6,16,17,recursive_no_basis,0.011108100006822497,177
0.6,16,17,general,0.7453110000060406,177
0.6,17,18,recursive_no_basis,0.010376300022471696,161
0.6,17,18,general,0.6951856999949086,161
0.6,17,18,recursive_basis,0.030888000008417293,161
0.6,18,19,general,0.7366975000186358,173
0.6,18,19,recursive_basis,0.033844999998109415,173
0.6,18,19,recursive_no_basis,0.010704000014811754,173
0.6,19,20,recursive_basis,0.040064699976937845,181
0.6,19,20,recursive_no_basis,0.01070909999543801,181
0.6,19,20,general,0.8024648999853525,181
0.6,20,21,recursive_no_basis,0.011029199988115579,174
0.6,20,21,general,0.726217599993106,174
0.6,20,21,recursive_basis,0.03513509998447262,174
0.6,21,22,general,0.6719056000001729,153
0.6,21,22,recursive_basis,0.03590829999302514,153
0.6,21,22,recursive_no_basis,0.011131799983559176,153
0.6,22,23,recursive_basis,0.028494900005171075,174
0.6,22,23,recursive_no_basis,0.009524499997496605,174
0.6,22,23,general,0.7300792000023648,174
0.6,23,24,recursive_no_basis,0.009807900001760572,174
0.6,23,24,general,0.7310005000035744,174
0.6,23,24,recursive_basis,0.03000120000797324,174
0.6,24,25,general,0.7234888999955729,173
0.6,24,25,recursive_basis,0.03469770000083372,173
0.6,24,25,recursive_no_basis,0.010327099997084588,173
0.6,25,26,recursive_basis,0.03357440000399947,170
0.6,25,26,recursive_no_basis,0.0103817000053823,170
0.6,25,26,general,0.722329299984267,170
0.6,26,27,recursive_no_basis,0.010014499974204227,158
0.6,26,27,general,0.6889872000028845,158
0.6,26,27,recursive_basis,0.03235949997906573,158
0.6,27,28,general,0.6719362000003457,155
0.6,27,28,recursive_basis,0.04019140001037158,155
0.6,27,28,recursive_no_basis,0.010618400003295392,155
0.6,28,29,recursive_basis,0.03152869999757968,175
0.6,28,29,recursive_no_basis,0.009553000010782853,175
0.6,28,29,general,0.7373997000104282,175
0.6,29,30,recursive_no_basis,0.009855299984337762,181
0.6,29,30,general,0.7587659000128042,181
0.6,29,30,recursive_basis,0.04220689999056049,181
0.6,30,31,general,0.7234525000094436,169
0.6,30,31,recursive_basis,0.03175699998973869,169
0.6,30,31,recursive_no_basis,0.009466599993174896,169
0.6,31,32,recursive_basis,0.03821339999558404,167
0.6,31,32,recursive_no_basis,0.010695500008296221,167
0.6,31,32,general,0.7463240999786649,167
0.6,32,33,recursive_no_basis,0.010655899997800589,163
0.6,32,33,general,0.7050844000186771,163
0.6,32,33,recursive_basis,0.032244700007140636,163
0.6,33,34,general,0.7244149999751244,170
0.6,33,34,recursive_basis,0.03691110000363551,170
0.6,33,34,recursive_no_basis,0.010523600009037182,170
0.6,34,35,recursive_basis,0.029089000017847866,179
0.6,34,35,recursive_no_basis,0.009761699999216944,179
0.6,34,35,general,0.8072902999992948,179
0.6,35,36,recursive_no_basis,0.011532400007126853,170
0.6,35,36,general,0.7307413000089582,170
0.6,35,36,recursive_basis,0.04274149998673238,170
0.6,36,37,general,0.7074667000269983,168
0.6,36,37,recursive_basis,0.0384042999939993,168
0.6,36,37,recursive_no_basis,0.010565799981122836,168
0.6,37,38,recursive_basis,0.02978159999474883,162
0.6,37,38,recursive_no_basis,0.009781900007510558,162
0.6,37,38,general,0.6993542999844067,162
0.6,38,39,recursive_no_basis,0.010844999982509762,156
0.6,38,39,general,0.691061899997294,156
0.6,38,39,recursive_basis,0.03430799997295253,156
0.6,39,40,general,0.7481815999781247,170
0.6,39,40,recursive_basis,0.030571000010240823,170
0.6,39,40,recursive_no_basis,0.010699899983592331,170
0.6,40,41,recursive_basis,0.029708299989579245,169
0.6,40,41,recursive_no_basis,0.009019499993883073,169
0.6,40,41,general,0.7495186000014655,169
0.6,41,42,recursive_no_basis,0.009475200000451878,173
0.6,41,42,general,0.7378647000005003,173
0.6,41,42,recursive_basis,0.031260899995686486,173
0.6,42,43,general,0.6861044999968726,157
0.6,42,43,recursive_basis,0.03308729999116622,157
0.6,42,43,recursive_no_basis,0.010482200013939291,157
0.6,43,44,recursive_basis,0.027560400019865483,152
0.6,43,44,recursive_no_basis,0.009442699985811487,152
0.6,43,44,general,0.6768058000016026,152
0.6,44,45,recursive_no_basis,0.010943000001134351,162
0.6,44,45,general,0.6889123000146355,162
0.6,44,45,recursive_basis,0.03986119999899529,162
0.6,45,46,general,0.7669706999731716,180
0.6,45,46,recursive_basis,0.033339599991450086,180
0.6,45,46,recursive_no_basis,0.00962739999522455,180
0.6,46,47,recursive_basis,0.03431099999579601,172
0.6,46,47,recursive_no_basis,0.01013720000628382,172
0.6,46,47,general,0.7602405999787152,172
0.6,47,48,recursive_no_basis,0.009383299999171868,175
0.6,47,48,general,0.740827800007537,175
0.6,47,48,recursive_basis,0.03188750002300367,175
0.6,48,49,general,0.736711200006539,174
0.6,48,49,recursive_basis,0.03902229998493567,174
0.6,48,49,recursive_no_basis,0.011023600003682077,174
0.6,49,50,recursive_basis,0.02884110002196394,177
0.6,49,50,recursive_no_basis,0.010123599990038201,177
0.6,49,50,general,0.7738894000067376,177
0.6,50,51,recursive_no_basis,0.010207700019236654,164
0.6,50,51,general,0.766104299982544,164
0.6,50,51,recursive_basis,0.043598500022199005,164
0.6,51,52,general,0.793138299981365,174
0.6,51,52,recursive_basis,0.03960910000023432,174
0.6,51,52,recursive_no_basis,0.011337700008880347,174
0.6,52,53,recursive_basis,0.03608340001665056,171
0.6,52,53,recursive_no_basis,0.01088980000349693,171
0.6,52,53,general,0.7607535000133794,171
0.6,53,54,recursive_no_basis,0.011734100000467151,187
0.6,53,54,general,0.8230597999936435,187
0.6,53,54,recursive_basis,0.052868800004944205,187
0.6,54,55,general,0.9026606999977957,173
0.6,54,55,recursive_basis,0.03176959999836981,173
0.6,54,55,recursive_no_basis,0.00997280000592582,173
0.6,55,56,recursive_basis,0.04387870000209659,184
0.6,55,56,recursive_no_basis,0.011763200018322095,184
0.6,55,56,general,0.8300150999857578,184
0.6,56,57,recursive_no_basis,0.011311099980957806,176
0.6,56,57,general,0.8920843000232708,176
0.6,56,57,recursive_basis,0.051010700000915676,176
0.6,57,58,general,0.939960699994117,168
0.6,57,58,recursive_basis,0.03761209998629056,168
0.6,57,58,recursive_no_basis,0.012302800023462623,168
0.6,58,59,recursive_basis,0.038900300016393885,169
0.6,58,59,recursive_no_basis,0.011457399989012629,169
0.6,58,59,general,0.8003406999923754,169
0.6,59,60,recursive_no_basis,0.017951799993170425,169
0.6,59,60,general,1.0462096000264864,169
0.6,59,60,recursive_basis,0.0533745999855455,169
0.6,60,61,general,0.9797872000199277,168
0.6,60,61,recursive_basis,0.03519229998346418,168
0.6,60,61,recursive_no_basis,0.011300999991362914,168
0.6,61,62,recursive_basis,0.03154349999385886,175
0.6,61,62,recursive_no_basis,0.009998800000175834,175
0.6,61,62,general,0.9026370999927167,175
0.6,62,63,recursive_no_basis,0.012014899984933436,169
0.6,62,63,general,0.8960335000010673,169
0.6,62,63,recursive_basis,0.046749600005568936,169
0.6,63,64,general,0.8632270999951288,163
0.6,63,64,recursive_basis,0.0893660000001546,163
0.6,63,64,recursive_no_basis,0.033123300003353506,163
0.6,64,65,recursive_basis,0.0646042000153102,161
0.6,64,65,recursive_no_basis,0.015749999991385266,161
0.6,64,65,general,1.0213032999890856,161
0.6,65,66,recursive_no_basis,0.013783599977614358,175
0.6,65,66,general,0.8711010999977589,175
0.6,65,66,recursive_basis,0.042389499983983114,175
0.6,66,67,general,0.9216775000095367,171
0.6,66,67,recursive_basis,0.04395079999812879,171
0.6,66,67,recursive_no_basis,0.01225140001042746,171
0.6,67,68,recursive_basis,0.039288300002226606,175
0.6,67,68,recursive_no_basis,0.012690600007772446,175
0.6,67,68,general,0.8624745999986771,175
0.6,68,69,recursive_no_basis,0.012978399987332523,168
0.6,68,69,general,0.7853324000025168,168
0.6,68,69,recursive_basis,0.039815700001781806,168
0.6,69,70,general,0.7805274999991525,171
0.6,69,70,recursive_basis,0.0931597999879159,171
0.6,69,70,recursive_no_basis,0.022735600010491908,171
0.6,70,71,recursive_basis,0.041503199987346306,171
0.6,70,71,recursive_no_basis,0.010871800011955202,171
0.6,70,71,general,0.7717497000121512,171
0.6,71,72,recursive_no_basis,0.010373799974331632,172
0.6,71,72,general,0.7946690999960992,172
0.6,71,72,recursive_basis,0.032642000005580485,172
0.6,72,73,general,0.8179206000058912,180
0.6,72,73,recursive_basis,0.038532999984454364,180
0.6,72,73,recursive_no_basis,0.010894400009419769,180
0.6,73,74,recursive_basis,0.040877499995986,172
0.6,73,74,recursive_no_basis,0.01107039998169057,172
0.6,73,74,general,0.9015631999936886,172
0.6,74,75,recursive_no_basis,0.010057700012112036,172
0.6,74,75,general,1.0163535999890883,172
0.6,74,75,recursive_basis,0.031278899987228215,172
0.6,75,76,general,0.8432547000120394,159
0.6,75,76,recursive_basis,0.03713979999884032,159
0.6,75,76,recursive_no_basis,0.010551600018516183,159
0.6,76,77,recursive_basis,0.04506410000612959,175
0.6,76,77,recursive_no_basis,0.01215059999958612,175
0.6,76,77,general,0.8114209999912418,175
0.6,77,78,recursive_no_basis,0.012472900009015575,178
0.6,77,78,general,0.8223146999953315,178
0.6,77,78,recursive_basis,0.0422837000223808,178
0.6,78,79,general,0.877405400009593,185
0.6,78,79,recursive_basis,0.038236400025198236,185
0.6,78,79,recursive_no_basis,0.012368099996820092,185
0.6,79,80,recursive_basis,0.033754699979908764,162
0.6,79,80,recursive_no_basis,0.010735999996541068,162
0.6,79,80,general,0.7721850000089034,162
0.6,80,81,recursive_no_basis,0.010256199981085956,176
0.6,80,81,general,0.8220996999880299,176
0.6,80,81,recursive_basis,0.03508999999030493,176
0.6,81,82,general,0.8041193000099156,171
0.6,81,82,recursive_basis,0.04977469998993911,171
0.6,81,82,recursive_no_basis,0.013480499997967854,171
0.6,82,83,recursive_basis,0.04172239999752492,168
0.6,82,83,recursive_no_basis,0.011967099999310449,168
0.6,82,83,general,0.7845573000086006,168
0.6,83,84,recursive_no_basis,0.011100400006398559,173
0.6,83,84,general,0.8784991000138689,173
0.6,83,84,recursive_basis,0.03886840000632219,173
0.6,84,85,general,0.8099995999946259,170
0.6,84,85,recursive_basis,0.044260900001972914,170
0.6,84,85,recursive_no_basis,0.013893600000301376,170
0.6,85,86,recursive_basis,0.030446699995081872,163
0.6,85,86,recursive_no_basis,0.010419400001410395,163
0.6,85,86,general,0.8221601000113878,163
0.6,86,87,recursive_no_basis,0.011607699998421595,165
0.6,86,87,general,0.8230731000076048,165
0.6,86,87,recursive_basis,0.04551240001455881,165
0.6,87,88,general,0.8293613000132609,183
0.6,87,88,recursive_basis,0.03442780001205392,183
0.6,87,88,recursive_no_basis,0.011524500005180016,183
0.6,88,89,recursive_basis,0.04559439999866299,182
0.6,88,89,recursive_no_basis,0.012003599986201152,182
0.6,88,89,general,0.8542321999848355,182
0.6,89,90,recursive_no_basis,0.01138020001235418,161
0.6,89,90,general,0.7788788999896497,161
0.6,89,90,recursive_basis,0.038110399997094646,161
0.6,90,91,general,0.801064100000076,164
0.6,90,91,recursive_basis,0.03791159999673255,164
0.6,90,91,recursive_no_basis,0.011117000016383827,164
0.6,91,92,recursive_basis,0.03712789999553934,165
0.6,91,92,recursive_no_basis,0.010478100011823699,165
0.6,91,92,general,0.8049725999881048,165
0.6,92,93,recursive_no_basis,0.012512299988884479,167
0.6,92,93,general,0.8874270000087563,167
0.6,92,93,recursive_basis,0.03758070000912994,167
0.6,93,94,general,0.8448323000047822,165
0.6,93,94,recursive_basis,0.04574110000976361,165
0.6,93,94,recursive_no_basis,0.013278300000820309,165
0.6,94,95,recursive_basis,0.03649189998395741,174
0.6,94,95,recursive_no_basis,0.012652499979594722,174
0.6,94,95,general,0.8301288000075147,174
0.6,95,96,recursive_no_basis,0.013485800009220839,176
0.6,95,96,general,0.8360486999736167,176
0.6,95,96,recursive_basis,0.04369419999420643,176
0.6,96,97,general,0.7810782000015024,165
0.6,96,97,recursive_basis,0.03494079998927191,165
0.6,96,97,recursive_no_basis,0.011007900000549853,165
0.6,97,98,recursive_basis,0.037143199995625764,174
0.6,97,98,recursive_no_basis,0.012807899998733774,174
0.6,97,98,general,0.8219009999884292,174
0.6,98,99,recursive_no_basis,0.01423229998908937,162
0.6,98,99,general,0.7856095000170171,162
0.6,98,99,recursive_basis,0.04128929998842068,162
0.6,99,100,general,0.7914649000158533,166
0.6,99,100,recursive_basis,0.05409510000026785,166
0.6,99,100,recursive_no_basis,0.014930300007108599,166
0.6,100,101,recursive_basis,0.047834199998760596,169
0.6,100,101,recursive_no_basis,0.013398500013863668,169
0.6,100,101,general,0.8235461000003852,169
0.6,101,102,recursive_no_basis,0.013550200004829094,161
0.6,101,102,general,0.7580698999809101,161
0.6,101,102,recursive_basis,0.04255790001479909,161
0.6,102,103,general,0.8021988999971654,173
0.6,102,103,recursive_basis,0.041330000007292256,173
0.6,102,103,recursive_no_basis,0.01130009998450987,173
0.6,103,104,recursive_basis,0.041439599997829646,187
0.6,103,104,recursive_no_basis,0.013102199998684227,187
0.6,103,104,general,0.8547867999877781,187
0.6,104,105,recursive_no_basis,0.013296300021465868,163
0.6,104,105,general,0.7868245999852661,163
0.6,104,105,recursive_basis,0.04971260001184419,163
0.6,105,106,general,0.7743044999951962,164
0.6,105,106,recursive_basis,0.036164000019198284,164
0.6,105,106,recursive_no_basis,0.012840400013374165,164
0.6,106,107,recursive_basis,0.03402190000633709,179
0.6,106,107,recursive_no_basis,0.010161699989112094,179
0.6,106,107,general,0.8316468000120949,179
0.6,107,108,recursive_no_basis,0.0112632000236772,176
0.6,107,108,general,0.8144914000004064,176
0.6,107,108,recursive_basis,0.0418362999917008,176
0.6,108,109,general,0.872285000019474,178
0.6,108,109,recursive_basis,0.04152160001103766,178
0.6,108,109,recursive_no_basis,0.010967600013827905,178
0.6,109,110,recursive_basis,0.039512300019850954,176
0.6,109,110,recursive_no_basis,0.010787799983518198,176
0.6,109,110,general,0.7860939000092912,176
0.6,110,111,recursive_no_basis,0.010415099997771904,163
0.6,110,111,general,0.7467466999951284,163
0.6,110,111,recursive_basis,0.04204470000695437,163
0.6,111,112,general,0.775543399999151,168
0.6,111,112,recursive_basis,0.03638090001186356,168
0.6,111,112,recursive_no_basis,0.011227399983908981,168
0.6,112,113,recursive_basis,0.031206399988150224,178
0.6,112,113,recursive_no_basis,0.010158199991565198,178
0.6,112,113,general,0.799256600002991,178
0.6,113,114,recursive_no_basis,0.01015340001322329,175
0.6,113,114,general,0.8097436999960337,175
0.6,113,114,recursive_basis,0.035211099981097504,175
0.6,114,115,general,0.7697917000041343,163
0.6,114,115,recursive_basis,0.033787299995310605,163
0.6,114,115,recursive_no_basis,0.010550300008617342,163
0.6,115,116,recursive_basis,0.037814100011019036,165
0.6,115,116,recursive_no_basis,0.010870300000533462,165
0.6,115,116,general,0.7735078999830876,165
0.6,116,117,recursive_no_basis,0.010697599995182827,167
0.6,116,117,general,0.7830625000060536,167
0.6,116,117,recursive_basis,0.035581700009061024,167
0.6,117,118,general,0.7675829000072554,166
0.6,117,118,recursive_basis,0.032984099991153926,166
0.6,117,118,recursive_no_basis,0.011293699993984774,166
0.6,118,119,recursive_basis,0.04124950000550598,176
0.6,118,119,recursive_no_basis,0.011424900003476068,176
0.6,118,119,general,0.8823215999873355,176
0.6,119,120,recursive_no_basis,0.011635699978796765,176
0.6,119,120,general,0.8097359999956097,176
0.6,119,120,recursive_basis,0.04157499998109415,176
0.6,120,121,general,0.780567699985113,166
0.6,120,121,recursive_basis,0.052169600006891415,166
0.6,120,121,recursive_no_basis,0.012905899988254532,166
0.6,121,122,recursive_basis,0.04902020000736229,175
0.6,121,122,recursive_no_basis,0.01261289999820292,175
0.6,121,122,general,0.8965170000155922,175
0.6,122,123,recursive_no_basis,0.013519900006940588,169
0.6,122,123,general,0.7957028999808244,169
0.6,122,123,recursive_basis,0.043608400010271,169
0.6,123,124,general,0.8443033000221476,177
0.6,123,124,recursive_basis,0.04251070000464097,177
0.6,123,124,recursive_no_basis,0.012995900004170835,177
0.6,124,125,recursive_basis,0.0403865999833215,180
0.6,124,125,recursive_no_basis,0.01255349998245947,180
0.6,124,125,general,0.8939831999887247,180
0.6,125,126,recursive_no_basis,0.010361799999373034,168
0.6,125,126,general,0.7742533000127878,168
0.6,125,126,recursive_basis,0.03552750000380911,168
0.6,126,127,general,0.7621413000160828,166
0.6,126,127,recursive_basis,0.03201940000872128,166
0.6,126,127,recursive_no_basis,0.009878699987893924,166
0.6,127,128,recursive_basis,0.04289060001610778,175
0.6,127,128,recursive_no_basis,0.01263809998636134,175
0.6,127,128,general,0.8101464999781456,175
0.6,128,129,recursive_no_basis,0.010686099994927645,167
0.6,128,129,general,0.7966669999877922,167
0.6,128,129,recursive_basis,0.034542700013844296,167
0.6,129,130,general,0.7758526999969035,162
0.6,129,130,recursive_basis,0.047601700003724545,162
0.6,129,130,recursive_no_basis,0.0124292999971658,162
0.6,130,131,recursive_basis,0.040894599980674684,170
0.6,130,131,recursive_no_basis,0.012018000008538365,170
0.6,130,131,general,0.860260500019649,170
0.6,131,132,recursive_no_basis,0.011756299994885921,164
0.6,131,132,general,0.8253402000118513,164
0.6,131,132,recursive_basis,0.048111400014022365,164
0.6,132,133,general,0.7868018000153825,165
0.6,132,133,recursive_basis,0.044458000018494204,165
0.6,132,133,recursive_no_basis,0.01353150000795722,165
0.6,133,134,recursive_basis,0.03649070000392385,174
0.6,133,134,recursive_no_basis,0.011256999976467341,174
0.6,133,134,general,0.8249200000136625,174
0.6,134,135,recursive_no_basis,0.013801399996737018,163
0.6,134,135,general,0.7985313000099268,163
0.6,134,135,recursive_basis,0.04402259999187663,163
0.6,135,136,general,0.8518916000030003,172
0.6,135,136,recursive_basis,0.04949470001156442,172
0.6,135,136,recursive_no_basis,0.013659499993082136,172
0.6,136,137,recursive_basis,0.04120909998891875,161
0.6,136,137,recursive_no_basis,0.012563600001158193,161
0.6,136,137,general,0.8380201999971177,161
0.6,137,138,recursive_no_basis,0.009763499983819202,177
0.6,137,138,general,0.8159492000122555,177
0.6,137,138,recursive_basis,0.033677499974146485,177
0.6,138,139,general,0.8197723999910522,171
0.6,138,139,recursive_basis,0.03969340000185184,171
0.6,138,139,recursive_no_basis,0.010614400001941249,171
0.6,139,140,recursive_basis,0.039596799993887544,167
0.6,139,140,recursive_no_basis,0.012891799997305498,167
0.6,139,140,general,0.8884324000100605,167
0.6,140,141,recursive_no_basis,0.01108690002001822,169
0.6,140,141,general,0.8982843999983743,169
0.6,140,141,recursive_basis,0.03482189998612739,169
0.6,141,142,general,0.9104711999825668,165
0.6,141,142,recursive_basis,0.043313899979693815,165
0.6,141,142,recursive_no_basis,0.012010800011921674,165
0.6,142,143,recursive_basis,0.05699569999706,172
0.6,142,143,recursive_no_basis,0.019823400012683123,172
0.6,142,143,general,0.7505584999744315,172
0.6,143,144,recursive_no_basis,0.010517200018512085,174
0.6,143,144,general,0.7267347000015434,174
0.6,143,144,recursive_basis,0.03633070000796579,174
0.6,144,145,general,0.7574909999966621,181
0.6,144,145,recursive_basis,0.030687400023452938,181
0.6,144,145,recursive_no_basis,0.00905860000057146,181
0.6,145,146,recursive_basis,0.036211200000252575,164
0.6,145,146,recursive_no_basis,0.010845600016182289,164
0.6,145,146,general,0.7197717000090051,164
0.6,146,147,recursive_no_basis,0.009032200003275648,168
0.6,146,147,general,0.7359056000132114,168
0.6,146,147,recursive_basis,0.030431399994995445,168
0.6,147,148,general,0.7285225999949034,174
0.6,147,148,recursive_basis,0.038153400004375726,174
0.6,147,148,recursive_no_basis,0.010508699982892722,174
0.6,148,149,recursive_basis,0.03689160000067204,166
0.6,148,149,recursive_no_basis,0.01118770000175573,166
0.6,148,149,general,0.8319206000014674,166
0.6,149,150,recursive_no_basis,0.03830220000236295,169
0.6,149,150,general,0.7892150999978185,169
0.6,149,150,recursive_basis,0.03701050000381656,169
0.6,150,151,general,0.8475430999824312,178
0.6,150,151,recursive_basis,0.03145280000171624,178
0.6,150,151,recursive_no_basis,0.009147800010396168,178
0.6,151,152,recursive_basis,0.07282020000275224,175
0.6,151,152,recursive_no_basis,0.010451799986185506,175
0.6,151,152,general,0.812439400004223,175
0.6,152,153,recursive_no_basis,0.011146800010465086,171
0.6,152,153,general,0.8190096000034828,171
0.6,152,153,recursive_basis,0.04686139998375438,171
0.6,153,154,general,0.8373333000054117,172
0.6,153,154,recursive_basis,0.043128699995577335,172
0.6,153,154,recursive_no_basis,0.013407599995844066,172
0.6,154,155,recursive_basis,0.029037600004812703,174
0.6,154,155,recursive_no_basis,0.009548200003337115,174
0.6,154,155,general,0.7606815000181086,174
0.6,155,156,recursive_no_basis,0.012185900006443262,160
0.6,155,156,general,0.720065200002864,160
0.6,155,156,recursive_basis,0.03783139999723062,160
0.6,156,157,general,0.8519182000018191,177
0.6,156,157,recursive_basis,0.03403249999973923,177
0.6,156,157,recursive_no_basis,0.010158699995372444,177
0.6,157,158,recursive_basis,0.031411999982083216,170
0.6,157,158,recursive_no_basis,0.009793800010811538,170
0.6,157,158,general,0.8263551999989431,170
0.6,158,159,recursive_no_basis,0.010678399994503707,181
0.6,158,159,general,0.7876930999918841,181
0.6,158,159,recursive_basis,0.04316480000852607,181
0.6,159,160,general,0.9023914000135846,173
0.6,159,160,recursive_basis,0.03554260000237264,173
0.6,159,160,recursive_no_basis,0.012453600007575005,173
0.6,160,161,recursive_basis,0.03550779999932274,174
0.6,160,161,recursive_no_basis,0.010589999990770593,174
0.6,160,161,general,0.7690726000000723,174
0.6,161,162,recursive_no_basis,0.009788499999558553,175
0.6,161,162,general,0.7841485999815632,175
0.6,161,162,recursive_basis,0.03701069997623563,175
0.6,162,163,general,0.7901876000105403,178
0.6,162,163,recursive_basis,0.038135900016641244,178
0.6,162,163,recursive_no_basis,0.0115329000109341,178
0.6,163,164,recursive_basis,0.03486259997589514,173
0.6,163,164,recursive_no_basis,0.011800799984484911,173
0.6,163,164,general,0.7289117999898735,173
0.6,164,165,recursive_no_basis,0.010066699993330985,168
0.6,164,165,general,0.7353847000049427,168
0.6,164,165,recursive_basis,0.036690999986603856,168
0.6,165,166,general,0.8053056000208016,190
0.6,165,166,recursive_basis,0.03369509999174625,190
0.6,165,166,recursive_no_basis,0.00971619997289963,190
0.6,166,167,recursive_basis,0.04215649998513982,170
0.6,166,167,recursive_no_basis,0.011850300012156367,170
0.6,166,167,general,0.7521299000072759,170
0.6,167,168,recursive_no_basis,0.009689400001661852,193
0.6,167,168,general,0.8024470999953337,193
0.6,167,168,recursive_basis,0.029681600019102916,193
0.6,168,169,general,0.7122544999874663,166
0.6,168,169,recursive_basis,0.03454650001367554,166
0.6,168,169,recursive_no_basis,0.009868199995253235,166
0.6,169,170,recursive_basis,0.03752660000463948,180
0.6,169,170,recursive_no_basis,0.01072680001379922,180
0.6,169,170,general,0.7752085000101943,180
0.6,170,171,recursive_no_basis,0.011701199982780963,165
0.6,170,171,general,0.7665339000232052,165
0.6,170,171,recursive_basis,0.043414499989012256,165
0.6,171,172,general,0.716373500006739,167
0.6,171,172,recursive_basis,0.03530489999684505,167
0.6,171,172,recursive_no_basis,0.011044300015782937,167
0.6,172,173,recursive_basis,0.03750390000641346,171
0.6,172,173,recursive_no_basis,0.010461400001076981,171
0.6,172,173,general,0.7288258000044152,171
0.6,173,174,recursive_no_basis,0.009453699982259423,166
0.6,173,174,general,0.7118827999802306,166
0.6,173,174,recursive_basis,0.03150589999859221,166
0.6,174,175,general,0.7054715999984182,167
0.6,174,175,recursive_basis,0.03231929999310523,167
0.6,174,175,recursive_no_basis,0.009753999998793006,167
0.6,175,176,recursive_basis,0.032141200004843995,173
0.6,175,176,recursive_no_basis,0.011000300000887364,173
0.6,175,176,general,0.770423199981451,173
0.6,176,177,recursive_no_basis,0.00924079999094829,171
0.6,176,177,general,0.7326734000234865,171
0.6,176,177,recursive_basis,0.030235900019761175,171
0.6,177,178,general,0.7188032999983989,169
0.6,177,178,recursive_basis,0.035040600021602586,169
0.6,177,178,recursive_no_basis,0.00976519999676384,169
0.6,178,179,recursive_basis,0.029644199996255338,179
0.6,178,179,recursive_no_basis,0.009362399985548109,179
0.6,178,179,general,0.7979141999967396,179
0.6,179,180,recursive_no_basis,0.00990609999280423,173
0.6,179,180,general,0.7333208000054583,173
0.6,179,180,recursive_basis,0.034171100007370114,173
0.6,180,181,general,0.7582229000108782,178
0.6,180,181,recursive_basis,0.03357590001542121,178
0.6,180,181,recursive_no_basis,0.010498899995582178,178
0.6,181,182,recursive_basis,0.028259199985768646,169
0.6,181,182,recursive_no_basis,0.010450300003867596,169
0.6,181,182,general,0.7164656999811996,169
0.6,182,183,recursive_no_basis,0.0101888999924995,171
0.6,182,183,general,0.7256845000083558,171
0.6,182,183,recursive_basis,0.03257859998848289,171
0.6,183,184,general,0.6987329999974463,163
0.6,183,184,recursive_basis,0.03269130000262521,163
0.6,183,184,recursive_no_basis,0.010932399978628382,163
0.6,184,185,recursive_basis,0.03970249998383224,166
0.6,184,185,recursive_no_basis,0.010870800004340708,166
0.6,184,185,general,0.7150384999986272,166
0.6,185,186,recursive_no_basis,0.010571399994660169,157
0.6,185,186,general,0.681840800010832,157
0.6,185,186,recursive_basis,0.036725500016473234,157
0.6,186,187,general,0.7332596000051126,171
0.6,186,187,recursive_basis,0.03929479999351315,171
0.6,186,187,recursive_no_basis,0.01076369997463189,171
0.6,187,188,recursive_basis,0.03489640000043437,174
0.6,187,188,recursive_no_basis,0.010426199994981289,174
0.6,187,188,general,0.7382606999890413,174
0.6,188,189,recursive_no_basis,0.01016219999291934,157
0.6,188,189,general,0.684220600000117,157
0.6,188,189,recursive_basis,0.03642270001000725,157
0.6,189,190,general,0.7788082000042778,186
0.6,189,190,recursive_basis,0.035659999994095415,186
0.6,189,190,recursive_no_basis,0.011434699990786612,186
0.6,190,191,recursive_basis,0.03341189998900518,172
0.6,190,191,recursive_no_basis,0.009380800009239465,172
0.6,190,191,general,0.7349992000090424,172
0.6,191,192,recursive_no_basis,0.011061199998948723,169
0.6,191,192,general,0.7146330999967176,169
0.6,191,192,recursive_basis,0.04149959998903796,169
0.6,192,193,general,0.7193234000005759,168
0.6,192,193,recursive_basis,0.04122250000364147,168
0.6,192,193,recursive_no_basis,0.010804799996549264,168
0.6,193,194,recursive_basis,0.034357500000623986,163
0.6,193,194,recursive_no_basis,0.009732799982884899,163
0.6,193,194,general,0.7011190000048373,163
0.6,194,195,recursive_no_basis,0.00864230000297539,185
0.6,194,195,general,0.7697632999916095,185
0.6,194,195,recursive_basis,0.030093999987002462,185
0.6,195,196,general,0.7303775000036694,172
0.6,195,196,recursive_basis,0.03816779999760911,172
0.6,195,196,recursive_no_basis,0.011042600002838299,172
0.6,196,197,recursive_basis,0.02965460001723841,175
0.6,196,197,recursive_no_basis,0.008948100003181025,175
0.6,196,197,general,0.7527827999729197,175
0.6,197,198,recursive_no_basis,0.00998599999002181,179
0.6,197,198,general,0.7681748000031803,179
0.6,197,198,recursive_basis,0.0351346000097692,179
0.6,198,199,general,0.839534900005674,178
0.6,198,199,recursive_basis,0.03421299997717142,178
0.6,198,199,recursive_no_basis,0.010114500008057803,178
0.6,199,200,recursive_basis,0.03356239999993704,172
0.6,199,200,recursive_no_basis,0.01023779998649843,172
0.6,199,200,general,0.7628873999929056,172
0.7,0,1,general,1.3408394000143744,281
0.7,0,1,recursive_basis,0.034621500002685934,281
0.7,0,1,recursive_no_basis,0.00882160000037402,281
0.7,1,2,recursive_basis,0.03598099999362603,287
0.7,1,2,recursive_no_basis,0.009943700017174706,287
0.7,1,2,general,1.3571648999932222,287
0.7,2,3,recursive_no_basis,0.011287400004221126,294
0.7,2,3,general,1.3292305000068154,294
0.7,2,3,recursive_basis,0.03783539999858476,294
0.7,3,4,general,1.3608464999997523,282
0.7,3,4,recursive_basis,0.11362539997207932,282
0.7,3,4,recursive_no_basis,0.012157799996202812,282
0.7,4,5,recursive_basis,0.05526079999981448,280
0.7,4,5,recursive_no_basis,0.014735800010384992,280
0.7,4,5,general,1.3897432000085246,280
0.7,5,6,recursive_no_basis,0.009610600012820214,272
0.7,5,6,general,1.2848777999752201,272
0.7,5,6,recursive_basis,0.03914859998621978,272
0.7,6,7,general,1.3191947000159416,279
0.7,6,7,recursive_basis,0.04319619998568669,279
0.7,6,7,recursive_no_basis,0.012533200002508238,279
0.7,7,8,recursive_basis,0.042587400006596,277
0.7,7,8,recursive_no_basis,0.011117499991087243,277
0.7,7,8,general,1.3185627000057139,277
0.7,8,9,recursive_no_basis,0.009347199986223131,278
0.7,8,9,general,1.31464599998435,278
0.7,8,9,recursive_basis,0.035498699988238513,278
0.7,9,10,general,1.2939023000071757,278
0.7,9,10,recursive_basis,0.04256609998992644,278
0.7,9,10,recursive_no_basis,0.013002699997741729,278
0.7,10,11,recursive_basis,0.044502200005808845,276
0.7,10,11,recursive_no_basis,0.010509900021133944,276
0.7,10,11,general,1.302880000002915,276
0.7,11,12,recursive_no_basis,0.010036899999249727,274
0.7,11,12,general,1.2984818999830168,274
0.7,11,12,recursive_basis,0.03413149999687448,274
0.7,12,13,general,1.382130700018024,286
0.7,12,13,recursive_basis,0.04382880000048317,286
0.7,12,13,recursive_no_basis,0.01006150001194328,286
0.7,13,14,recursive_basis,0.04419190000044182,283
0.7,13,14,recursive_no_basis,0.011138799978652969,283
0.7,13,14,general,1.3347397999896202,283
0.7,14,15,recursive_no_basis,0.010080300009576604,283
0.7,14,15,general,1.339019199978793,283
0.7,14,15,recursive_basis,0.04249090002849698,283
0.7,15,16,general,1.28788240000722,280
0.7,15,16,recursive_basis,0.057836599997244775,280
0.7,15,16,recursive_no_basis,0.012874499981990084,280
0.7,16,17,recursive_basis,0.05075379999470897,282
0.7,16,17,recursive_no_basis,0.012492000008933246,282
0.7,16,17,general,1.357217100012349,282
0.7,17,18,recursive_no_basis,0.011242599983233958,276
0.7,17,18,general,1.273014599981252,276
0.7,17,18,recursive_basis,0.046893399994587526,276
0.7,18,19,general,1.385962100001052,279
0.7,18,19,recursive_basis,0.042918199993437156,279
0.7,18,19,recursive_no_basis,0.011109600018244237,279
0.7,19,20,recursive_basis,0.05826560000423342,286
0.7,19,20,recursive_no_basis,0.014880100003210828,286
0.7,19,20,general,1.3540723999904003,286
0.7,20,21,recursive_no_basis,0.07399689999874681,281
0.7,20,21,general,1.356329200003529,281
0.7,20,21,recursive_basis,0.03598710001097061,281
0.7,21,22,general,1.2970657999976538,266
0.7,21,22,recursive_basis,0.04136979999020696,266
0.7,21,22,recursive_no_basis,0.009087200014619157,266
0.7,22,23,recursive_basis,0.03687989999889396,275
0.7,22,23,recursive_no_basis,0.010151700000278652,275
0.7,22,23,general,1.3112780999799725,275
0.7,23,24,recursive_no_basis,0.010007099976064637,282
0.7,23,24,general,1.3523070999945048,282
0.7,23,24,recursive_basis,0.034729600010905415,282
0.7,24,25,general,1.3786179999879096,283
0.7,24,25,recursive_basis,0.03722269998979755,283
0.7,24,25,recursive_no_basis,0.00973859999794513,283
0.7,25,26,recursive_basis,0.039757999998982996,278
0.7,25,26,recursive_no_basis,0.010349299991503358,278
0.7,25,26,general,1.3517695000045933,278
0.7,26,27,recursive_no_basis,0.010893900005612522,270
0.7,26,27,general,1.3634040000033565,270
0.7,26,27,recursive_basis,0.046305199997732416,270
0.7,27,28,general,1.3349567000113893,277
0.7,27,28,recursive_basis,0.048554600012721494,277
0.7,27,28,recursive_no_basis,0.011241400003200397,277
0.7,28,29,recursive_basis,0.04098700001486577,278
0.7,28,29,recursive_no_basis,0.010156000003917143,278
0.7,28,29,general,1.332747600012226,278
0.7,29,30,recursive_no_basis,0.011851099989144132,283
0.7,29,30,general,1.3368699999991804,283
0.7,29,30,recursive_basis,0.04515639998135157,283
0.7,30,31,general,1.2564108000078704,279
0.7,30,31,recursive_basis,0.04263159999391064,279
0.7,30,31,recursive_no_basis,0.010147099994355813,279
0.7,31,32,recursive_basis,0.039282499987166375,283
0.7,31,32,recursive_no_basis,0.010298500012140721,283
0.7,31,32,general,1.2787411999888718,283
0.7,32,33,recursive_no_basis,0.011197699990589172,275
0.7,32,33,general,1.338273900008062,275
0.7,32,33,recursive_basis,0.04124750001938082,275
0.7,33,34,general,1.26459390000673,274
0.7,33,34,recursive_basis,0.04080489999614656,274
0.7,33,34,recursive_no_basis,0.009787900024093688,274
0.7,34,35,recursive_basis,0.035262899997178465,285
0.7,34,35,recursive_no_basis,0.009095699992030859,285
0.7,34,35,general,1.3810970000049565,285
0.7,35,36,recursive_no_basis,0.013909100001910701,286
0.7,35,36,general,1.346471799974097,286
0.7,35,36,recursive_basis,0.05427209998015314,286
0.7,36,37,general,1.2455038000189234,271
0.7,36,37,recursive_basis,0.047477199987042695,271
0.7,36,37,recursive_no_basis,0.014522300014505163,271
0.7,37,38,recursive_basis,0.04119879999780096,272
0.7,37,38,recursive_no_basis,0.07668329999432899,272
0.7,37,38,general,1.3435365000041202,272
0.7,38,39,recursive_no_basis,0.01098609998007305,279
0.7,38,39,general,1.294659800012596,279
0.7,38,39,recursive_basis,0.04068919998826459,279
0.7,39,40,general,1.3344305999926291,274
0.7,39,40,recursive_basis,0.03717329999199137,274
0.7,39,40,recursive_no_basis,0.009962499985704198,274
0.7,40,41,recursive_basis,0.033476300013717264,282
0.7,40,41,recursive_no_basis,0.009343900019302964,282
0.7,40,41,general,1.334940100001404,282
0.7,41,42,recursive_no_basis,0.010275500011630356,284
0.7,41,42,general,1.3025709000066854,284
0.7,41,42,recursive_basis,0.04567659998429008,284
0.7,42,43,general,1.363301400007913,276
0.7,42,43,recursive_basis,0.04296220000833273,276
0.7,42,43,recursive_no_basis,0.012642899993807077,276
0.7,43,44,recursive_basis,0.04080079999403097,271
0.7,43,44,recursive_no_basis,0.011517600010847673,271
0.7,43,44,general,1.2661359999910928,271
0.7,44,45,recursive_no_basis,0.009728000004542992,271
0.7,44,45,general,1.309606700000586,271
0.7,44,45,recursive_basis,0.04120740000507794,271
0.7,45,46,general,1.4318491000158247,287
0.7,45,46,recursive_basis,0.04006440000375733,287
0.7,45,46,recursive_no_basis,0.010650399985024706,287
0.7,46,47,recursive_basis,0.03844720000051893,275
0.7,46,47,recursive_no_basis,0.00900510000064969,275
0.7,46,47,general,1.3198924000025727,275
0.7,47,48,recursive_no_basis,0.011497700004838407,279
0.7,47,48,general,1.3385147999797482,279
0.7,47,48,recursive_basis,0.04075049998937175,279
0.7,48,49,general,1.343113600014476,286
0.7,48,49,recursive_basis,0.038659999991068617,286
0.7,48,49,recursive_no_basis,0.008968499983893707,286
0.7,49,50,recursive_basis,0.03583829998387955,280
0.7,49,50,recursive_no_basis,0.009230900002876297,280
0.7,49,50,general,1.3060935999965295,280
0.7,50,51,recursive_no_basis,0.011002700019162148,277
0.7,50,51,general,1.3142075999930967,277
0.7,50,51,recursive_basis,0.043234000011580065,277
0.7,51,52,general,1.700208099995507,281
0.7,51,52,recursive_basis,0.03870860001188703,281
0.7,51,52,recursive_no_basis,0.010310899990145117,281
0.7,52,53,recursive_basis,0.046539499977370724,284
0.7,52,53,recursive_no_basis,0.009830900002270937,284
0.7,52,53,general,1.4582404000102542,284
0.7,53,54,recursive_no_basis,0.012297000008402392,287
0.7,53,54,general,1.2851311000122223,287
0.7,53,54,recursive_basis,0.05014050001045689,287
0.7,54,55,general,1.3314893000060692,288
0.7,54,55,recursive_basis,0.033951699995668605,288
0.7,54,55,recursive_no_basis,0.008043800015002489,288
0.7,55,56,recursive_basis,0.035662900016177446,282
0.7,55,56,recursive_no_basis,0.008968999987700954,282
0.7,55,56,general,1.2540914999844972,282
0.7,56,57,recursive_no_basis,0.011358699994161725,287
0.7,56,57,general,1.2979785999923479,287
0.7,56,57,recursive_basis,0.05071979999775067,287
0.7,57,58,general,1.2379596999962814,274
0.7,57,58,recursive_basis,0.04268240000237711,274
0.7,57,58,recursive_no_basis,0.012217999988934025,274
0.7,58,59,recursive_basis,0.037951799982693046,275
0.7,58,59,recursive_no_basis,0.00861699998495169,275
0.7,58,59,general,1.2449688000197057,275
0.7,59,60,recursive_no_basis,0.009894899994833395,280
0.7,59,60,general,1.251572600012878,280
0.7,59,60,recursive_basis,0.04450920000090264,280
0.7,60,61,general,1.2965479999838863,292
0.7,60,61,recursive_basis,0.04384399999980815,292
0.7,60,61,recursive_no_basis,0.010274300002492964,292
0.7,61,62,recursive_basis,0.03792460000840947,282
0.7,61,62,recursive_no_basis,0.00869399998919107,282
0.7,61,62,general,1.2556651000049897,282
0.7,62,63,recursive_no_basis,0.010115500015672296,280
0.7,62,63,general,1.2434480999945663,280
0.7,62,63,recursive_basis,0.04132980000576936,280
0.7,63,64,general,1.2150665999797639,268
0.7,63,64,recursive_basis,0.044194000016432256,268
0.7,63,64,recursive_no_basis,0.01007350001600571,268
0.7,64,65,recursive_basis,0.03352620001533069,268
0.7,64,65,recursive_no_basis,0.008618000021670014,268
0.7,64,65,general,1.2661919000092894,268
0.7,65,66,recursive_no_basis,0.010745400009909645,291
0.7,65,66,general,1.2989121999999043,291
0.7,65,66,recursive_basis,0.04551450000144541,291
0.7,66,67,general,1.2033788999833632,270
0.7,66,67,recursive_basis,0.035720799991395324,270
0.7,66,67,recursive_no_basis,0.008926000009523705,270
0.7,67,68,recursive_basis,0.03849020000780001,283
0.7,67,68,recursive_no_basis,0.010414400021545589,283
0.7,67,68,general,1.3347569000034127,283
0.7,68,69,recursive_no_basis,0.010122699983185157,276
0.7,68,69,general,1.2577369999780785,276
0.7,68,69,recursive_basis,0.03825769998366013,276
0.7,69,70,general,1.2571469999966212,274
0.7,69,70,recursive_basis,0.0339891999901738,274
0.7,69,70,recursive_no_basis,0.009797100006835535,274
0.7,70,71,recursive_basis,0.03730039999936707,281
0.7,70,71,recursive_no_basis,0.008964700013166294,281
0.7,70,71,general,1.2563576999818906,281
0.7,71,72,recursive_no_basis,0.010670199990272522,288
0.7,71,72,general,1.2997962000081316,288
0.7,71,72,recursive_basis,0.03248709999024868,288
0.7,72,73,general,1.2553526000119746,280
0.7,72,73,recursive_basis,0.09084119999897666,280
0.7,72,73,recursive_no_basis,0.009866900014458224,280
0.7,73,74,recursive_basis,0.034825699985958636,274
0.7,73,74,recursive_no_basis,0.00818740000249818,274
0.7,73,74,general,1.225723299983656,274
0.7,74,75,recursive_no_basis,0.008704699983354658,281
0.7,74,75,general,1.2580635000194889,281
0.7,74,75,recursive_basis,0.03685169998789206,281
0.7,75,76,general,1.2490474999940488,268
0.7,75,76,recursive_basis,0.03192129998933524,268
0.7,75,76,recursive_no_basis,0.009297199983848259,268
0.7,76,77,recursive_basis,0.04560630000196397,291
0.7,76,77,recursive_no_basis,0.01077140000415966,291
0.7,76,77,general,1.2947605999943335,291
0.7,77,78,recursive_no_basis,0.008468099986203015,286
0.7,77,78,general,1.2754817999957595,286
0.7,77,78,recursive_basis,0.0327390999882482,286
0.7,78,79,general,1.2918811999843456,292
0.7,78,79,recursive_basis,0.042257699999026954,292
0.7,78,79,recursive_no_basis,0.009698799985926598,292
0.7,79,80,recursive_basis,0.0335188000171911,276
0.7,79,80,recursive_no_basis,0.009177700005238876,276
0.7,79,80,general,1.2365863000159152,276
0.7,80,81,recursive_no_basis,0.009072699991520494,282
0.7,80,81,general,1.2519494000007398,282
0.7,80,81,recursive_basis,0.03386610001325607,282
0.7,81,82,general,1.2593084999825805,281
0.7,81,82,recursive_basis,0.03681299998424947,281
0.7,81,82,recursive_no_basis,0.009367799997562543,281
0.7,82,83,recursive_basis,0.03510499998810701,275
0.7,82,83,recursive_no_basis,0.008680300001287833,275
0.7,82,83,general,1.2334606999938842,275
0.7,83,84,recursive_no_basis,0.00981119999778457,279
0.7,83,84,general,1.2501234999799635,279
0.7,83,84,recursive_basis,0.03808040000149049,279
0.7,84,85,general,1.282066699990537,284
0.7,84,85,recursive_basis,0.05169029999524355,284
0.7,84,85,recursive_no_basis,0.015027200017357245,284
0.7,85,86,recursive_basis,0.03697360001388006,275
0.7,85,86,recursive_no_basis,0.011889199988218024,275
0.7,85,86,general,1.2353151999996044,275
0.7,86,87,recursive_no_basis,0.009569100016960874,268
0.7,86,87,general,1.2326324000023305,268
0.7,86,87,recursive_basis,0.03496050002286211,268
0.7,87,88,general,1.273209000006318,281
0.7,87,88,recursive_basis,0.039381699985824525,281
0.7,87,88,recursive_no_basis,0.010363500012317672,281
0.7,88,89,recursive_basis,0.03743979998398572,283
0.7,88,89,recursive_no_basis,0.010917599982349202,283
0.7,88,89,general,1.2567059000139125,283
0.7,89,90,recursive_no_basis,0.010631399985868484,280
0.7,89,90,general,1.2414446999900974,280
0.7,89,90,recursive_basis,0.04247290000785142,280
0.7,90,91,general,1.2821055999957025,274
0.7,90,91,recursive_basis,0.04070430001593195,274
0.7,90,91,recursive_no_basis,0.009714599989820272,274
0.7,91,92,recursive_basis,0.03612259999499656,275
0.7,91,92,recursive_no_basis,0.009410300001036376,275
0.7,91,92,general,1.2343720000062604,275
0.7,92,93,recursive_no_basis,0.010643299989169464,278
0.7,92,93,general,1.2611652000050526,278
0.7,92,93,recursive_basis,0.04613239999162033,278
0.7,93,94,general,1.2490379000082612,276
0.7,93,94,recursive_basis,0.037333999993279576,276
0.7,93,94,recursive_no_basis,0.009899600001517683,276
0.7,94,95,recursive_basis,0.03606839998974465,283
0.7,94,95,recursive_no_basis,0.00987919999170117,283
0.7,94,95,general,1.2507248999900185,283
0.7,95,96,recursive_no_basis,0.010691100003896281,287
0.7,95,96,general,1.2677790999878198,287
0.7,95,96,recursive_basis,0.04372630000580102,287
0.7,96,97,general,1.2124110000149813,271
0.7,96,97,recursive_basis,0.036116500006755814,271
0.7,96,97,recursive_no_basis,0.010085899994010106,271
0.7,97,98,recursive_basis,0.03964609999093227,279
0.7,97,98,recursive_no_basis,0.010127800022019073,279
0.7,97,98,general,1.241792599990731,279
0.7,98,99,recursive_no_basis,0.01294620000408031,262
0.7,98,99,general,1.1911850999749731,262
0.7,98,99,recursive_basis,0.05939870001748204,262
0.7,99,100,general,1.296784200007096,282
0.7,99,100,recursive_basis,0.04003549998742528,282
0.7,99,100,recursive_no_basis,0.010302599985152483,282
0.7,100,101,recursive_basis,0.04660430000512861,283
0.7,100,101,recursive_no_basis,0.012022300012176856,283
0.7,100,101,general,1.262047900003381,283
0.7,101,102,recursive_no_basis,0.013163700001314282,267
0.7,101,102,general,1.2154266000143252,267
0.7,101,102,recursive_basis,0.059091700008139014,267
0.7,102,103,general,1.2665674999880139,277
0.7,102,103,recursive_basis,0.04292319997330196,277
0.7,102,103,recursive_no_basis,0.010984899970935658,277
0.7,103,104,recursive_basis,0.0331607999978587,282
0.7,103,104,recursive_no_basis,0.008747499989112839,282
0.7,103,104,general,1.2435695999884047,282
0.7,104,105,recursive_no_basis,0.012203599995700642,274
0.7,104,105,general,1.2145691000041552,274
0.7,104,105,recursive_basis,0.05126929999096319,274
0.7,105,106,general,1.2320121999946423,275
0.7,105,106,recursive_basis,0.043845999985933304,275
0.7,105,106,recursive_no_basis,0.011216599988983944,275
0.7,106,107,recursive_basis,0.04071739999926649,280
0.7,106,107,recursive_no_basis,0.009614900016458705,280
0.7,106,107,general,1.3382100999879185,280
0.7,107,108,recursive_no_basis,0.010525499994400889,279
0.7,107,108,general,1.26496080000652,279
0.7,107,108,recursive_basis,0.03665649998583831,279
0.7,108,109,general,1.2652136000106111,281
0.7,108,109,recursive_basis,0.037208199995802715,281
0.7,108,109,recursive_no_basis,0.008772800007136539,281
0.7,109,110,recursive_basis,0.03846000001067296,288
0.7,109,110,recursive_no_basis,0.00959629999124445,288
0.7,109,110,general,1.2800291999883484,288
0.7,110,111,recursive_no_basis,0.01019060000544414,271
0.7,110,111,general,1.211840400006622,271
0.7,110,111,recursive_basis,0.04422750000958331,271
0.7,111,112,general,1.2913429000182077,280
0.7,111,112,recursive_basis,0.04419230000348762,280
0.7,111,112,recursive_no_basis,0.010777599993161857,280
0.7,112,113,recursive_basis,0.030184400005964562,285
0.7,112,113,recursive_no_basis,0.008580499998060986,285
0.7,112,113,general,1.2741680999752134,285
0.7,113,114,recursive_no_basis,0.009558599995216355,283
0.7,113,114,general,1.2593631999916397,283
0.7,113,114,recursive_basis,0.03458059998229146,283
0.7,114,115,general,1.216352999996161,275
0.7,114,115,recursive_basis,0.04606449999846518,275
0.7,114,115,recursive_no_basis,0.0114054000005126,275
0.7,115,116,recursive_basis,0.0366943999833893,274
0.7,115,116,recursive_no_basis,0.009874800016405061,274
0.7,115,116,general,1.2139699999825098,274
0.7,116,117,recursive_no_basis,0.009813199983909726,278
0.7,116,117,general,1.2407050000037998,278
0.7,116,117,recursive_basis,0.03731169999809936,278
0.7,117,118,general,1.2100402000069153,272
0.7,117,118,recursive_basis,0.0352736999921035,272
0.7,117,118,recursive_no_basis,0.0096897000039462,272
0.7,118,119,recursive_basis,0.03840810002293438,280
0.7,118,119,recursive_no_basis,0.009817899990594015,280
0.7,118,119,general,1.2572915999917313,280
0.7,119,120,recursive_no_basis,0.010225000005448237,285
0.7,119,120,general,1.2810817999998108,285
0.7,119,120,recursive_basis,0.04032199998619035,285
0.7,120,121,general,1.3262722000072245,281
0.7,120,121,recursive_basis,0.03953229999751784,281
0.7,120,121,recursive_no_basis,0.009623799996916205,281
0.7,121,122,recursive_basis,0.035507499997038394,286
0.7,121,122,recursive_no_basis,0.00836820001131855,286
0.7,121,122,general,1.3148063000116963,286
0.7,122,123,recursive_no_basis,0.010291600017808378,274
0.7,122,123,general,1.2200716999941505,274
0.7,122,123,recursive_basis,0.0429440000152681,274
0.7,123,124,general,1.2995014000043739,285
0.7,123,124,recursive_basis,0.04171570000471547,285
0.7,123,124,recursive_no_basis,0.01023499999428168,285
0.7,124,125,recursive_basis,0.033168200025102124,279
0.7,124,125,recursive_no_basis,0.009364900004584342,279
0.7,124,125,general,1.324216000008164,279
0.7,125,126,recursive_no_basis,0.009980500006349757,273
0.7,125,126,general,1.2393319999973755,273
0.7,125,126,recursive_basis,0.03714050000417046,273
0.7,126,127,general,1.323295899986988,281
0.7,126,127,recursive_basis,0.03765240000211634,281
0.7,126,127,recursive_no_basis,0.011696000001393259,281
0.7,127,128,recursive_basis,0.05561529999249615,282
0.7,127,128,recursive_no_basis,0.013743499992415309,282
0.7,127,128,general,1.262559200025862,282
0.7,128,129,recursive_no_basis,0.009470200020587072,278
0.7,128,129,general,1.2461776999989524,278
0.7,128,129,recursive_basis,0.03252439998323098,278
0.7,129,130,general,1.2565800999873318,271
0.7,129,130,recursive_basis,0.06722460000310093,271
0.7,129,130,recursive_no_basis,0.014549799991073087,271
0.7,130,131,recursive_basis,0.04247889999533072,284
0.7,130,131,recursive_no_basis,0.01025270001264289,284
0.7,130,131,general,1.309246599994367,284
0.7,131,132,recursive_no_basis,0.01262909997603856,274
0.7,131,132,general,1.2336601999995764,274
0.7,131,132,recursive_basis,0.05350710000493564,274
0.7,132,133,general,1.1982348999881651,270
0.7,132,133,recursive_basis,0.033567999984370545,270
0.7,132,133,recursive_no_basis,0.009837200021138415,270
0.7,133,134,recursive_basis,0.044717100012348965,272
0.7,133,134,recursive_no_basis,0.009090599982300773,272
0.7,133,134,general,1.2966765000019222,272
0.7,134,135,recursive_no_basis,0.013011100003495812,276
0.7,134,135,general,1.3051294999895617,276
0.7,134,135,recursive_basis,0.09782669998821802,276
0.7,135,136,general,1.2467077000183053,274
0.7,135,136,recursive_basis,0.03549589999602176,274
0.7,135,136,recursive_no_basis,0.01053269999101758,274
0.7,136,137,recursive_basis,0.04531010001664981,276
0.7,136,137,recursive_no_basis,0.012708900001598522,276
0.7,136,137,general,1.3445207999902777,276
0.7,137,138,recursive_no_basis,0.008381999999983236,283
0.7,137,138,general,1.2919762999808881,283
0.7,137,138,recursive_basis,0.0373037000244949,283
0.7,138,139,general,1.2677676000166684,276
0.7,138,139,recursive_basis,0.03899329999694601,276
0.7,138,139,recursive_no_basis,0.009554600022966042,276
0.7,139,140,recursive_basis,0.040231999999377877,281
0.7,139,140,recursive_no_basis,0.01068819998181425,281
0.7,139,140,general,1.2953552999824751,281
0.7,140,141,recursive_no_basis,0.01276120002148673,278
0.7,140,141,general,1.2442709000024479,278
0.7,140,141,recursive_basis,0.061347899987595156,278
0.7,141,142,general,1.2695875999925192,273
0.7,141,142,recursive_basis,0.08589809999102727,273
0.7,141,142,recursive_no_basis,0.010670000017853454,273
0.7,142,143,recursive_basis,0.03868170001078397,276
0.7,142,143,recursive_no_basis,0.0093609000032302,276
0.7,142,143,general,1.221276600001147,276
0.7,143,144,recursive_no_basis,0.009332999994512647,280
0.7,143,144,general,1.2363970000005793,280
0.7,143,144,recursive_basis,0.042755399976158515,280
0.7,144,145,general,1.2852088000217918,288
0.7,144,145,recursive_basis,0.03199920000042766,288
0.7,144,145,recursive_no_basis,0.008638400002382696,288
0.7,145,146,recursive_basis,0.03436160000273958,272
0.7,145,146,recursive_no_basis,0.009247400012100115,272
0.7,145,146,general,1.2084987999987788,272
0.7,146,147,recursive_no_basis,0.009488400013651699,276
0.7,146,147,general,1.2181818000099156,276
0.7,146,147,recursive_basis,0.04100359999574721,276
0.7,147,148,general,1.2190400999970734,277
0.7,147,148,recursive_basis,0.039835200004745275,277
0.7,147,148,recursive_no_basis,0.00977570001850836,277
0.7,148,149,recursive_basis,0.0355410999909509,282
0.7,148,149,recursive_no_basis,0.008648999995784834,282
0.7,148,149,general,1.2423427000176162,282
0.7,149,150,recursive_no_basis,0.011163599992869422,281
0.7,149,150,general,1.2386318999924697,281
0.7,149,150,recursive_basis,0.04116389999398962,281
0.7,150,151,general,1.2540542000206187,277
0.7,150,151,recursive_basis,0.03664120001485571,277
0.7,150,151,recursive_no_basis,0.009451399993849918,277
0.7,151,152,recursive_basis,0.032566300011239946,281
0.7,151,152,recursive_no_basis,0.008857200009515509,281
0.7,151,152,general,1.2425481000100262,281
0.7,152,153,recursive_no_basis,0.00962739999522455,279
0.7,152,153,general,1.231165700010024,279
0.7,152,153,recursive_basis,0.038558000000193715,279
0.7,153,154,general,1.2493726999964565,283
0.7,153,154,recursive_basis,0.03520779998507351,283
0.7,153,154,recursive_no_basis,0.009218999999575317,283
0.7,154,155,recursive_basis,0.0326305000053253,270
0.7,154,155,recursive_no_basis,0.008464899990940467,270
0.7,154,155,general,1.1960236000013538,270
0.7,155,156,recursive_no_basis,0.008786500024143606,276
0.7,155,156,general,1.2175682000233792,276
0.7,155,156,recursive_basis,0.03042620001360774,276
0.7,156,157,general,1.246669300016947,282
0.7,156,157,recursive_basis,0.04055760000483133,282
0.7,156,157,recursive_no_basis,0.008675200020661578,282
0.7,157,158,recursive_basis,0.04233729999396019,281
0.7,157,158,recursive_no_basis,0.00948519998928532,281
0.7,157,158,general,1.236058000009507,281
0.7,158,159,recursive_no_basis,0.011625000013737008,291
0.7,158,159,general,1.3360822000249755,291
0.7,158,159,recursive_basis,0.043164200003957376,291
0.7,159,160,general,1.2343587999930605,279
0.7,159,160,recursive_basis,0.03287359999376349,279
0.7,159,160,recursive_no_basis,0.008737900003325194,279
0.7,160,161,recursive_basis,0.04002509999554604,285
0.7,160,161,recursive_no_basis,0.009935500012943521,285
0.7,160,161,general,1.251541699981317,285
0.7,161,162,recursive_no_basis,0.009527699992759153,285
0.7,161,162,general,1.2875016999896616,285
0.7,161,162,recursive_basis,0.039451299991924316,285
0.7,162,163,general,1.274294100003317,286
0.7,162,163,recursive_basis,0.031473100010771304,286
0.7,162,163,recursive_no_basis,0.009197300008963794,286
0.7,163,164,recursive_basis,0.03214450000086799,279
0.7,163,164,recursive_no_basis,0.009349900006782264,279
0.7,163,164,general,1.2420884000021033,279
0.7,164,165,recursive_no_basis,0.010395800025435165,274
0.7,164,165,general,1.2266664000053424,274
0.7,164,165,recursive_basis,0.04615690000355244,274
0.7,165,166,general,1.3115911999775562,290
0.7,165,166,recursive_basis,0.03179350000573322,290
0.7,165,166,recursive_no_basis,0.008967900008428842,290
0.7,166,167,recursive_basis,0.0394992999790702,278
0.7,166,167,recursive_no_basis,0.010284899995895103,278
0.7,166,167,general,1.238971800019499,278
0.7,167,168,recursive_no_basis,0.00928080000448972,293
0.7,167,168,general,1.2912852999870665,293
0.7,167,168,recursive_basis,0.03326210001250729,293
0.7,168,169,general,1.2205030000186525,273
0.7,168,169,recursive_basis,0.039918099995702505,273
0.7,168,169,recursive_no_basis,0.009179000015137717,273
0.7,169,170,recursive_basis,0.03708999999798834,289
0.7,169,170,recursive_no_basis,0.009314399998402223,289
0.7,169,170,general,1.2724967999965884,289
0.7,170,171,recursive_no_basis,0.010375799989560619,275
0.7,170,171,general,1.2216197000234388,275
0.7,170,171,recursive_basis,0.039867499988758937,275
0.7,171,172,general,1.2553894000011496,283
0.7,171,172,recursive_basis,0.03701499997987412,283
0.7,171,172,recursive_no_basis,0.009500299987848848,283
0.7,172,173,recursive_basis,0.03774870000779629,280
0.7,172,173,recursive_no_basis,0.009847900015302002,280
0.7,172,173,general,1.2329348000057507,280
0.7,173,174,recursive_no_basis,0.00951469998108223,271
0.7,173,174,general,1.1964317000238225,271
0.7,173,174,recursive_basis,0.036889899987727404,271
0.7,174,175,general,1.225719800015213,277
0.7,174,175,recursive_basis,0.04940150000038557,277
0.7,174,175,recursive_no_basis,0.010262199997669086,277
0.7,175,176,recursive_basis,0.03408460001810454,282
0.7,175,176,recursive_no_basis,0.009300400008214638,282
0.7,175,176,general,1.3617226000060327,282
0.7,176,177,recursive_no_basis,0.009513800003333017,279
0.7,176,177,general,1.248640699981479,279
0.7,176,177,recursive_basis,0.03547390000312589,279
0.7,177,178,general,1.236927599995397,277
0.7,177,178,recursive_basis,0.039073399995686486,277
0.7,177,178,recursive_no_basis,0.010394100012490526,277
0.7,178,179,recursive_basis,0.03716999999596737,289
0.7,178,179,recursive_no_basis,0.008831000013742596,289
0.7,178,179,general,1.2785364000010304,289
0.7,179,180,recursive_no_basis,0.009561199985910207,280
0.7,179,180,general,1.234243700018851,280
0.7,179,180,recursive_basis,0.03930659999605268,280
0.7,180,181,general,1.2251868000021204,278
0.7,180,181,recursive_basis,0.03328999999212101,278
0.7,180,181,recursive_no_basis,0.0092644999967888,278
0.7,181,182,recursive_basis,0.032621400023344904,279
0.7,181,182,recursive_no_basis,0.008558499976061285,279
0.7,181,182,general,1.2268584999837913,279
0.7,182,183,recursive_no_basis,0.009426400007214397,279
0.7,182,183,general,1.2301295999786817,279
0.7,182,183,recursive_basis,0.034422700002323836,279
0.7,183,184,general,1.2312821000232361,279
0.7,183,184,recursive_basis,0.0367203000059817,279
0.7,183,184,recursive_no_basis,0.009588499990059063,279
0.7,184,185,recursive_basis,0.04570879999664612,274
0.7,184,185,recursive_no_basis,0.010187000007135794,274
0.7,184,185,general,1.2315069999895059,274
0.7,185,186,recursive_no_basis,0.011059700016630813,270
0.7,185,186,general,1.2034808000025805,270
0.7,185,186,recursive_basis,0.04719620000105351,270
0.7,186,187,general,1.26818800001638,279
0.7,186,187,recursive_basis,0.03884670001571067,279
0.7,186,187,recursive_no_basis,0.009763200010638684,279
0.7,187,188,recursive_basis,0.04457070000353269,284
0.7,187,188,recursive_no_basis,0.01070910002454184,284
0.7,187,188,general,1.266125699999975,284
0.7,188,189,recursive_no_basis,0.010146799992071465,271
0.7,188,189,general,1.2218092999828514,271
0.7,188,189,recursive_basis,0.0455163000151515,271
0.7,189,190,general,1.3150706000160426,290
0.7,189,190,recursive_basis,0.03481919999467209,290
0.7,189,190,recursive_no_basis,0.00990170001750812,290
0.7,190,191,recursive_basis,0.04058569998596795,282
0.7,190,191,recursive_no_basis,0.009546899993438274,282
0.7,190,191,general,1.2732499999983702,282
0.7,191,192,recursive_no_basis,0.012450699985492975,280
0.7,191,192,general,1.3006784000026528,280
0.7,191,192,recursive_basis,0.05419979998259805,280
0.7,192,193,general,1.2894082000129856,278
0.7,192,193,recursive_basis,0.05733459998737089,278
0.7,192,193,recursive_no_basis,0.06475469999713823,278
0.7,193,194,recursive_basis,0.04176970000844449,282
0.7,193,194,recursive_no_basis,0.0261739999987185,282
0.7,193,194,general,1.310391700011678,282
0.7,194,195,recursive_no_basis,0.010306599986506626,289
0.7,194,195,general,1.3482929000165313,289
0.7,194,195,recursive_basis,0.03770580000127666,289
0.7,195,196,general,1.281973700009985,273
0.7,195,196,recursive_basis,0.051833200006512925,273
0.7,195,196,recursive_no_basis,0.01131060000625439,273
0.7,196,197,recursive_basis,0.04098680001334287,282
0.7,196,197,recursive_no_basis,0.01011950001702644,282
0.7,196,197,general,1.2769986000203062,282
0.7,197,198,recursive_no_basis,0.010734499985119328,272
0.7,197,198,general,1.2323288999905344,272
0.7,197,198,recursive_basis,0.04320100002223626,272
0.7,198,199,general,1.3049310999922454,280
0.7,198,199,recursive_basis,0.046873000013874844,280
0.7,198,199,recursive_no_basis,0.010449299996253103,280
0.7,199,200,recursive_basis,0.04134159997920506,285
0.7,199,200,recursive_no_basis,0.010528599988901988,285
0.7,199,200,general,1.3096417000051588,285
0.8,0,1,general,2.0539539999736007,414
0.8,0,1,recursive_basis,0.03600700001697987,414
0.8,0,1,recursive_no_basis,0.008403400017414242,414
0.8,1,2,recursive_basis,0.044837200024630874,412
0.8,1,2,recursive_no_basis,0.007901000004494563,412
0.8,1,2,general,2.0104938999866135,412
0.8,2,3,recursive_no_basis,0.00925550001556985,425
0.8,2,3,general,2.0686914999969304,425
0.8,2,3,recursive_basis,0.04206880001584068,425
0.8,3,4,general,2.051954199996544,413
0.8,3,4,recursive_basis,0.04674640001030639,413
0.8,3,4,recursive_no_basis,0.008950000017648563,413
0.8,4,5,recursive_basis,0.04685260000405833,409
0.8,4,5,recursive_no_basis,0.009095899993553758,409
0.8,4,5,general,1.9960000999853946,409
0.8,5,6,recursive_no_basis,0.008441000012680888,406
0.8,5,6,general,2.009914900001604,406
0.8,5,6,recursive_basis,0.043276699987472966,406
0.8,6,7,general,2.02472410001792,412
0.8,6,7,recursive_basis,0.04106969997519627,412
0.8,6,7,recursive_no_basis,0.009915899980114773,412
0.8,7,8,recursive_basis,0.08924199998728,407
0.8,7,8,recursive_no_basis,0.00861409999197349,407
0.8,7,8,general,1.989015200000722,407
0.8,8,9,recursive_no_basis,0.00865699999849312,415
0.8,8,9,general,2.073771299998043,415
0.8,8,9,recursive_basis,0.04495729997870512,415
0.8,9,10,general,2.043245700013358,410
0.8,9,10,recursive_basis,0.04383749997941777,410
0.8,9,10,recursive_no_basis,0.00890600000275299,410
0.8,10,11,recursive_basis,0.04766080001718365,409
0.8,10,11,recursive_no_basis,0.008813199994619936,409
0.8,10,11,general,1.9995386000082362,409
0.8,11,12,recursive_no_basis,0.009552699979394674,408
0.8,11,12,general,2.0030351000023074,408
0.8,11,12,recursive_basis,0.04242110002087429,408
0.8,12,13,general,2.0231520000088494,416
0.8,12,13,recursive_basis,0.042742199992062524,416
0.8,12,13,recursive_no_basis,0.008087100024567917,416
0.8,13,14,recursive_basis,0.04310439998516813,410
0.8,13,14,recursive_no_basis,0.008517300011590123,410
0.8,13,14,general,2.0244621000019833,410
0.8,14,15,recursive_no_basis,0.009621099976357073,406
0.8,14,15,general,1.9834414000215475,406
0.8,14,15,recursive_basis,0.04843550000805408,406
0.8,15,16,general,1.9996401999960653,413
0.8,15,16,recursive_basis,0.04213549999985844,413
0.8,15,16,recursive_no_basis,0.007990899990545586,413
0.8,16,17,recursive_basis,0.04196460000821389,407
0.8,16,17,recursive_no_basis,0.008444899984169751,407
0.8,16,17,general,1.9585704999917652,407
0.8,17,18,recursive_no_basis,0.011956800008192658,405
0.8,17,18,general,2.0509775999817066,405
0.8,17,18,recursive_basis,0.0731921999831684,405
0.8,18,19,general,1.9959258000017144,409
0.8,18,19,recursive_basis,0.0420540000195615,409
0.8,18,19,recursive_no_basis,0.008787700004177168,409
0.8,19,20,recursive_basis,0.039348999998765066,414
0.8,19,20,recursive_no_basis,0.007619599986355752,414
0.8,19,20,general,2.0082505000173114,414
0.8,20,21,recursive_no_basis,0.008808400016278028,409
0.8,20,21,general,1.9829806000052486,409
0.8,20,21,recursive_basis,0.04813420001300983,409
0.8,21,22,general,2.0022949000122026,405
0.8,21,22,recursive_basis,0.04778180000721477,405
0.8,21,22,recursive_no_basis,0.008460999990347773,405
0.8,22,23,recursive_basis,0.04681749999872409,405
0.8,22,23,recursive_no_basis,0.010344200010877103,405
0.8,22,23,general,1.9670177999942098,405
0.8,23,24,recursive_no_basis,0.007526700006565079,419
0.8,23,24,general,2.0384791000105906,419
0.8,23,24,recursive_basis,0.04230410000309348,419
0.8,24,25,general,2.0417471999826375,418
0.8,24,25,recursive_basis,0.04198969999561086,418
0.8,24,25,recursive_no_basis,0.008131699985824525,418
0.8,25,26,recursive_basis,0.05097310000564903,401
0.8,25,26,recursive_no_basis,0.00974460001452826,401
0.8,25,26,general,1.9287361000024248,401
0.8,26,27,recursive_no_basis,0.007949599996209145,408
0.8,26,27,general,2.0167850000143517,408
0.8,26,27,recursive_basis,0.04613229999085888,408
0.8,27,28,general,2.00769020000007,404
0.8,27,28,recursive_basis,0.04204050000407733,404
0.8,27,28,recursive_no_basis,0.008695900003658608,404
0.8,28,29,recursive_basis,0.045714100007899106,407
0.8,28,29,recursive_no_basis,0.008604500006185845,407
0.8,28,29,general,2.0145355999993626,407
0.8,29,30,recursive_no_basis,0.00822000001790002,407
0.8,29,30,general,1.9593211000028532,407
0.8,29,30,recursive_basis,0.042039899999508634,407
0.8,30,31,general,2.0108495999884326,407
0.8,30,31,recursive_basis,0.04452659998787567,407
0.8,30,31,recursive_no_basis,0.009026200015796348,407
0.8,31,32,recursive_basis,0.04297089998726733,410
0.8,31,32,recursive_no_basis,0.010071800003061071,410
0.8,31,32,general,2.0088666999945417,410
0.8,32,33,recursive_no_basis,0.009160500019788742,409
0.8,32,33,general,1.9984664999938104,409
0.8,32,33,recursive_basis,0.04413690001820214,409
0.8,33,34,general,2.000607200025115,408
0.8,33,34,recursive_basis,0.03980620001675561,408
0.8,33,34,recursive_no_basis,0.007914499990874901,408
0.8,34,35,recursive_basis,0.04186089997529052,415
0.8,34,35,recursive_no_basis,0.008086300018476322,415
0.8,34,35,general,2.0199897999991663,415
0.8,35,36,recursive_no_basis,0.01258769998094067,411
0.8,35,36,general,1.9951052000105847,411
0.8,35,36,recursive_basis,0.06032829999458045,411
0.8,36,37,general,1.980324699979974,406
0.8,36,37,recursive_basis,0.04595359999802895,406
0.8,36,37,recursive_no_basis,0.008520100003806874,406
0.8,37,38,recursive_basis,0.04331299997284077,404
0.8,37,38,recursive_no_basis,0.009659200004534796,404
0.8,37,38,general,1.966555499995593,404
0.8,38,39,recursive_no_basis,0.008541099989088252,405
0.8,38,39,general,1.9557386999949813,405
0.8,38,39,recursive_basis,0.044640000007348135,405
0.8,39,40,general,1.9335897999990266,401
0.8,39,40,recursive_basis,0.04832229999010451,401
0.8,39,40,recursive_no_basis,0.008266999997431412,401
0.8,40,41,recursive_basis,0.04083619997254573,412
0.8,40,41,recursive_no_basis,0.008379399980185553,412
0.8,40,41,general,1.9797245999798179,412
0.8,41,42,recursive_no_basis,0.007645300007425249,413
0.8,41,42,general,1.9907219000160694,413
0.8,41,42,recursive_basis,0.04082840000046417,413
0.8,42,43,general,1.9226025000098161,401
0.8,42,43,recursive_basis,0.04893119999906048,401
0.8,42,43,recursive_no_basis,0.008463500009384006,401
0.8,43,44,recursive_basis,0.04155049999826588,412
0.8,43,44,recursive_no_basis,0.008188099978724495,412
0.8,43,44,general,2.089199700014433,412
0.8,44,45,recursive_no_basis,0.008570100006181747,408
0.8,44,45,general,1.9956366999831516,408
0.8,44,45,recursive_basis,0.044389599992427975,408
0.8,45,46,general,2.1951153999834787,413
0.8,45,46,recursive_basis,0.059645600005751476,413
0.8,45,46,recursive_no_basis,0.010531600011745468,413
0.8,46,47,recursive_basis,0.055504599993582815,408
0.8,46,47,recursive_no_basis,0.01191510001081042,408
0.8,46,47,general,2.6133312999736518,408
0.8,47,48,recursive_no_basis,0.008431299997027963,411
0.8,47,48,general,2.6927504999912344,411
0.8,47,48,recursive_basis,0.050767900014761835,411
0.8,48,49,general,2.627986699983012,404
0.8,48,49,recursive_basis,0.05998900000122376,404
0.8,48,49,recursive_no_basis,0.010745000006863847,404
0.8,49,50,recursive_basis,0.06996110000181943,411
0.8,49,50,recursive_no_basis,0.009872399998130277,411
0.8,49,50,general,2.4759086999983992,411
0.8,50,51,recursive_no_basis,0.011435699998401105,401
0.8,50,51,general,2.4267422999837436,401
0.8,50,51,recursive_basis,0.055696000024909154,401
0.8,51,52,general,2.3943380000127945,411
0.8,51,52,recursive_basis,0.06221129998448305,411
0.8,51,52,recursive_no_basis,0.014920299989171326,411
0.8,52,53,recursive_basis,0.0938793999957852,407
0.8,52,53,recursive_no_basis,0.01973359999828972,407
0.8,52,53,general,2.4921057999890763,407
0.8,53,54,recursive_no_basis,0.01601160000427626,407
0.8,53,54,general,2.4027577999804635,407
0.8,53,54,recursive_basis,0.08186850001220591,407
0.8,54,55,general,2.5045509000192396,421
0.8,54,55,recursive_basis,0.053793400002177805,421
0.8,54,55,recursive_no_basis,0.00870299999951385,421
0.8,55,56,recursive_basis,0.05820460000541061,414
0.8,55,56,recursive_no_basis,0.012319799978286028,414
0.8,55,56,general,2.5421310999954585,414
0.8,56,57,recursive_no_basis,0.008945599984144792,414
0.8,56,57,general,2.4587746000033803,414
0.8,56,57,recursive_basis,0.06306980000226758,414
0.8,57,58,general,2.490955999994185,404
0.8,57,58,recursive_basis,0.06660039999405853,404
0.8,57,58,recursive_no_basis,0.013343599974177778,404
0.8,58,59,recursive_basis,0.06663009998737834,403
0.8,58,59,recursive_no_basis,0.013303699990501627,403
0.8,58,59,general,2.3462238000065554,403
0.8,59,60,recursive_no_basis,0.015094100002897903,400
0.8,59,60,general,2.444316399982199,400
0.8,59,60,recursive_basis,0.09733349998714402,400
0.8,60,61,general,2.4283597999892663,416
0.8,60,61,recursive_basis,0.05380009999498725,416
0.8,60,61,recursive_no_basis,0.010358200001064688,416
0.8,61,62,recursive_basis,0.05584339998313226,407
0.8,61,62,recursive_no_basis,0.0109177999838721,407
0.8,61,62,general,2.3782849999843165,407
0.8,62,63,recursive_no_basis,0.008284399984404445,414
0.8,62,63,general,2.4008078000042588,414
0.8,62,63,recursive_basis,0.04952130001038313,414
0.8,63,64,general,2.423662300017895,404
0.8,63,64,recursive_basis,0.059416200005216524,404
0.8,63,64,recursive_no_basis,0.010468599997693673,404
0.8,64,65,recursive_basis,0.05433459999039769,405
0.8,64,65,recursive_no_basis,0.008789099985733628,405
0.8,64,65,general,2.318277499987744,405
0.8,65,66,recursive_no_basis,0.009129899990512058,414
0.8,65,66,general,2.4672552999982145,414
0.8,65,66,recursive_basis,0.06541009998181835,414
0.8,66,67,general,2.299084699974628,398
0.8,66,67,recursive_basis,0.06186129999696277,398
0.8,66,67,recursive_no_basis,0.011660100019071251,398
0.8,67,68,recursive_basis,0.05596490000607446,404
0.8,67,68,recursive_no_basis,0.012955299986060709,404
0.8,67,68,general,2.3438518999901135,404
0.8,68,69,recursive_no_basis,0.010005499992985278,408
0.8,68,69,general,2.3606910000089556,408
0.8,68,69,recursive_basis,0.062262299994472414,408
0.8,69,70,general,2.4750136000220664,406
0.8,69,70,recursive_basis,0.050377000006847084,406
0.8,69,70,recursive_no_basis,0.012019899993902072,406
0.8,70,71,recursive_basis,0.07548790000146255,416
0.8,70,71,recursive_no_basis,0.016501500009326264,416
0.8,70,71,general,2.4339325000182725,416
0.8,71,72,recursive_no_basis,0.009364199999254197,416
0.8,71,72,general,2.5546639999956824,416
0.8,71,72,recursive_basis,0.05346060000010766,416
0.8,72,73,general,2.4903943999961484,414
0.8,72,73,recursive_basis,0.05695709999417886,414
0.8,72,73,recursive_no_basis,0.012656700011575595,414
0.8,73,74,recursive_basis,0.04767690002336167,408
0.8,73,74,recursive_no_basis,0.009153999999398366,408
0.8,73,74,general,2.4725622000114527,408
0.8,74,75,recursive_no_basis,0.009902899997541681,409
0.8,74,75,general,2.4619623000035062,409
0.8,74,75,recursive_basis,0.05365810001967475,409
0.8,75,76,general,2.354203500028234,400
0.8,75,76,recursive_basis,0.06584819999989122,400
0.8,75,76,recursive_no_basis,0.013502499990863726,400
0.8,76,77,recursive_basis,0.05455450000590645,420
0.8,76,77,recursive_no_basis,0.009776399994734675,420
0.8,76,77,general,2.52586799999699,420
0.8,77,78,recursive_no_basis,0.008520900009898469,415
0.8,77,78,general,2.5090958999935538,415
0.8,77,78,recursive_basis,0.055448099999921396,415
0.8,78,79,general,2.3903809000039473,414
0.8,78,79,recursive_basis,0.055639500002143905,414
0.8,78,79,recursive_no_basis,0.009385300014400855,414
0.8,79,80,recursive_basis,0.05661159998271614,408
0.8,79,80,recursive_no_basis,0.010521699994569644,408
0.8,79,80,general,2.369932300003711,408
0.8,80,81,recursive_no_basis,0.010839599999599159,410
0.8,80,81,general,2.4177199999976438,410
0.8,80,81,recursive_basis,0.05353469998226501,410
0.8,81,82,general,2.527532299980521,417
0.8,81,82,recursive_basis,0.05273140000645071,417
0.8,81,82,recursive_no_basis,0.00988509997841902,417
0.8,82,83,recursive_basis,0.05991319997701794,406
0.8,82,83,recursive_no_basis,0.009694399981526658,406
0.8,82,83,general,2.3809869999822695,406
0.8,83,84,recursive_no_basis,0.010619900014717132,415
0.8,83,84,general,2.5370411000039894,415
0.8,83,84,recursive_basis,0.06210619999910705,415
0.8,84,85,general,2.4288183000171557,424
0.8,84,85,recursive_basis,0.055942999984836206,424
0.8,84,85,recursive_no_basis,0.011675600020680577,424
0.8,85,86,recursive_basis,0.05649220000486821,411
0.8,85,86,recursive_no_basis,0.00951780000468716,411
0.8,85,86,general,2.5471981999871787,411
0.8,86,87,recursive_no_basis,0.011837099998956546,400
0.8,86,87,general,2.3266366999887396,400
0.8,86,87,recursive_basis,0.05447239999193698,400
0.8,87,88,general,2.43572160002077,410
0.8,87,88,recursive_basis,0.07387290001497604,410
0.8,87,88,recursive_no_basis,0.013581100007286295,410
0.8,88,89,recursive_basis,0.06174130001454614,413
0.8,88,89,recursive_no_basis,0.013378300005570054,413
0.8,88,89,general,2.442441499995766,413
0.8,89,90,recursive_no_basis,0.011714899999788031,405
0.8,89,90,general,2.455339600011939,405
0.8,89,90,recursive_basis,0.05793039998388849,405
0.8,90,91,general,2.4174480000219774,409
0.8,90,91,recursive_basis,0.05839910000213422,409
0.8,90,91,recursive_no_basis,0.012440199992852286,409
0.8,91,92,recursive_basis,0.05363680000300519,405
0.8,91,92,recursive_no_basis,0.01190770001267083,405
0.8,91,92,general,2.3888895999989472,405
0.8,92,93,recursive_no_basis,0.012220700009493157,411
0.8,92,93,general,2.5823085999873,411
0.8,92,93,recursive_basis,0.0545943999895826,411
0.8,93,94,general,2.1640757999848574,403
0.8,93,94,recursive_basis,0.04323579999618232,403
0.8,93,94,recursive_no_basis,0.008060499996645376,403
0.8,94,95,recursive_basis,0.042907800001557916,405
0.8,94,95,recursive_no_basis,0.008471400011330843,405
0.8,94,95,general,1.9676587999856565,405
0.8,95,96,recursive_no_basis,0.009075300011318177,412
0.8,95,96,general,2.0369376999733504,412
0.8,95,96,recursive_basis,0.0460181999951601,412
0.8,96,97,general,2.0285887000209186,402
0.8,96,97,recursive_basis,0.05069770000409335,402
0.8,96,97,recursive_no_basis,0.00952809999580495,402
0.8,97,98,recursive_basis,0.04964020001352765,411
0.8,97,98,recursive_no_basis,0.010090399999171495,411
0.8,97,98,general,2.0534664999868255,411
0.8,98,99,recursive_no_basis,0.008755199989536777,405
0.8,98,99,general,2.0739734999951907,405
0.8,98,99,recursive_basis,0.0474767999839969,405
0.8,99,100,general,2.0895624999830034,408
0.8,99,100,recursive_basis,0.05129810000653379,408
0.8,99,100,recursive_no_basis,0.010111700015841052,408
0.8,100,101,recursive_basis,0.04156240000156686,411
0.8,100,101,recursive_no_basis,0.008297799999127164,411
0.8,100,101,general,1.9899197999911848,411
0.8,101,102,recursive_no_basis,0.008918900013668463,402
0.8,101,102,general,1.9468597999948543,402
0.8,101,102,recursive_basis,0.04908090000390075,402
0.8,102,103,general,1.9784969000029378,409
0.8,102,103,recursive_basis,0.05752279999433085,409
0.8,102,103,recursive_no_basis,0.012159400008386001,409
0.8,103,104,recursive_basis,0.045523099979618564,413
0.8,103,104,recursive_no_basis,0.008694999996805564,413
0.8,103,104,general,1.9854664000158664,413
0.8,104,105,recursive_no_basis,0.009519600018393248,400
0.8,104,105,general,1.9357739000115544,400
0.8,104,105,recursive_basis,0.06368449999717996,400
0.8,105,106,general,2.06223010001122,409
0.8,105,106,recursive_basis,0.05147800000850111,409
0.8,105,106,recursive_no_basis,0.010525899997446686,409
0.8,106,107,recursive_basis,0.04652929998701438,404
0.8,106,107,recursive_no_basis,0.009277200006181374,404
0.8,106,107,general,1.965243000013288,404
0.8,107,108,recursive_no_basis,0.00807319997693412,406
0.8,107,108,general,1.9720914000063203,406
0.8,107,108,recursive_basis,0.04659009998431429,406
0.8,108,109,general,1.9890556000173092,403
0.8,108,109,recursive_basis,0.04619400002411567,403
0.8,108,109,recursive_no_basis,0.008367000002181157,403
0.8,109,110,recursive_basis,0.045339200005400926,414
0.8,109,110,recursive_no_basis,0.008465599996270612,414
0.8,109,110,general,1.999966899980791,414
0.8,110,111,recursive_no_basis,0.008396099990932271,400
0.8,110,111,general,1.9304441999993287,400
0.8,110,111,recursive_basis,0.04674330001580529,400
0.8,111,112,general,1.9439911999797914,404
0.8,111,112,recursive_basis,0.041158299980452284,404
0.8,111,112,recursive_no_basis,0.008141700003761798,404
0.8,112,113,recursive_basis,0.039895699999760836,408
0.8,112,113,recursive_no_basis,0.008089299983112141,408
0.8,112,113,general,2.0101322999980766,408
0.8,113,114,recursive_no_basis,0.008442500024102628,413
0.8,113,114,general,2.052928500022972,413
0.8,113,114,recursive_basis,0.044749699998646975,413
0.8,114,115,general,2.0179648000048473,409
0.8,114,115,recursive_basis,0.046126200002618134,409
0.8,114,115,recursive_no_basis,0.009302199992816895,409
0.8,115,116,recursive_basis,0.043365999998059124,407
0.8,115,116,recursive_no_basis,0.008822699979646131,407
0.8,115,116,general,1.9583960000018124,407
0.8,116,117,recursive_no_basis,0.008533400017768145,403
0.8,116,117,general,1.9418252000177745,403
0.8,116,117,recursive_basis,0.04203770001186058,403
0.8,117,118,general,2.020515099982731,409
0.8,117,118,recursive_basis,0.04215439999825321,409
0.8,117,118,recursive_no_basis,0.009084500023163855,409
0.8,118,119,recursive_basis,0.042207200021948665,407
0.8,118,119,recursive_no_basis,0.007933099986985326,407
0.8,118,119,general,1.9782588999951258,407
0.8,119,120,recursive_no_basis,0.008819699985906482,410
0.8,119,120,general,2.0715691999939736,410
0.8,119,120,recursive_basis,0.04791190000833012,410
0.8,120,121,general,2.0242269999871496,410
0.8,120,121,recursive_basis,0.049612400005571544,410
0.8,120,121,recursive_no_basis,0.00884970001061447,410
0.8,121,122,recursive_basis,0.04776990000391379,410
0.8,121,122,recursive_no_basis,0.00831470001139678,410
0.8,121,122,general,2.0440799000207335,410
0.8,122,123,recursive_no_basis,0.009866400010650977,407
0.8,122,123,general,1.976824300014414,407
0.8,122,123,recursive_basis,0.04731069999979809,407
0.8,123,124,general,2.0775002000154927,412
0.8,123,124,recursive_basis,0.04649300000164658,412
0.8,123,124,recursive_no_basis,0.008500899974023923,412
0.8,124,125,recursive_basis,0.046041699999477714,402
0.8,124,125,recursive_no_basis,0.008345000009285286,402
0.8,124,125,general,2.040781400020933,402
0.8,125,126,recursive_no_basis,0.007974700012709945,404
0.8,125,126,general,2.057678399985889,404
0.8,125,126,recursive_basis,0.04449420000310056,404
0.8,126,127,general,1.9837210999976378,406
0.8,126,127,recursive_basis,0.04195009998511523,406
0.8,126,127,recursive_no_basis,0.008587899996200576,406
0.8,127,128,recursive_basis,0.04270530000212602,404
0.8,127,128,recursive_no_basis,0.008507499995175749,404
0.8,127,128,general,2.003638599999249,404
0.8,128,129,recursive_no_basis,0.007872099988162518,409
0.8,128,129,general,2.0525976000062656,409
0.8,128,129,recursive_basis,0.04388020001351833,409
0.8,129,130,general,1.9914792999916244,407
0.8,129,130,recursive_basis,0.04529419998289086,407
0.8,129,130,recursive_no_basis,0.00822869999683462,407
0.8,130,131,recursive_basis,0.045150999998440966,413
0.8,130,131,recursive_no_basis,0.009618999989470467,413
0.8,130,131,general,2.1088126999966335,413
0.8,131,132,recursive_no_basis,0.007565400010207668,410
0.8,131,132,general,2.1174583999963943,410
0.8,131,132,recursive_basis,0.04222299999673851,410
0.8,132,133,general,2.0040663999971002,411
0.8,132,133,recursive_basis,0.04058220001752488,411
0.8,132,133,recursive_no_basis,0.007970200007548556,411
0.8,133,134,recursive_basis,0.048918900021817535,395
0.8,133,134,recursive_no_basis,0.009302800026489422,395
0.8,133,134,general,1.9447324000066146,395
0.8,134,135,recursive_no_basis,0.008420199999818578,412
0.8,134,135,general,1.9921134000178427,412
0.8,134,135,recursive_basis,0.04527020000386983,412
0.8,135,136,general,2.092750099982368,411
0.8,135,136,recursive_basis,0.04413449999992736,411
0.8,135,136,recursive_no_basis,0.009137399989413098,411
0.8,136,137,recursive_basis,0.045210400014184415,413
0.8,136,137,recursive_no_basis,0.008871700003510341,413
0.8,136,137,general,2.08619489998091,413
0.8,137,138,recursive_no_basis,0.008231200015870854,408
0.8,137,138,general,2.012348499993095,408
0.8,137,138,recursive_basis,0.04763359998469241,408
0.8,138,139,general,2.0293355000030715,410
0.8,138,139,recursive_basis,0.04406839999137446,410
0.8,138,139,recursive_no_basis,0.008030000026337802,410
0.8,139,140,recursive_basis,0.05582649999996647,420
0.8,139,140,recursive_no_basis,0.011400499992305413,420
0.8,139,140,general,2.0836979000014253,420
0.8,140,141,recursive_no_basis,0.010637300001690164,411
0.8,140,141,general,2.0112896999926306,411
0.8,140,141,recursive_basis,0.05910370001220144,411
0.8,141,142,general,2.019118800002616,402
0.8,141,142,recursive_basis,0.04894370000693016,402
0.8,141,142,recursive_no_basis,0.008507599995937198,402
0.8,142,143,recursive_basis,0.04782209999393672,414
0.8,142,143,recursive_no_basis,0.009353600005852059,414
0.8,142,143,general,2.087013999989722,414
0.8,143,144,recursive_no_basis,0.009456300002057105,407
0.8,143,144,general,1.9709363000001758,407
0.8,143,144,recursive_basis,0.04892150001251139,407
0.8,144,145,general,1.97537729999749,412
0.8,144,145,recursive_basis,0.03964649999397807,412
0.8,144,145,recursive_no_basis,0.008404899999732152,412
0.8,145,146,recursive_basis,0.04020069999387488,413
0.8,145,146,recursive_no_basis,0.008644699992146343,413
0.8,145,146,general,2.0028772999939974,413
0.8,146,147,recursive_no_basis,0.009657700022216886,404
0.8,146,147,general,1.962364000006346,404
0.8,146,147,recursive_basis,0.06220660000690259,404
0.8,147,148,general,1.9915997000061907,412
0.8,147,148,recursive_basis,0.04248179998830892,412
0.8,147,148,recursive_no_basis,0.0080422000028193,412
0.8,148,149,recursive_basis,0.04267629998503253,410
0.8,148,149,recursive_no_basis,0.007922299992060289,410
0.8,148,149,general,2.0053792000107933,410
0.8,149,150,recursive_no_basis,0.01227500001550652,408
0.8,149,150,general,1.9537639000045601,408
0.8,149,150,recursive_basis,0.06225749998702668,408
0.8,150,151,general,1.9800825999991503,414
0.8,150,151,recursive_basis,0.04292820001137443,414
0.8,150,151,recursive_no_basis,0.008331299992278218,414
0.8,151,152,recursive_basis,0.03885780001292005,406
0.8,151,152,recursive_no_basis,0.00789259999874048,406
0.8,151,152,general,1.9409389999927953,406
0.8,152,153,recursive_no_basis,0.008325600007083267,409
0.8,152,153,general,1.959001499984879,409
0.8,152,153,recursive_basis,0.04422720000729896,409
0.8,153,154,general,1.9570607999921776,408
0.8,153,154,recursive_basis,0.047936699993442744,408
0.8,153,154,recursive_no_basis,0.00932230000034906,408
0.8,154,155,recursive_basis,0.09179959999164566,403
0.8,154,155,recursive_no_basis,0.008206200000131503,403
0.8,154,155,general,1.9787316000147257,403
0.8,155,156,recursive_no_basis,0.00839030000497587,406
0.8,155,156,general,2.077597199997399,406
0.8,155,156,recursive_basis,0.03874540000106208,406
0.8,156,157,general,1.982848500018008,409
0.8,156,157,recursive_basis,0.045674199995119125,409
0.8,156,157,recursive_no_basis,0.007804699998814613,409
0.8,157,158,recursive_basis,0.04084059997694567,407
0.8,157,158,recursive_no_basis,0.00865109998267144,407
0.8,157,158,general,1.9679661999980453,407
0.8,158,159,recursive_no_basis,0.008047799987252802,415
0.8,158,159,general,2.0211892999941483,415
0.8,158,159,recursive_basis,0.038673699978971854,415
0.8,159,160,general,1.9774457000021357,408
0.8,159,160,recursive_basis,0.04567620001034811,408
0.8,159,160,recursive_no_basis,0.008936199999880046,408
0.8,160,161,recursive_basis,0.04185359997791238,406
0.8,160,161,recursive_no_basis,0.008076500002061948,406
0.8,160,161,general,1.9516585000092164,406
0.8,161,162,recursive_no_basis,0.009453000006033108,416
0.8,161,162,general,2.0463456000143196,416
0.8,161,162,recursive_basis,0.04534129999228753,416
0.8,162,163,general,2.010205299971858,414
0.8,162,163,recursive_basis,0.04461059998720884,414
0.8,162,163,recursive_no_basis,0.00772810002672486,414
0.8,163,164,recursive_basis,0.04546739999204874,409
0.8,163,164,recursive_no_basis,0.009644899982959032,409
0.8,163,164,general,1.9944984000176191,409
0.8,164,165,recursive_no_basis,0.008550800004741177,409
0.8,164,165,general,2.069667500007199,409
0.8,164,165,recursive_basis,0.047105600009672344,409
0.8,165,166,general,2.1271717000054196,416
0.8,165,166,recursive_basis,0.04443499998888001,416
0.8,165,166,recursive_no_basis,0.009566199994878843,416
0.8,166,167,recursive_basis,0.04693099998985417,410
0.8,166,167,recursive_no_basis,0.010130000009667128,410
0.8,166,167,general,2.4793656000110786,410
0.8,167,168,recursive_no_basis,0.01108830000157468,417
0.8,167,168,general,2.5213271000247914,417
0.8,167,168,recursive_basis,0.05869640002492815,417
0.8,168,169,general,2.371771300007822,406
0.8,168,169,recursive_basis,0.06738380002207123,406
0.8,168,169,recursive_no_basis,0.012096899998141453,406
0.8,169,170,recursive_basis,0.059971699985908344,409
0.8,169,170,recursive_no_basis,0.010358300001826137,409
0.8,169,170,general,2.4351900000183377,409
0.8,170,171,recursive_no_basis,0.009562099992763251,405
0.8,170,171,general,2.033614400017541,405
0.8,170,171,recursive_basis,0.04925919999368489,405
0.8,171,172,general,1.98259660002077,408
0.8,171,172,recursive_basis,0.04532790000666864,408
0.8,171,172,recursive_no_basis,0.00824939997983165,408
0.8,172,173,recursive_basis,0.04067449999274686,411
0.8,172,173,recursive_no_basis,0.008226599980844185,411
0.8,172,173,general,1.9927331999933813,411
0.8,173,174,recursive_no_basis,0.007915399997727945,402
0.8,173,174,general,1.9455258000234608,402
0.8,173,174,recursive_basis,0.04278590000467375,402
0.8,174,175,general,1.9813511999964248,410
0.8,174,175,recursive_basis,0.04178739999770187,410
0.8,174,175,recursive_no_basis,0.009170699981041253,410
0.8,175,176,recursive_basis,0.06238730001496151,411
0.8,175,176,recursive_no_basis,0.012844900018535554,411
0.8,175,176,general,1.9822453999950085,411
0.8,176,177,recursive_no_basis,0.008207900013076141,407
0.8,176,177,general,1.9653833000047598,407
0.8,176,177,recursive_basis,0.04962900001555681,407
0.8,177,178,general,2.0307305999740493,408
0.8,177,178,recursive_basis,0.05110769998282194,408
0.8,177,178,recursive_no_basis,0.010498999996343628,408
0.8,178,179,recursive_basis,0.04363759999978356,411
0.8,178,179,recursive_no_basis,0.00785409999662079,411
0.8,178,179,general,1.9815142000152264,411
0.8,179,180,recursive_no_basis,0.009289900015573949,408
0.8,179,180,general,1.9657430999795906,408
0.8,179,180,recursive_basis,0.04655759999877773,408
0.8,180,181,general,1.9859949000237975,407
0.8,180,181,recursive_basis,0.05113449998316355,407
0.8,180,181,recursive_no_basis,0.009412000013981014,407
0.8,181,182,recursive_basis,0.04284009998082183,396
0.8,181,182,recursive_no_basis,0.007788500020978972,396
0.8,181,182,general,1.9063414999982342,396
0.8,182,183,recursive_no_basis,0.008937300008255988,412
0.8,182,183,general,1.9840728999988642,412
0.8,182,183,recursive_basis,0.04345150000881404,412
0.8,183,184,general,1.996154699998442,413
0.8,183,184,recursive_basis,0.04402160001336597,413
0.8,183,184,recursive_no_basis,0.00895920000039041,413
0.8,184,185,recursive_basis,0.04527020000386983,410
0.8,184,185,recursive_no_basis,0.008598999993409961,410
0.8,184,185,general,1.9712065999920014,410
0.8,185,186,recursive_no_basis,0.00888959999429062,407
0.8,185,186,general,1.9652470999862999,407
0.8,185,186,recursive_basis,0.04491499997675419,407
0.8,186,187,general,1.9806601000018418,409
0.8,186,187,recursive_basis,0.04202739999163896,409
0.8,186,187,recursive_no_basis,0.008114099997328594,409
0.8,187,188,recursive_basis,0.04513079999014735,409
0.8,187,188,recursive_no_basis,0.008334200014360249,409
0.8,187,188,general,1.973662600008538,409
0.8,188,189,recursive_no_basis,0.010204799997154623,402
0.8,188,189,general,1.9826344999892171,402
0.8,188,189,recursive_basis,0.047893700015265495,402
0.8,189,190,general,1.989486999984365,413
0.8,189,190,recursive_basis,0.044096400000853464,413
0.8,189,190,recursive_no_basis,0.008585700008552521,413
0.8,190,191,recursive_basis,0.042537800007266924,409
0.8,190,191,recursive_no_basis,0.008411999995587394,409
0.8,190,191,general,1.9863064000091981,409
0.8,191,192,recursive_no_basis,0.012074400001438335,416
0.8,191,192,general,2.016473399999086,416
0.8,191,192,recursive_basis,0.06011630001012236,416
0.8,192,193,general,2.05633220000891,422
0.8,192,193,recursive_basis,0.04245129998889752,422
0.8,192,193,recursive_no_basis,0.008857300010276958,422
0.8,193,194,recursive_basis,0.05368419998558238,409
0.8,193,194,recursive_no_basis,0.011196799983736128,409
0.8,193,194,general,1.974716199998511,409
0.8,194,195,recursive_no_basis,0.00853099999949336,406
0.8,194,195,general,1.9613538999983575,406
0.8,194,195,recursive_basis,0.04273980000289157,406
0.8,195,196,general,2.0065118000202347,414
0.8,195,196,recursive_basis,0.04376540001248941,414
0.8,195,196,recursive_no_basis,0.009420399990631267,414
0.8,196,197,recursive_basis,0.04500179999740794,415
0.8,196,197,recursive_no_basis,0.009748199983732775,415
0.8,196,197,general,2.00553029999719,415
0.8,197,198,recursive_no_basis,0.007386499986751005,410
0.8,197,198,general,2.056809300003806,410
0.8,197,198,recursive_basis,0.041673800005810335,410
0.8,198,199,general,2.004551599995466,414
0.8,198,199,recursive_basis,0.040767099999357015,414
0.8,198,199,recursive_no_basis,0.008444200007943437,414
0.8,199,200,recursive_basis,0.040847299998858944,413
0.8,199,200,recursive_no_basis,0.008143400016706437,413
0.8,199,200,general,2.0466045000066515,413
0.9,0,1,general,3.0252598999941256,560
0.9,0,1,recursive_basis,0.048170599999139085,560
0.9,0,1,recursive_no_basis,0.006469199986895546,560
0.9,1,2,recursive_basis,0.04949130001477897,561
0.9,1,2,recursive_no_basis,0.007275500014657155,561
0.9,1,2,general,3.092042099975515,561
0.9,2,3,recursive_no_basis,0.0065048999967984855,564
0.9,2,3,general,3.0474637000006624,564
0.9,2,3,recursive_basis,0.04686909998417832,564
0.9,3,4,general,3.045176200015703,562
0.9,3,4,recursive_basis,0.05022969999117777,562
0.9,3,4,recursive_no_basis,0.006746599974576384,562
0.9,4,5,recursive_basis,0.04914660000940785,559
0.9,4,5,recursive_no_basis,0.006701900012558326,559
0.9,4,5,general,3.0861147999821696,559
0.9,5,6,recursive_no_basis,0.007294400013051927,557
0.9,5,6,general,3.162123900023289,557
0.9,5,6,recursive_basis,0.051107200008118525,557
0.9,6,7,general,3.1137961999920662,562
0.9,6,7,recursive_basis,0.05972809999366291,562
0.9,6,7,recursive_no_basis,0.007941999996546656,562
0.9,7,8,recursive_basis,0.050450999988242984,556
0.9,7,8,recursive_no_basis,0.008128799992846325,556
0.9,7,8,general,3.4039686999749392,556
0.9,8,9,recursive_no_basis,0.007619099982548505,561
0.9,8,9,general,4.154132399999071,561
0.9,8,9,recursive_basis,0.06835929999942891,561
0.9,9,10,general,3.42691979999654,562
0.9,9,10,recursive_basis,0.048646500014001504,562
0.9,9,10,recursive_no_basis,0.007297400006791577,562
0.9,10,11,recursive_basis,0.05205870000645518,564
0.9,10,11,recursive_no_basis,0.0075496000063139945,564
0.9,10,11,general,3.118720200000098,564
0.9,11,12,recursive_no_basis,0.006887099996674806,559
0.9,11,12,general,3.2008452999871224,559
0.9,11,12,recursive_basis,0.0498350000125356,559
0.9,12,13,general,3.1031045999843627,562
0.9,12,13,recursive_basis,0.051715999987209216,562
0.9,12,13,recursive_no_basis,0.006512700027087703,562
0.9,13,14,recursive_basis,0.05287360001238994,559
0.9,13,14,recursive_no_basis,0.008784300007391721,559
0.9,13,14,general,3.1069806000159588,559
0.9,14,15,recursive_no_basis,0.007306899991817772,559
0.9,14,15,general,3.0173886000120547,559
0.9,14,15,recursive_basis,0.04851779999444261,559
0.9,15,16,general,3.063997699995525,557
0.9,15,16,recursive_basis,0.05530219999491237,557
0.9,15,16,recursive_no_basis,0.008078699989710003,557
0.9,16,17,recursive_basis,0.046290700003737584,562
0.9,16,17,recursive_no_basis,0.006678899982944131,562
0.9,16,17,general,3.043510299990885,562
0.9,17,18,recursive_no_basis,0.006675699987681583,560
0.9,17,18,general,3.008136699994793,560
0.9,17,18,recursive_basis,0.05021699998178519,560
0.9,18,19,general,3.170933099987451,561
0.9,18,19,recursive_basis,0.05219429999124259,561
0.9,18,19,recursive_no_basis,0.006479400006355718,561
0.9,19,20,recursive_basis,0.049143999989610165,560
0.9,19,20,recursive_no_basis,0.0076929000206291676,560
0.9,19,20,general,3.048407900001621,560
0.9,20,21,recursive_no_basis,0.007110900012776256,557
0.9,20,21,general,2.997533099987777,557
0.9,20,21,recursive_basis,0.05276019999291748,557
0.9,21,22,general,3.0464764999924228,555
0.9,21,22,recursive_basis,0.04979779999121092,555
0.9,21,22,recursive_no_basis,0.007392800005618483,555
0.9,22,23,recursive_basis,0.04755630000727251,560
0.9,22,23,recursive_no_basis,0.006820500013418496,560
0.9,22,23,general,3.0307332999946084,560
0.9,23,24,recursive_no_basis,0.006722899997839704,564
0.9,23,24,general,3.0821154000004753,564
0.9,23,24,recursive_basis,0.047155600012047216,564
0.9,24,25,general,3.0298040000197943,559
0.9,24,25,recursive_basis,0.04918599998927675,559
0.9,24,25,recursive_no_basis,0.00699170000734739,559
0.9,25,26,recursive_basis,0.05037710000760853,559
0.9,25,26,recursive_no_basis,0.007267799985129386,559
0.9,25,26,general,3.0202439000131562,559
0.9,26,27,recursive_no_basis,0.007051399996271357,558
0.9,26,27,general,3.319407000002684,558
0.9,26,27,recursive_basis,0.06083190001663752,558
0.9,27,28,general,3.3273931000148878,555
0.9,27,28,recursive_basis,0.053529600001638755,555
0.9,27,28,recursive_no_basis,0.007791599986376241,555
0.9,28,29,recursive_basis,0.047450600017327815,557
0.9,28,29,recursive_no_basis,0.006866499985335395,557
0.9,28,29,general,3.3377565999981016,557
0.9,29,30,recursive_no_basis,0.007255699980305508,561
0.9,29,30,general,3.3193719000264537,561
0.9,29,30,recursive_basis,0.053182699979515746,561
0.9,30,31,general,3.191375299997162,561
0.9,30,31,recursive_basis,0.05029249997460283,561
0.9,30,31,recursive_no_basis,0.0065691999916452914,561
0.9,31,32,recursive_basis,0.04975649999687448,557
0.9,31,32,recursive_no_basis,0.007658699993044138,557
0.9,31,32,general,3.4227815000049304,557
0.9,32,33,recursive_no_basis,0.007861699996283278,557
0.9,32,33,general,3.3926872999873012,557
0.9,32,33,recursive_basis,0.055152699991595,557
0.9,33,34,general,3.228694700024789,562
0.9,33,34,recursive_basis,0.05185339998570271,562
0.9,33,34,recursive_no_basis,0.008162500016624108,562
0.9,34,35,recursive_basis,0.05061450001085177,563
0.9,34,35,recursive_no_basis,0.006929800001671538,563
0.9,34,35,general,3.584315100015374,563
0.9,35,36,recursive_no_basis,0.01076080001075752,561
0.9,35,36,general,3.402513299981365,561
0.9,35,36,recursive_basis,0.05417149999993853,561
0.9,36,37,general,3.2737878000189085,558
0.9,36,37,recursive_basis,0.06077349997940473,558
0.9,36,37,recursive_no_basis,0.008524600008968264,558
0.9,37,38,recursive_basis,0.06857260002288967,558
0.9,37,38,recursive_no_basis,0.009003100014524534,558
0.9,37,38,general,3.5347200999967754,558
0.9,38,39,recursive_no_basis,0.008849800011375919,563
0.9,38,39,general,3.4855097999970894,563
0.9,38,39,recursive_basis,0.0540212000196334,563
0.9,39,40,general,3.370964500005357,557
0.9,39,40,recursive_basis,0.07313409997732379,557
0.9,39,40,recursive_no_basis,0.009567700006300583,557
0.9,40,41,recursive_basis,0.05748639997909777,563
0.9,40,41,recursive_no_basis,0.009071600012248382,563
0.9,40,41,general,3.3183273000176996,563
0.9,41,42,recursive_no_basis,0.007414499996230006,557
0.9,41,42,general,3.279564099997515,557
0.9,41,42,recursive_basis,0.10686010000063106,557
0.9,42,43,general,3.616128399997251,555
0.9,42,43,recursive_basis,0.08939169999212027,555
0.9,42,43,recursive_no_basis,0.009924500016495585,555
0.9,43,44,recursive_basis,0.07135520002339035,560
0.9,43,44,recursive_no_basis,0.012635699997190386,560
0.9,43,44,general,3.2941071999957785,560
0.9,44,45,recursive_no_basis,0.007451500016031787,560
0.9,44,45,general,3.4314278999809176,560
0.9,44,45,recursive_basis,0.12329550000140443,560
0.9,45,46,general,3.308184199995594,567
0.9,45,46,recursive_basis,0.0514514000096824,567
0.9,45,46,recursive_no_basis,0.006467800005339086,567
0.9,46,47,recursive_basis,0.05220900001586415,559
0.9,46,47,recursive_no_basis,0.007330500026000664,559
0.9,46,47,general,3.2757734999759123,559
0.9,47,48,recursive_no_basis,0.008273100014775991,557
0.9,47,48,general,3.2783324999909382,557
0.9,47,48,recursive_basis,0.04993439998361282,557
0.9,48,49,general,3.275896500010276,559
0.9,48,49,recursive_basis,0.05312419999972917,559
0.9,48,49,recursive_no_basis,0.008095199998933822,559
0.9,49,50,recursive_basis,0.053120799973839894,561
0.9,49,50,recursive_no_basis,0.007321899989619851,561
0.9,49,50,general,3.2075924000237137,561
0.9,50,51,recursive_no_basis,0.007070299994666129,555
0.9,50,51,general,3.1775860999769066,555
0.9,50,51,recursive_basis,0.05295839998871088,555
0.9,51,52,general,3.2113516999816056,558
0.9,51,52,recursive_basis,0.051627400011057034,558
0.9,51,52,recursive_no_basis,0.008205899997847155,558
0.9,52,53,recursive_basis,0.055224599986104295,558
0.9,52,53,recursive_no_basis,0.007225599983939901,558
0.9,52,53,general,3.266883300006157,558
0.9,53,54,recursive_no_basis,0.01973659999202937,552
0.9,53,54,general,3.350671499996679,552
0.9,53,54,recursive_basis,0.08801400000811554,552
0.9,54,55,general,3.438334800011944,564
0.9,54,55,recursive_basis,0.05051840000669472,564
0.9,54,55,recursive_no_basis,0.007042900018859655,564
0.9,55,56,recursive_basis,0.05021769998711534,561
0.9,55,56,recursive_no_basis,0.007293100003153086,561
0.9,55,56,general,3.6560607999854255,561
0.9,56,57,recursive_no_basis,0.007223499997053295,562
0.9,56,57,general,3.225134699983755,562
0.9,56,57,recursive_basis,0.05840429998352192,562
0.9,57,58,general,3.1793120999936946,553
0.9,57,58,recursive_basis,0.05777330001001246,553
0.9,57,58,recursive_no_basis,0.007480900007067248,553
0.9,58,59,recursive_basis,0.05313760001445189,553
0.9,58,59,recursive_no_basis,0.007985999982338399,553
0.9,58,59,general,3.232680299988715,553
0.9,59,60,recursive_no_basis,0.006442599988076836,556
0.9,59,60,general,3.052764300024137,556
0.9,59,60,recursive_basis,0.054095400002552196,556
0.9,60,61,general,3.1835997000162024,561
0.9,60,61,recursive_basis,0.05196150002302602,561
0.9,60,61,recursive_no_basis,0.007453199999872595,561
0.9,61,62,recursive_basis,0.05940800000098534,559
0.9,61,62,recursive_no_basis,0.008309699973324314,559
0.9,61,62,general,3.2695147000194993,559
0.9,62,63,recursive_no_basis,0.006841299997176975,559
0.9,62,63,general,3.163222000002861,559
0.9,62,63,recursive_basis,0.05217049998464063,559
0.9,63,64,general,3.210733900021296,561
0.9,63,64,recursive_basis,0.051523700007237494,561
0.9,63,64,recursive_no_basis,0.0073901999858208,561
0.9,64,65,recursive_basis,0.051490899990312755,563
0.9,64,65,recursive_no_basis,0.008486200007610023,563
0.9,64,65,general,3.192986000009114,563
0.9,65,66,recursive_no_basis,0.006718199991155416,563
0.9,65,66,general,3.1717719999724068,563
0.9,65,66,recursive_basis,0.05341819999739528,563
0.9,66,67,general,3.156797400006326,558
0.9,66,67,recursive_basis,0.05120620000525378,558
0.9,66,67,recursive_no_basis,0.0070930999936535954,558
0.9,67,68,recursive_basis,0.05440789999556728,558
0.9,67,68,recursive_no_basis,0.0071635000058449805,558
0.9,67,68,general,3.120861800009152,558
0.9,68,69,recursive_no_basis,0.008453600021312013,558
0.9,68,69,general,3.1347586999763735,558
0.9,68,69,recursive_basis,0.054301399999530986,558
0.9,69,70,general,3.1284921999904327,556
0.9,69,70,recursive_basis,0.04971479999949224,556
0.9,69,70,recursive_no_basis,0.007342299999436364,556
0.9,70,71,recursive_basis,0.05018479999853298,567
0.9,70,71,recursive_no_basis,0.006868299999041483,567
0.9,70,71,general,3.0395363999996334,567
0.9,71,72,recursive_no_basis,0.006104400003096089,560
0.9,71,72,general,2.984125699993456,560
0.9,71,72,recursive_basis,0.04786640001111664,560
0.9,72,73,general,3.103637799998978,558
0.9,72,73,recursive_basis,0.059855900006368756,558
0.9,72,73,recursive_no_basis,0.009047700004884973,558
0.9,73,74,recursive_basis,0.059740600001532584,554
0.9,73,74,recursive_no_basis,0.008476599992718548,554
0.9,73,74,general,3.0076133999973536,554
0.9,74,75,recursive_no_basis,0.006195599999045953,562
0.9,74,75,general,3.0261644999845885,562
0.9,74,75,recursive_basis,0.056372799997916445,562
0.9,75,76,general,3.0159985999925993,556
0.9,75,76,recursive_basis,0.0524077000154648,556
0.9,75,76,recursive_no_basis,0.006982499995501712,556
0.9,76,77,recursive_basis,0.045152500009862706,561
0.9,76,77,recursive_no_basis,0.007091799983754754,561
0.9,76,77,general,3.0977252000011504,561
0.9,77,78,recursive_no_basis,0.006379300000844523,563
0.9,77,78,general,3.059738899988588,563
0.9,77,78,recursive_basis,0.05010890000266954,563
0.9,78,79,general,3.0234064999967813,560
0.9,78,79,recursive_basis,0.04543160001048818,560
0.9,78,79,recursive_no_basis,0.0064827000023797154,560
0.9,79,80,recursive_basis,0.04828710001311265,558
0.9,79,80,recursive_no_basis,0.007172999990871176,558
0.9,79,80,general,3.017582800006494,558
0.9,80,81,recursive_no_basis,0.00706579998950474,554
0.9,80,81,general,2.969440599990776,554
0.9,80,81,recursive_basis,0.04993909999029711,554
0.9,81,82,general,3.2491952999844216,559
0.9,81,82,recursive_basis,0.05218210001476109,559
0.9,81,82,recursive_no_basis,0.00726280000526458,559
0.9,82,83,recursive_basis,0.05119109997758642,557
0.9,82,83,recursive_no_basis,0.007386599987512454,557
0.9,82,83,general,3.417703099985374,557
0.9,83,84,recursive_no_basis,0.009156799991615117,557
0.9,83,84,general,3.341217900015181,557
0.9,83,84,recursive_basis,0.05482690001372248,557
0.9,84,85,general,3.1254281000001356,562
0.9,84,85,recursive_basis,0.049065500003052875,562
0.9,84,85,recursive_no_basis,0.007606599974678829,562
0.9,85,86,recursive_basis,0.049319599987939,558
0.9,85,86,recursive_no_basis,0.006987500004470348,558
0.9,85,86,general,3.0566502999863587,558
0.9,86,87,recursive_no_basis,0.0071656999934930354,556
0.9,86,87,general,3.029104399989592,556
0.9,86,87,recursive_basis,0.053668699983973056,556
0.9,87,88,general,3.9597249000216834,561
0.9,87,88,recursive_basis,0.07744910000474192,561
0.9,87,88,recursive_no_basis,0.008651799988001585,561
0.9,88,89,recursive_basis,0.06485560000874102,560
0.9,88,89,recursive_no_basis,0.008307499985676259,560
0.9,88,89,general,3.4726320000190753,560
0.9,89,90,recursive_no_basis,0.007415700005367398,559
0.9,89,90,general,3.4802052000013646,559
0.9,89,90,recursive_basis,0.0556460999941919,559
0.9,90,91,general,3.3961586999939755,559
0.9,90,91,recursive_basis,0.05485899999621324,559
0.9,90,91,recursive_no_basis,0.00803470000391826,559
0.9,91,92,recursive_basis,0.06070770000224002,559
0.9,91,92,recursive_no_basis,0.008997400000225753,559
0.9,91,92,general,3.3298858999914955,559
0.9,92,93,recursive_no_basis,0.008321699977386743,560
0.9,92,93,general,3.4718895999831147,560
0.9,92,93,recursive_basis,0.051628600020194426,560
0.9,93,94,general,3.263818200008245,554
0.9,93,94,recursive_basis,0.05690389999654144,554
0.9,93,94,recursive_no_basis,0.007932800013804808,554
0.9,94,95,recursive_basis,0.05881119999685325,558
0.9,94,95,recursive_no_basis,0.007438000000547618,558
0.9,94,95,general,3.347998999990523,558
0.9,95,96,recursive_no_basis,0.008002700022188947,557
0.9,95,96,general,3.4614145000232384,557
0.9,95,96,recursive_basis,0.07368929998483509,557
0.9,96,97,general,3.127745700010564,556
0.9,96,97,recursive_basis,0.054046500008553267,556
0.9,96,97,recursive_no_basis,0.009041700017405674,556
0.9,97,98,recursive_basis,0.08141889999387786,560
0.9,97,98,recursive_no_basis,0.01288979998207651,560
0.9,97,98,general,3.4004529000085313,560
0.9,98,99,recursive_no_basis,0.006998400000156835,564
0.9,98,99,general,3.2046559999871533,564
0.9,98,99,recursive_basis,0.0515167000121437,564
0.9,99,100,general,3.184179000003496,562
0.9,99,100,recursive_basis,0.0494475000014063,562
0.9,99,100,recursive_no_basis,0.0067316000058781356,562
0.9,100,101,recursive_basis,0.05081590000190772,556
0.9,100,101,recursive_no_basis,0.006547700002556667,556
0.9,100,101,general,3.196948099997826,556
0.9,101,102,recursive_no_basis,0.007380900002317503,559
0.9,101,102,general,3.282917100004852,559
0.9,101,102,recursive_basis,0.05699870001990348,559
0.9,102,103,general,3.2314605000137817,558
0.9,102,103,recursive_basis,0.05788820001180284,558
0.9,102,103,recursive_no_basis,0.007939700008137152,558
0.9,103,104,recursive_basis,0.051096800016239285,562
0.9,103,104,recursive_no_basis,0.008211800013668835,562
0.9,103,104,general,3.229909100016812,562
0.9,104,105,recursive_no_basis,0.0073967000062111765,561
0.9,104,105,general,3.2112573999911547,561
0.9,104,105,recursive_basis,0.05253509999602102,561
0.9,105,106,general,3.2796105000015814,560
0.9,105,106,recursive_basis,0.0563319000066258,560
0.9,105,106,recursive_no_basis,0.007767699979012832,560
0.9,106,107,recursive_basis,0.05168169998796657,560
0.9,106,107,recursive_no_basis,0.00664789997972548,560
0.9,106,107,general,3.243302999995649,560
0.9,107,108,recursive_no_basis,0.007769799995003268,557
0.9,107,108,general,3.144535800005542,557
0.9,107,108,recursive_basis,0.05315700001665391,557
0.9,108,109,general,3.161022200016305,559
0.9,108,109,recursive_basis,0.05207050000899471,559
0.9,108,109,recursive_no_basis,0.007276799995452166,559
0.9,109,110,recursive_basis,0.05751139999483712,556
0.9,109,110,recursive_no_basis,0.00761689999490045,556
0.9,109,110,general,2.976463699975284,556
0.9,110,111,recursive_no_basis,0.0067971000098623335,554
0.9,110,111,general,3.0063773000147194,554
0.9,110,111,recursive_basis,0.050907099997857586,554
0.9,111,112,general,3.0194203999999445,558
0.9,111,112,recursive_basis,0.05040020000888035,558
0.9,111,112,recursive_no_basis,0.007067900005495176,558
0.9,112,113,recursive_basis,0.046737900003790855,562
0.9,112,113,recursive_no_basis,0.0068042000057175756,562
0.9,112,113,general,2.983628099987982,562
0.9,113,114,recursive_no_basis,0.006942099978914484,561
0.9,113,114,general,2.995501700002933,561
0.9,113,114,recursive_basis,0.045617699972353876,561
0.9,114,115,general,3.0671906000061426,558
0.9,114,115,recursive_basis,0.05188459999044426,558
0.9,114,115,recursive_no_basis,0.007453300000634044,558
0.9,115,116,recursive_basis,0.09287209998001345,559
0.9,115,116,recursive_no_basis,0.006915999983903021,559
0.9,115,116,general,2.9687052000081167,559
0.9,116,117,recursive_no_basis,0.006539099995279685,558
0.9,116,117,general,2.9727865000022575,558
0.9,116,117,recursive_basis,0.048500899982172996,558
0.9,117,118,general,2.977140800008783,561
0.9,117,118,recursive_basis,0.046592600003350526,561
0.9,117,118,recursive_no_basis,0.006979600002523512,561
0.9,118,119,recursive_basis,0.0482559000083711,557
0.9,118,119,recursive_no_basis,0.007038500014459714,557
0.9,118,119,general,2.9437833999982104,557
0.9,119,120,recursive_no_basis,0.006414600007701665,566
0.9,119,120,general,3.0036459999973886,566
0.9,119,120,recursive_basis,0.048498300020582974,566
0.9,120,121,general,2.964416600007098,559
0.9,120,121,recursive_basis,0.0484178000187967,559
0.9,120,121,recursive_no_basis,0.006595400016522035,559
0.9,121,122,recursive_basis,0.04851520000374876,563
0.9,121,122,recursive_no_basis,0.0064230000134557486,563
0.9,121,122,general,2.9878509000118356,563
0.9,122,123,recursive_no_basis,0.006921799998963252,560
0.9,122,123,general,2.976103900000453,560
0.9,122,123,recursive_basis,0.051182900002459064,560
0.9,123,124,general,3.0273422000173014,561
0.9,123,124,recursive_basis,0.05116969998925924,561
0.9,123,124,recursive_no_basis,0.007173799996962771,561
0.9,124,125,recursive_basis,0.04905269999289885,557
0.9,124,125,recursive_no_basis,0.007767300005070865,557
0.9,124,125,general,2.965460500010522,557
0.9,125,126,recursive_no_basis,0.006888100004289299,557
0.9,125,126,general,3.122237600007793,557
0.9,125,126,recursive_basis,0.0640209999983199,557
0.9,126,127,general,3.1470674000156578,563
0.9,126,127,recursive_basis,0.045685999997658655,563
0.9,126,127,recursive_no_basis,0.006520800001453608,563
0.9,127,128,recursive_basis,0.04566410000552423,555
0.9,127,128,recursive_no_basis,0.007325499987928197,555
0.9,127,128,general,2.9376064000243787,555
0.9,128,129,recursive_no_basis,0.007080800016410649,556
0.9,128,129,general,2.9423975000099745,556
0.9,128,129,recursive_basis,0.047438699984923005,556
0.9,129,130,general,2.966115400020499,560
0.9,129,130,recursive_basis,0.04527930001495406,560
0.9,129,130,recursive_no_basis,0.006655700010014698,560
0.9,130,131,recursive_basis,0.04297069998574443,562
0.9,130,131,recursive_no_basis,0.007253599993418902,562
0.9,130,131,general,2.969687000004342,562
0.9,131,132,recursive_no_basis,0.006063000007998198,566
0.9,131,132,general,3.1279312999977265,566
0.9,131,132,recursive_basis,0.046616400009952486,566
0.9,132,133,general,3.329955900000641,563
0.9,132,133,recursive_basis,0.05567400000290945,563
0.9,132,133,recursive_no_basis,0.00826150001375936,563
0.9,133,134,recursive_basis,0.06563150000874884,553
0.9,133,134,recursive_no_basis,0.008640399988507852,553
0.9,133,134,general,3.159133000008296,553
0.9,134,135,recursive_no_basis,0.006300799985183403,560
0.9,134,135,general,3.0831062000070233,560
0.9,134,135,recursive_basis,0.05095639999490231,560
0.9,135,136,general,2.984880500007421,558
0.9,135,136,recursive_basis,0.04634049997548573,558
0.9,135,136,recursive_no_basis,0.0067014000087510794,558
0.9,136,137,recursive_basis,0.052431899996008724,560
0.9,136,137,recursive_no_basis,0.007223000022349879,560
0.9,136,137,general,2.9702149000077043,560
0.9,137,138,recursive_no_basis,0.006854099978227168,558
0.9,137,138,general,2.9499660000146832,558
0.9,137,138,recursive_basis,0.049663999991025776,558
0.9,138,139,general,2.9656353000027593,558
0.9,138,139,recursive_basis,0.046736499993130565,558
0.9,138,139,recursive_no_basis,0.0065708999754861,558
0.9,139,140,recursive_basis,0.05375279998406768,561
0.9,139,140,recursive_no_basis,0.006366699992213398,561
0.9,139,140,general,3.0938789999927394,561
0.9,140,141,recursive_no_basis,0.006827499979408458,558
0.9,140,141,general,2.999221200007014,558
0.9,140,141,recursive_basis,0.04627969997818582,558
0.9,141,142,general,3.019687799998792,557
0.9,141,142,recursive_basis,0.04773709998698905,557
0.9,141,142,recursive_no_basis,0.007111900020390749,557
0.9,142,143,recursive_basis,0.04555479998816736,560
0.9,142,143,recursive_no_basis,0.0066368000116199255,560
0.9,142,143,general,3.0626747999922372,560
0.9,143,144,recursive_no_basis,0.007374999986495823,559
0.9,143,144,general,3.0865319999866188,559
0.9,143,144,recursive_basis,0.04710300001897849,559
0.9,144,145,general,2.970255799998995,559
0.9,144,145,recursive_basis,0.05153859997517429,559
0.9,144,145,recursive_no_basis,0.006900900014443323,559
0.9,145,146,recursive_basis,0.04584350000368431,559
0.9,145,146,recursive_no_basis,0.00752509999438189,559
0.9,145,146,general,2.9572773999825586,559
0.9,146,147,recursive_no_basis,0.00655160000314936,558
0.9,146,147,general,2.9506324999965727,558
0.9,146,147,recursive_basis,0.05014760000631213,558
0.9,147,148,general,3.0872013999905903,560
0.9,147,148,recursive_basis,0.0511994999833405,560
0.9,147,148,recursive_no_basis,0.006510300008812919,560
0.9,148,149,recursive_basis,0.046837200003210455,557
0.9,148,149,recursive_no_basis,0.0067146999936085194,557
0.9,148,149,general,3.100994799984619,557
0.9,149,150,recursive_no_basis,0.02262719999998808,555
0.9,149,150,general,3.3668884999933653,555
0.9,149,150,recursive_basis,0.0505669999984093,555
0.9,150,151,general,3.2552852999942843,560
0.9,150,151,recursive_basis,0.045983599993633106,560
0.9,150,151,recursive_no_basis,0.007164300011936575,560
0.9,151,152,recursive_basis,0.0529180999728851,558
0.9,151,152,recursive_no_basis,0.007063900004141033,558
0.9,151,152,general,3.133763399993768,558
0.9,152,153,recursive_no_basis,0.006701900012558326,556
0.9,152,153,general,3.092630300001474,556
0.9,152,153,recursive_basis,0.05091369998990558,556
0.9,153,154,general,3.43592700001318,560
0.9,153,154,recursive_basis,0.06082000001333654,560
0.9,153,154,recursive_no_basis,0.008920199994463474,560
0.9,154,155,recursive_basis,0.06265859998529777,556
0.9,154,155,recursive_no_basis,0.008617999992566183,556
0.9,154,155,general,2.967446499998914,556
0.9,155,156,recursive_no_basis,0.006955399992875755,559
0.9,155,156,general,2.985852400015574,559
0.9,155,156,recursive_basis,0.04790770000545308,559
0.9,156,157,general,2.938053200021386,559
0.9,156,157,recursive_basis,0.04428770000231452,559
0.9,156,157,recursive_no_basis,0.006586600007722154,559
0.9,157,158,recursive_basis,0.04539929999737069,559
0.9,157,158,recursive_no_basis,0.0065845999924931675,559
0.9,157,158,general,2.932146399980411,559
0.9,158,159,recursive_no_basis,0.007388199999695644,558
0.9,158,159,general,2.9786895999859553,558
0.9,158,159,recursive_basis,0.05258769998908974,558
0.9,159,160,general,3.0012820000119973,556
0.9,159,160,recursive_basis,0.048545500001637265,556
0.9,159,160,recursive_no_basis,0.006893800018588081,556
0.9,160,161,recursive_basis,0.048681800020858645,556
0.9,160,161,recursive_no_basis,0.0067860000126529485,556
0.9,160,161,general,3.0473574999778066,556
0.9,161,162,recursive_no_basis,0.012955699989106506,562
0.9,161,162,general,3.1409329999878537,562
0.9,161,162,recursive_basis,0.048164900013944134,562
0.9,162,163,general,2.9698643000156153,559
0.9,162,163,recursive_basis,0.047592900024028495,559
0.9,162,163,recursive_no_basis,0.007267700013471767,559
0.9,163,164,recursive_basis,0.04839079998782836,559
0.9,163,164,recursive_no_basis,0.0066334000148344785,559
0.9,163,164,general,2.9361996999941766,559
0.9,164,165,recursive_no_basis,0.007467900024494156,561
0.9,164,165,general,3.194184700027108,561
0.9,164,165,recursive_basis,0.05962290000752546,561
0.9,165,166,general,3.298469000001205,560
0.9,165,166,recursive_basis,0.0570265999995172,560
0.9,165,166,recursive_no_basis,0.008204399986425415,560
0.9,166,167,recursive_basis,0.05054769999696873,560
0.9,166,167,recursive_no_basis,0.0075647999765351415,560
0.9,166,167,general,3.0485348000074737,560
0.9,167,168,recursive_no_basis,0.006784700002754107,561
0.9,167,168,general,3.1474292000057176,561
0.9,167,168,recursive_basis,0.046010299993213266,561
0.9,168,169,general,3.194509900000412,555
0.9,168,169,recursive_basis,0.053863200009800494,555
0.9,168,169,recursive_no_basis,0.00721239999984391,555
0.9,169,170,recursive_basis,0.05118099998799153,564
0.9,169,170,recursive_no_basis,0.007509199989726767,564
0.9,169,170,general,3.4878803999745287,564
0.9,170,171,recursive_no_basis,0.007017299998551607,557
0.9,170,171,general,3.5626060999929905,557
0.9,170,171,recursive_basis,0.07101910002529621,557
0.9,171,172,general,3.6960013000061736,556
0.9,171,172,recursive_basis,0.06253630001447164,556
0.9,171,172,recursive_no_basis,0.01647400000365451,556
0.9,172,173,recursive_basis,0.06046449998393655,553
0.9,172,173,recursive_no_basis,0.010508399980608374,553
0.9,172,173,general,3.769801299989922,553
0.9,173,174,recursive_no_basis,0.009700599999632686,555
0.9,173,174,general,3.8211867999925744,555
0.9,173,174,recursive_basis,0.056618899980094284,555
0.9,174,175,general,3.8601928999996744,561
0.9,174,175,recursive_basis,0.06271130000823177,561
0.9,174,175,recursive_no_basis,0.006831400009104982,561
0.9,175,176,recursive_basis,0.05685100000118837,560
0.9,175,176,recursive_no_basis,0.010115499986568466,560
0.9,175,176,general,3.7619542999891564,560
0.9,176,177,recursive_no_basis,0.009222499997122213,559
0.9,176,177,general,3.775628700008383,559
0.9,176,177,recursive_basis,0.057378599973162636,559
0.9,177,178,general,3.760780100012198,561
0.9,177,178,recursive_basis,0.06830189999891445,561
0.9,177,178,recursive_no_basis,0.0072613999946042895,561
0.9,178,179,recursive_basis,0.06681010001921095,559
0.9,178,179,recursive_no_basis,0.006832999992184341,559
0.9,178,179,general,3.7413267999945674,559
0.9,179,180,recursive_no_basis,0.007669099984923378,559
0.9,179,180,general,3.6941784000082407,559
0.9,179,180,recursive_basis,0.06963090001954697,559
0.9,180,181,general,3.765028699999675,557
0.9,180,181,recursive_basis,0.05716769999708049,557
0.9,180,181,recursive_no_basis,0.010457299998961389,557
0.9,181,182,recursive_basis,0.05269430001499131,557
0.9,181,182,recursive_no_basis,0.014445999986492097,557
0.9,181,182,general,3.682543300004909,557
0.9,182,183,recursive_no_basis,0.007478400017134845,555
0.9,182,183,general,3.6983749000064563,555
0.9,182,183,recursive_basis,0.06624809998902492,555
0.9,183,184,general,3.842067899997346,561
0.9,183,184,recursive_basis,0.06518500001402572,561
0.9,183,184,recursive_no_basis,0.010856899985810742,561
0.9,184,185,recursive_basis,0.08399049998843111,560
0.9,184,185,recursive_no_basis,0.011223800014704466,560
0.9,184,185,general,3.8090661999885924,560
0.9,185,186,recursive_no_basis,0.006878899992443621,553
0.9,185,186,general,3.7572347999957856,553
0.9,185,186,recursive_basis,0.06427020000410266,553
0.9,186,187,general,3.738197999977274,559
0.9,186,187,recursive_basis,0.06712870000046678,559
0.9,186,187,recursive_no_basis,0.007076799985952675,559
0.9,187,188,recursive_basis,0.059971599985146895,556
0.9,187,188,recursive_no_basis,0.013249000010546297,556
0.9,187,188,general,3.732208500005072,556
0.9,188,189,recursive_no_basis,0.010862800001632422,557
0.9,188,189,general,3.7770361000148114,557
0.9,188,189,recursive_basis,0.060362899996107444,557
0.9,189,190,general,3.7417328000010457,558
0.9,189,190,recursive_basis,0.06023760000243783,558
0.9,189,190,recursive_no_basis,0.007356499991146848,558
0.9,190,191,recursive_basis,0.061576200008857995,562
0.9,190,191,recursive_no_basis,0.007156000006943941,562
0.9,190,191,general,3.8238675000029616,562
0.9,191,192,recursive_no_basis,0.007625400001415983,563
0.9,191,192,general,3.7330542000127025,563
0.9,191,192,recursive_basis,0.05142220002016984,563
0.9,192,193,general,3.824305699992692,562
0.9,192,193,recursive_basis,0.05593050000607036,562
0.9,192,193,recursive_no_basis,0.007099400012521073,562
0.9,193,194,recursive_basis,0.06379429998924024,557
0.9,193,194,recursive_no_basis,0.011568900023121387,557
0.9,193,194,general,3.7469253999879584,557
0.9,194,195,recursive_no_basis,0.0064295000047422945,552
0.9,194,195,general,3.7752533000020776,552
0.9,194,195,recursive_basis,0.06326530000660568,552
0.9,195,196,general,3.7594810999871697,558
0.9,195,196,recursive_basis,0.06919189999462105,558
0.9,195,196,recursive_no_basis,0.011199900007341057,558
0.9,196,197,recursive_basis,0.06981960000121035,560
0.9,196,197,recursive_no_basis,0.008052899996982887,560
0.9,196,197,general,3.7747724000073504,560
0.9,197,198,recursive_no_basis,0.007250800001202151,559
0.9,197,198,general,3.9058741999906488,559
0.9,197,198,recursive_basis,0.06337799999164417,559
0.9,198,199,general,3.7194126999820583,557
0.9,198,199,recursive_basis,0.06777919997693971,557
0.9,198,199,recursive_no_basis,0.009596799995051697,557
0.9,199,200,recursive_basis,0.060337599978083745,558
0.9,199,200,recursive_no_basis,0.015625600004568696,558
0.9,199,200,general,3.7512091000098735,558
