density,repetition,seed,algorithm,runtime_seconds,betti_number
0.1,0,1,general,0.0016846999933477491,0
0.1,0,1,recursive_basis,0.33862319999025203,0
0.1,0,1,recursive_no_basis,0.00043220000225119293,0
0.1,1,2,recursive_basis,0.028206000017235056,1
0.1,1,2,recursive_no_basis,0.0012178000179119408,1
0.1,1,2,general,0.0011476000072434545,1
0.1,2,3,recursive_no_basis,0.0009913999820128083,1
0.1,2,3,general,0.001132700010202825,1
0.1,2,3,recursive_basis,0.0024525000189896673,1
0.1,3,4,general,0.0012400999839883298,0
0.1,3,4,recursive_basis,0.00040049999370239675,0
0.1,3,4,recursive_no_basis,0.0003397999971639365,0
0.1,4,5,recursive_basis,0.00038690000656060874,0
0.1,4,5,recursive_no_basis,0.00034920001053251326,0
0.1,4,5,general,0.0013368999934755266,0
0.1,5,6,recursive_no_basis,0.00037750002229586244,0
0.1,5,6,general,0.0011528999893926084,0
0.1,5,6,recursive_basis,0.0003563000063877553,0
0.1,6,7,general,0.0011651000240817666,0
0.1,6,7,recursive_basis,0.0004162000259384513,0
0.1,6,7,recursive_no_basis,0.00033439998514950275,0
0.1,7,8,recursive_basis,0.0004966999986208975,0
0.1,7,8,recursive_no_basis,0.0003512999974191189,0
0.1,7,8,general,0.0012970000097993761,0
0.1,8,9,recursive_no_basis,0.0003853999951388687,0
0.1,8,9,general,0.001257600000826642,0
0.1,8,9,recursive_basis,0.0003634000022429973,0
0.1,9,10,general,0.0012157000019215047,0
0.1,9,10,recursive_basis,0.0004172000044491142,0
0.1,9,10,recursive_no_basis,0.0003267000138293952,0
0.1,10,11,recursive_basis,0.0003607999824453145,0
0.1,10,11,recursive_no_basis,0.00032240001019090414,0
0.1,10,11,general,0.0011555000091902912,0
0.1,11,12,recursive_no_basis,0.00039030000334605575,0
0.1,11,12,general,0.0012418999976944178,0
0.1,11,12,recursive_basis,0.0003926999925170094,0
0.1,12,13,general,0.0011608999921008945,0
0.1,12,13,recursive_basis,0.00040350001654587686,0
0.1,12,13,recursive_no_basis,0.0003496999852359295,0
0.1,13,14,recursive_basis,0.00036910001654177904,0
0.1,13,14,recursive_no_basis,0.00035519999801181257,0
0.1,13,14,general,0.0011867999855894595,0
0.1,14,15,recursive_no_basis,0.0007824000203981996,0
0.1,14,15,general,0.0013306000037118793,0
0.1,14,15,recursive_basis,0.00037719999090768397,0
0.1,15,16,general,0.0011842999956570566,1
0.1,15,16,recursive_basis,0.001967699994565919,1
0.1,15,16,recursive_no_basis,0.001038500020513311,1
0.1,16,17,recursive_basis,0.0003958999877795577,0
0.1,16,17,recursive_no_basis,0.0003558000025805086,0
0.1,16,17,general,0.0012581999762915075,0
0.1,17,18,recursive_no_basis,0.0010550000006332994,1
0.1,17,18,general,0.0011601000151131302,1
0.1,17,18,recursive_basis,0.0017748000100255013,1
0.1,18,19,general,0.0012472000089474022,0
0.1,18,19,recursive_basis,0.0004214000073261559,0
0.1,18,19,recursive_no_basis,0.0003491999814286828,0
0.1,19,20,recursive_basis,0.00046609999844804406,0
0.1,19,20,recursive_no_basis,0.0003375000087544322,0
0.1,19,20,general,0.001200700004119426,0
0.1,20,21,recursive_no_basis,0.0004236999957356602,0
0.1,20,21,general,0.0012600999907590449,0
0.1,20,21,recursive_basis,0.0003761999832931906,0
0.1,21,22,general,0.001253900001756847,0
0.1,21,22,recursive_basis,0.00042039999971166253,0
0.1,21,22,recursive_no_basis,0.0003519999736454338,0
0.1,22,23,recursive_basis,0.000374700000975281,0
0.1,22,23,recursive_no_basis,0.00035110002500005066,0
0.1,22,23,general,0.0012476000119931996,0
0.1,23,24,recursive_no_basis,0.00037299998803064227,0
0.1,23,24,general,0.0011076999944634736,0
0.1,23,24,recursive_basis,0.00035030001890845597,0
0.1,24,25,general,0.0012100000167265534,0
0.1,24,25,recursive_basis,0.0004094999749213457,0
0.1,24,25,recursive_no_basis,0.00033340000663883984,0
0.1,25,26,recursive_basis,0.0003792000061366707,0
0.1,25,26,recursive_no_basis,0.0003394999948795885,0
0.1,25,26,general,0.0012177000171504915,0
0.1,26,27,recursive_no_basis,0.0008657999860588461,0
0.1,26,27,general,0.0013303000014275312,0
0.1,26,27,recursive_basis,0.0003805000160355121,0
0.1,27,28,general,0.0012231000000610948,0
0.1,27,28,recursive_basis,0.00040419999277219176,0
0.1,27,28,recursive_no_basis,0.00033260000054724514,0
0.1,28,29,recursive_basis,0.0003453000099398196,0
0.1,28,29,recursive_no_basis,0.0003378999826963991,0
0.1,28,29,general,0.0011121999996248633,0
0.1,29,30,recursive_no_basis,0.0003671000013127923,0
0.1,29,30,general,0.0012402000138536096,0
0.1,29,30,recursive_basis,0.00034860000596381724,0
0.1,30,31,general,0.0011591000074986368,1
0.1,30,31,recursive_basis,0.001916800014441833,1
0.1,30,31,recursive_no_basis,0.000979899981757626,1
0.1,31,32,recursive_basis,0.0018424000008963048,1
0.1,31,32,recursive_no_basis,0.0011959999974351376,1
0.1,31,32,general,0.0012324000126682222,1
0.1,32,33,recursive_no_basis,0.00039000000106170774,0
0.1,32,33,general,0.0011574999953154474,0
0.1,32,33,recursive_basis,0.000371000001905486,0
0.1,33,34,general,0.0010813999979291111,1
0.1,33,34,recursive_basis,0.002914800017606467,1
0.1,33,34,recursive_no_basis,0.0016431999974884093,1
0.1,34,35,recursive_basis,0.0017496999935247004,1
0.1,34,35,recursive_no_basis,0.0010046999959740788,1
0.1,34,35,general,0.0011357000039424747,1
0.1,35,36,recursive_no_basis,0.00035230000503361225,0
0.1,35,36,general,0.001297999988310039,0
0.1,35,36,recursive_basis,0.0004175000067334622,0
0.1,36,37,general,0.001201300008688122,0
0.1,36,37,recursive_basis,0.0003555000002961606,0
0.1,36,37,recursive_no_basis,0.00038300000596791506,0
0.1,37,38,recursive_basis,0.0003234999894630164,0
0.1,37,38,recursive_no_basis,0.0005822000093758106,0
0.1,37,38,general,0.0012527999933809042,0
0.1,38,39,recursive_no_basis,0.0003556000010576099,0
0.1,38,39,general,0.0012264999968465418,0
0.1,38,39,recursive_basis,0.0003923000185750425,0
0.1,39,40,general,0.0010924999951384962,0
0.1,39,40,recursive_basis,0.0003606999816838652,0
0.1,39,40,recursive_no_basis,0.0003521000035107136,0
0.1,40,41,recursive_basis,0.0003578999894671142,0
0.1,40,41,recursive_no_basis,0.0003606000100262463,0
0.1,40,41,general,0.001265900005819276,0
0.1,41,42,recursive_no_basis,0.0003488999791443348,0
0.1,41,42,general,0.0012286000128369778,0
0.1,41,42,recursive_basis,0.00040019999141804874,0
0.1,42,43,general,0.001287199993385002,0
0.1,42,43,recursive_basis,0.00037140000495128334,0
0.1,42,43,recursive_no_basis,0.0003656999906525016,0
0.1,43,44,recursive_basis,0.00034950001281686127,0
0.1,43,44,recursive_no_basis,0.00036070001078769565,0
0.1,43,44,general,0.001296799979172647,0
0.1,44,45,recursive_no_basis,0.00034619998768903315,0
0.1,44,45,general,0.0012432000075932592,0
0.1,44,45,recursive_basis,0.0004194000212009996,0
0.1,45,46,general,0.0011829999857582152,0
0.1,45,46,recursive_basis,0.00036810000892728567,0
0.1,45,46,recursive_no_basis,0.00037039999733678997,0
0.1,46,47,recursive_basis,0.0018102999893017113,1
0.1,46,47,recursive_no_basis,0.0009837000106927007,1
0.1,46,47,general,0.0010584000265225768,1
0.1,47,48,recursive_no_basis,0.000350900023477152,0
0.1,47,48,general,0.0011870999878738075,0
0.1,47,48,recursive_basis,0.00038610000046901405,0
0.1,48,49,general,0.0011563000152818859,0
0.1,48,49,recursive_basis,0.00035409998963586986,0
0.1,48,49,recursive_no_basis,0.0004408999811857939,0
0.1,49,50,recursive_basis,0.0003939000016544014,0
0.1,49,50,recursive_no_basis,0.00032789999386295676,0
0.1,49,50,general,0.0011691999970935285,0
0.1,50,51,recursive_no_basis,0.0010236999951303005,1
0.1,50,51,general,0.0011575999960768968,1
0.1,50,51,recursive_basis,0.0017275999998673797,1
0.1,51,52,general,0.0011301000195089728,1
0.1,51,52,recursive_basis,0.0016246000013779849,1
0.1,51,52,recursive_no_basis,0.0010068999836221337,1
0.1,52,53,recursive_basis,0.0003302000113762915,0
0.1,52,53,recursive_no_basis,0.000371300004189834,0
0.1,52,53,general,0.0011798999912571162,0
0.1,53,54,recursive_no_basis,0.0003449000068940222,0
0.1,53,54,general,0.0012040000001434237,0
0.1,53,54,recursive_basis,0.000384599989047274,0
0.1,54,55,general,0.0012474999821279198,0
0.1,54,55,recursive_basis,0.00036559998989105225,0
0.1,54,55,recursive_no_basis,0.000368500011973083,0
0.1,55,56,recursive_basis,0.0003343000134918839,0
0.1,55,56,recursive_no_basis,0.00041310000233352184,0
0.1,55,56,general,0.001336300018010661,0
0.1,56,57,recursive_no_basis,0.00033680000342428684,0
0.1,56,57,general,0.0011667999788187444,0
0.1,56,57,recursive_basis,0.00040530000114813447,0
0.1,57,58,general,0.0011781000066548586,0
0.1,57,58,recursive_basis,0.0003662999952211976,0
0.1,57,58,recursive_no_basis,0.00036540001747198403,0
0.1,58,59,recursive_basis,0.00032270001247525215,0
0.1,58,59,recursive_no_basis,0.00033989999792538583,0
0.1,58,59,general,0.0011791999859269708,0
0.1,59,60,recursive_no_basis,0.0003463999892119318,0
0.1,59,60,general,0.00128009999752976,0
0.1,59,60,recursive_basis,0.00039770000148564577,0
0.1,60,61,general,0.0011918999953195453,0
0.1,60,61,recursive_basis,0.0003556000010576099,0
0.1,60,61,recursive_no_basis,0.00037960000918246806,0
0.1,61,62,recursive_basis,0.0003274999908171594,0
0.1,61,62,recursive_no_basis,0.0005816000048071146,0
0.1,61,62,general,0.0013862999912817031,0
0.1,62,63,recursive_no_basis,0.0003473000251688063,0
0.1,62,63,general,0.0011974000080954283,0
0.1,62,63,recursive_basis,0.0004256000102031976,0
0.1,63,64,general,0.0012172000133432448,0
0.1,63,64,recursive_basis,0.00037640001391991973,0
0.1,63,64,recursive_no_basis,0.0003635000030044466,0
0.1,64,65,recursive_basis,0.00032270001247525215,0
0.1,64,65,recursive_no_basis,0.0003367000026628375,0
0.1,64,65,general,0.0011946999875362962,0
0.1,65,66,recursive_no_basis,0.00035149999894201756,0
0.1,65,66,general,0.00119420001283288,0
0.1,65,66,recursive_basis,0.00039140001172199845,0
0.1,66,67,general,0.0012244000099599361,0
0.1,66,67,recursive_basis,0.00036689999978989363,0
0.1,66,67,recursive_no_basis,0.0003755000070668757,0
0.1,67,68,recursive_basis,0.00033389998134225607,0
0.1,67,68,recursive_no_basis,0.0003352000203449279,0
0.1,67,68,general,0.0012088999792467803,0
0.1,68,69,recursive_no_basis,0.00034729999606497586,0
0.1,68,69,general,0.0012410999916028231,0
0.1,68,69,recursive_basis,0.0005696000007446855,0
0.1,69,70,general,0.0012872000224888325,0
0.1,69,70,recursive_basis,0.00036609999369829893,0
0.1,69,70,recursive_no_basis,0.0003858999989461154,0
0.1,70,71,recursive_basis,0.00033650000113993883,0
0.1,70,71,recursive_no_basis,0.00038610000046901405,0
0.1,70,71,general,0.0012507999781519175,0
0.1,71,72,recursive_no_basis,0.0016256999806500971,1
0.1,71,72,general,0.0010769000218715519,1
0.1,71,72,recursive_basis,0.002657100005308166,1
0.1,72,73,general,0.0012507000064942986,0
0.1,72,73,recursive_basis,0.00038869999116286635,0
0.1,72,73,recursive_no_basis,0.0003352999920025468,0
0.1,73,74,recursive_basis,0.0003181000065524131,0
0.1,73,74,recursive_no_basis,0.0005413999897427857,0
0.1,73,74,general,0.001098500011721626,0
0.1,74,75,recursive_no_basis,0.0003336999798193574,0
0.1,74,75,general,0.0013947999977972358,0
0.1,74,75,recursive_basis,0.0004062000080011785,0
0.1,75,76,general,0.0012806000013370067,0
0.1,75,76,recursive_basis,0.00037779999547638,0
0.1,75,76,recursive_no_basis,0.000368200009688735,0
0.1,76,77,recursive_basis,0.0003487000067252666,0
0.1,76,77,recursive_no_basis,0.00035799999022856355,0
0.1,76,77,general,0.0012431000068318099,0
0.1,77,78,recursive_no_basis,0.0010254000080749393,1
0.1,77,78,general,0.0010908000112976879,1
0.1,77,78,recursive_basis,0.0018398000102024525,1
0.1,78,79,general,0.0012365999864414334,0
0.1,78,79,recursive_basis,0.00036830001045018435,0
0.1,78,79,recursive_no_basis,0.00039560001459904015,0
0.1,79,80,recursive_basis,0.00032560000545345247,0
0.1,79,80,recursive_no_basis,0.00037170000723563135,0
0.1,79,80,general,0.0011628000065684319,0
0.1,80,81,recursive_no_basis,0.00033650000113993883,0
0.1,80,81,general,0.001278899988392368,0
0.1,80,81,recursive_basis,0.00042580001172609627,0
0.1,81,82,general,0.0013543000095523894,0
0.1,81,82,recursive_basis,0.0003797000099439174,0
0.1,81,82,recursive_no_basis,0.00039480000850744545,0
0.1,82,83,recursive_basis,0.0018964000046253204,1
0.1,82,83,recursive_no_basis,0.0010378999868407845,1
0.1,82,83,general,0.0011365000100340694,1
0.1,83,84,recursive_no_basis,0.0003498000151012093,0
0.1,83,84,general,0.0011823999811895192,0
0.1,83,84,recursive_basis,0.0004017000028397888,0
0.1,84,85,general,0.001205600012326613,0
0.1,84,85,recursive_basis,0.00038129999302327633,0
0.1,84,85,recursive_no_basis,0.0003738999948836863,0
0.1,85,86,recursive_basis,0.00034610001603141427,0
0.1,85,86,recursive_no_basis,0.0006059000152163208,0
0.1,85,86,general,0.001250800007255748,0
0.1,86,87,recursive_no_basis,0.0003473999968264252,0
0.1,86,87,general,0.0013340000004973263,0
0.1,86,87,recursive_basis,0.00041390000842511654,0
0.1,87,88,general,0.0011300999904051423,0
0.1,87,88,recursive_basis,0.00035370001569390297,0
0.1,87,88,recursive_no_basis,0.00035230000503361225,0
0.1,88,89,recursive_basis,0.0017804999952204525,1
0.1,88,89,recursive_no_basis,0.0010318999993614852,1
0.1,88,89,general,0.0011981000134255737,1
0.1,89,90,recursive_no_basis,0.0009938000002875924,1
0.1,89,90,general,0.0011064999853260815,1
0.1,89,90,recursive_basis,0.0018131000106222928,1
0.1,90,91,general,0.0011471000034362078,0
0.1,90,91,recursive_basis,0.00038529999437741935,0
0.1,90,91,recursive_no_basis,0.0003774000215344131,0
0.1,91,92,recursive_basis,0.0003342999843880534,0
0.1,91,92,recursive_no_basis,0.0003845000173896551,0
0.1,91,92,general,0.0016635000065434724,0
0.1,92,93,recursive_no_basis,0.0003659000212792307,0
0.1,92,93,general,0.0012183999933768064,0
0.1,92,93,recursive_basis,0.00042340002255514264,0
0.1,93,94,general,0.001241500023752451,0
0.1,93,94,recursive_basis,0.0003823000006377697,0
0.1,93,94,recursive_no_basis,0.0003726000140886754,0
0.1,94,95,recursive_basis,0.00034219998633489013,0
0.1,94,95,recursive_no_basis,0.00032800002372823656,0
0.1,94,95,general,0.0011525999871082604,0
0.1,95,96,recursive_no_basis,0.00035519999801181257,0
0.1,95,96,general,0.0012103999906685203,0
0.1,95,96,recursive_basis,0.0004059000057168305,0
0.1,96,97,general,0.001225999993039295,0
0.1,96,97,recursive_basis,0.0003525000065565109,0
0.1,96,97,recursive_no_basis,0.0003606999816838652,0
0.1,97,98,recursive_basis,0.0003215000033378601,0
0.1,97,98,recursive_no_basis,0.0003308999876026064,0
0.1,97,98,general,0.0011419000220485032,0
0.1,98,99,recursive_no_basis,0.00033239999902434647,0
0.1,98,99,general,0.0013324000174179673,0
0.1,98,99,recursive_basis,0.00040729998727329075,0
0.1,99,100,general,0.001175700017483905,0
0.1,99,100,recursive_basis,0.0003674999752547592,0
0.1,99,100,recursive_no_basis,0.0003567999810911715,0
0.1,100,101,recursive_basis,0.0003341000119689852,0
0.1,100,101,recursive_no_basis,0.00032679998548701406,0
0.1,100,101,general,0.001114800019422546,0
0.1,101,102,recursive_no_basis,0.0003488000074867159,0
0.1,101,102,general,0.0012109999952372164,0
0.1,101,102,recursive_basis,0.00038499999209307134,0
0.1,102,103,general,0.001312199980020523,0
0.1,102,103,recursive_basis,0.00037379999412223697,0
0.1,102,103,recursive_no_basis,0.00037090000114403665,0
0.1,103,104,recursive_basis,0.0017639000143390149,1
0.1,103,104,recursive_no_basis,0.0010411999828647822,1
0.1,103,104,general,0.0012258000206202269,1
0.1,104,105,recursive_no_basis,0.0003449999785516411,0
0.1,104,105,general,0.0012450999929569662,0
0.1,104,105,recursive_basis,0.00040270001045428216,0
0.1,105,106,general,0.0012867999903392047,0
0.1,105,106,recursive_basis,0.0003677000058814883,0
0.1,105,106,recursive_no_basis,0.0003625999961514026,0
0.1,106,107,recursive_basis,0.00035409998963586986,0
0.1,106,107,recursive_no_basis,0.0003693999897222966,0
0.1,106,107,general,0.0013447999954223633,0
0.1,107,108,recursive_no_basis,0.0003446000046096742,0
0.1,107,108,general,0.0012117000005673617,0
0.1,107,108,recursive_basis,0.0004141000099480152,0
0.1,108,109,general,0.0012361000117380172,0
0.1,108,109,recursive_basis,0.0003797000099439174,0
0.1,108,109,recursive_no_basis,0.0003735999925993383,0
0.1,109,110,recursive_basis,0.0003321000258438289,0
0.1,109,110,recursive_no_basis,0.0006018999847583473,0
0.1,109,110,general,0.0012458999990485609,0
0.1,110,111,recursive_no_basis,0.0003420999855734408,0
0.1,110,111,general,0.001199700025608763,0
0.1,110,111,recursive_basis,0.0004073000163771212,0
0.1,111,112,general,0.0011239000014029443,1
0.1,111,112,recursive_basis,0.002421100012725219,1
0.1,111,112,recursive_no_basis,0.0011289999820291996,1
0.1,112,113,recursive_basis,0.00038660000427626073,0
0.1,112,113,recursive_no_basis,0.0003732999903149903,0
0.1,112,113,general,0.0013349999790079892,0
0.1,113,114,recursive_no_basis,0.00035990000469610095,0
0.1,113,114,general,0.0012661999789997935,0
0.1,113,114,recursive_basis,0.0004293000092729926,0
0.1,114,115,general,0.0012464000028558075,0
0.1,114,115,recursive_basis,0.0003890999942086637,0
0.1,114,115,recursive_no_basis,0.00037739999243058264,0
0.1,115,116,recursive_basis,0.00037170000723563135,0
0.1,115,116,recursive_no_basis,0.000381499994546175,0
0.1,115,116,general,0.001291199994739145,0
0.1,116,117,recursive_no_basis,0.0003519999736454338,0
0.1,116,117,general,0.0012450000212993473,0
0.1,116,117,recursive_basis,0.00042019999818876386,0
0.1,117,118,general,0.001192399999126792,0
0.1,117,118,recursive_basis,0.0006358999817166477,0
0.1,117,118,recursive_no_basis,0.00040889999945648015,0
0.1,118,119,recursive_basis,0.0003360999980941415,0
0.1,118,119,recursive_no_basis,0.0003546999942045659,0
0.1,118,119,general,0.001291799999307841,0
0.1,119,120,recursive_no_basis,0.0003606999816838652,0
0.1,119,120,general,0.0012371999910101295,0
0.1,119,120,recursive_basis,0.00040109999827109277,0
0.1,120,121,general,0.0012011000071652234,0
0.1,120,121,recursive_basis,0.00035489999572746456,0
0.1,120,121,recursive_no_basis,0.00036070001078769565,0
0.1,121,122,recursive_basis,0.0003284999984316528,0
0.1,121,122,recursive_no_basis,0.0005956999957561493,0
0.1,121,122,general,0.0012035999970976263,0
0.1,122,123,recursive_no_basis,0.0010076000180561095,1
0.1,122,123,general,0.001133300014771521,1
0.1,122,123,recursive_basis,0.0016907000099308789,1
0.1,123,124,general,0.0011479000095278025,0
0.1,123,124,recursive_basis,0.00036429997999221087,0
0.1,123,124,recursive_no_basis,0.00047400000039488077,0
0.1,124,125,recursive_basis,0.001745599991409108,1
0.1,124,125,recursive_no_basis,0.0010091000003740191,1
0.1,124,125,general,0.0011532999924384058,1
0.1,125,126,recursive_no_basis,0.0003377000102773309,0
0.1,125,126,general,0.001119799999287352,0
0.1,125,126,recursive_basis,0.00039700002525933087,0
0.1,126,127,general,0.0010814999986905605,0
0.1,126,127,recursive_basis,0.000354000017978251,0
0.1,126,127,recursive_no_basis,0.000374099996406585,0
0.1,127,128,recursive_basis,0.00032890000147745013,0
0.1,127,128,recursive_no_basis,0.00036279999767430127,0
0.1,127,128,general,0.0011805000249296427,0
0.1,128,129,recursive_no_basis,0.001038299989886582,1
0.1,128,129,general,0.0011855999764520675,1
0.1,128,129,recursive_basis,0.0018588999810162932,1
0.1,129,130,general,0.0016280999989248812,0
0.1,129,130,recursive_basis,0.0006427000043913722,0
0.1,129,130,recursive_no_basis,0.0003893999964930117,0
0.1,130,131,recursive_basis,0.0003601000062189996,0
0.1,130,131,recursive_no_basis,0.00036780000664293766,0
0.1,130,131,general,0.0012886000040452927,0
0.1,131,132,recursive_no_basis,0.00034309999318793416,0
0.1,131,132,general,0.001127199997426942,0
0.1,131,132,recursive_basis,0.00041280000004917383,0
0.1,132,133,general,0.001248300017323345,0
0.1,132,133,recursive_basis,0.00036619999445974827,0
0.1,132,133,recursive_no_basis,0.00039010000182315707,0
0.1,133,134,recursive_basis,0.00032610000926069915,0
0.1,133,134,recursive_no_basis,0.0006228999991435558,0
0.1,133,134,general,0.0012652000004891306,0
0.1,134,135,recursive_no_basis,0.00036199999158270657,0
0.1,134,135,general,0.0011606999905779958,0
0.1,134,135,recursive_basis,0.0003913000109605491,0
0.1,135,136,general,0.001087299984646961,1
0.1,135,136,recursive_basis,0.002097499993396923,1
0.1,135,136,recursive_no_basis,0.0012346000003162771,1
0.1,136,137,recursive_basis,0.0003606000100262463,0
0.1,136,137,recursive_no_basis,0.00040309998439624906,0
0.1,136,137,general,0.001353900006506592,0
0.1,137,138,recursive_no_basis,0.0003856000257655978,0
0.1,137,138,general,0.0012906000192742795,0
0.1,137,138,recursive_basis,0.00045980000868439674,0
0.1,138,139,general,0.0013137999922037125,0
0.1,138,139,recursive_basis,0.00038499999209307134,0
0.1,138,139,recursive_no_basis,0.00040339998668059707,0
0.1,139,140,recursive_basis,0.00033409998286515474,0
0.1,139,140,recursive_no_basis,0.0003541000187397003,0
0.1,139,140,general,0.0012384000001475215,0
0.1,140,141,recursive_no_basis,0.00036609999369829893,0
0.1,140,141,general,0.0012578999740071595,0
0.1,140,141,recursive_basis,0.00041450001299381256,0
0.1,141,142,general,0.0015923000173643231,0
0.1,141,142,recursive_basis,0.0005012000037822872,0
0.1,141,142,recursive_no_basis,0.0004315999976824969,0
0.1,142,143,recursive_basis,0.000381499994546175,0
0.1,142,143,recursive_no_basis,0.00045140000293031335,0
0.1,142,143,general,0.001388799981214106,0
0.1,143,144,recursive_no_basis,0.0004000999906565994,0
0.1,143,144,general,0.0014250999956857413,0
0.1,143,144,recursive_basis,0.0005603999888990074,0
0.1,144,145,general,0.0013496999745257199,0
0.1,144,145,recursive_basis,0.00044040000648237765,0
0.1,144,145,recursive_no_basis,0.00039499998092651367,0
0.1,145,146,recursive_basis,0.00036619999445974827,0
0.1,145,146,recursive_no_basis,0.0006145000224933028,0
0.1,145,146,general,0.0013919000048190355,0
0.1,146,147,recursive_no_basis,0.0003615999885369092,0
0.1,146,147,general,0.0013578000070992857,0
0.1,146,147,recursive_basis,0.00044800000614486635,0
0.1,147,148,general,0.0012799000251106918,0
0.1,147,148,recursive_basis,0.000391999987186864,0
0.1,147,148,recursive_no_basis,0.000384299986762926,0
0.1,148,149,recursive_basis,0.00034050000249408185,0
0.1,148,149,recursive_no_basis,0.0003397000255063176,0
0.1,148,149,general,0.001277900009881705,0
0.1,149,150,recursive_no_basis,0.00034550001146271825,0
0.1,149,150,general,0.0011543000000528991,0
0.1,149,150,recursive_basis,0.0003869999782182276,0
0.1,150,151,general,0.001343700016150251,0
0.1,150,151,recursive_basis,0.0003941000031773001,0
0.1,150,151,recursive_no_basis,0.0003422000154387206,0
0.1,151,152,recursive_basis,0.0003844000166282058,0
0.1,151,152,recursive_no_basis,0.0003350999904796481,0
0.1,151,152,general,0.0013042000064160675,0
0.1,152,153,recursive_no_basis,0.0003887999919243157,0
0.1,152,153,general,0.0011881999962497503,0
0.1,152,153,recursive_basis,0.0003512999974191189,0
0.1,153,154,general,0.001129999989643693,0
0.1,153,154,recursive_basis,0.00042109997593797743,0
0.1,153,154,recursive_no_basis,0.0003324999997857958,0
0.1,154,155,recursive_basis,0.0003828000044450164,0
0.1,154,155,recursive_no_basis,0.0005248999805189669,0
0.1,154,155,general,0.0014395999896805733,0
0.1,155,156,recursive_no_basis,0.000450999999884516,0
0.1,155,156,general,0.0015171000268310308,0
0.1,155,156,recursive_basis,0.0003986000083386898,0
0.1,156,157,general,0.001203799998620525,0
0.1,156,157,recursive_basis,0.00046519999159500003,0
0.1,156,157,recursive_no_basis,0.00035790001857094467,0
0.1,157,158,recursive_basis,0.00043250000453554094,0
0.1,157,158,recursive_no_basis,0.000374700000975281,0
0.1,157,158,general,0.0012749000161420554,0
0.1,158,159,recursive_no_basis,0.0006443999882321805,0
0.1,158,159,general,0.0012416999961715192,0
0.1,158,159,recursive_basis,0.00038640000275336206,0
0.1,159,160,general,0.001269600004889071,0
0.1,159,160,recursive_basis,0.0004222000134177506,0
0.1,159,160,recursive_no_basis,0.0003578999894671142,0
0.1,160,161,recursive_basis,0.000378700002329424,0
0.1,160,161,recursive_no_basis,0.00034830000367946923,0
0.1,160,161,general,0.0014984000008553267,0
0.1,161,162,recursive_no_basis,0.00046839998685754836,0
0.1,161,162,general,0.001412600016919896,0
0.1,161,162,recursive_basis,0.0004104000108782202,0
0.1,162,163,general,0.001330800005234778,0
0.1,162,163,recursive_basis,0.00046779998228885233,0
0.1,162,163,recursive_no_basis,0.00034340002457611263,0
0.1,163,164,recursive_basis,0.0020678000000771135,1
0.1,163,164,recursive_no_basis,0.0014698999875690788,1
0.1,163,164,general,0.0015633000002708286,1
0.1,164,165,recursive_no_basis,0.0016756000113673508,1
0.1,164,165,general,0.0017318000027444214,1
0.1,164,165,recursive_basis,0.0025058999890461564,1
0.1,165,166,general,0.0014804000093135983,0
0.1,165,166,recursive_basis,0.0004993999900761992,0
0.1,165,166,recursive_no_basis,0.0003797000099439174,0
0.1,166,167,recursive_basis,0.0004588000010699034,0
0.1,166,167,recursive_no_basis,0.00038720000884495676,0
0.1,166,167,general,0.0014526000013574958,0
0.1,167,168,recursive_no_basis,0.00042860000394284725,0
0.1,167,168,general,0.0014713999989908189,0
0.1,167,168,recursive_basis,0.00039739999920129776,0
0.1,168,169,general,0.0012801000266335905,0
0.1,168,169,recursive_basis,0.0004474000015761703,0
0.1,168,169,recursive_no_basis,0.00033629999961704016,0
0.1,169,170,recursive_basis,0.0003794000076595694,0
0.1,169,170,recursive_no_basis,0.00034020000020973384,0
0.1,169,170,general,0.0014039000088814646,0
0.1,170,171,recursive_no_basis,0.0007556000200565904,0
0.1,170,171,general,0.0017771999991964549,0
0.1,170,171,recursive_basis,0.0006993999995756894,0
0.1,171,172,general,0.0015228000120259821,0
0.1,171,172,recursive_basis,0.0004976999771315604,0
0.1,171,172,recursive_no_basis,0.0003858999989461154,0
0.1,172,173,recursive_basis,0.0005428000004030764,0
0.1,172,173,recursive_no_basis,0.0003549999964889139,0
0.1,172,173,general,0.0016630000027362257,0
0.1,173,174,recursive_no_basis,0.0016115999897010624,1
0.1,173,174,general,0.0021678000048268586,1
0.1,173,174,recursive_basis,0.0020391999860294163,1
0.1,174,175,general,0.001257600000826642,0
0.1,174,175,recursive_basis,0.00046109998947940767,0
0.1,174,175,recursive_no_basis,0.0003310000174678862,0
0.1,175,176,recursive_basis,0.00037670001620426774,0
0.1,175,176,recursive_no_basis,0.00032890000147745013,0
0.1,175,176,general,0.0012764999992214143,0
0.1,176,177,recursive_no_basis,0.00041390000842511654,0
0.1,176,177,general,0.0012665999820455909,0
0.1,176,177,recursive_basis,0.0003798999823629856,0
0.1,177,178,general,0.001256999996257946,0
0.1,177,178,recursive_basis,0.0004091000009793788,0
0.1,177,178,recursive_no_basis,0.00035459999344311655,0
0.1,178,179,recursive_basis,0.00037429999792948365,0
0.1,178,179,recursive_no_basis,0.00034779999987222254,0
0.1,178,179,general,0.0012366999872028828,0
0.1,179,180,recursive_no_basis,0.00038040001527406275,0
0.1,179,180,general,0.0011006999993696809,0
0.1,179,180,recursive_basis,0.00034970001433975995,0
0.1,180,181,general,0.0010507999977562577,1
0.1,180,181,recursive_basis,0.0029206999752204865,1
0.1,180,181,recursive_no_basis,0.0016639999812468886,1
0.1,181,182,recursive_basis,0.00041290000081062317,0
0.1,181,182,recursive_no_basis,0.0003410999779589474,0
0.1,181,182,general,0.0012735000054817647,0
0.1,182,183,recursive_no_basis,0.0006338999955914915,0
0.1,182,183,general,0.001283799996599555,0
0.1,182,183,recursive_basis,0.000365100015187636,0
0.1,183,184,general,0.0012423000007402152,0
0.1,183,184,recursive_basis,0.0004185000143479556,0
0.1,183,184,recursive_no_basis,0.0003350999904796481,0
0.1,184,185,recursive_basis,0.00038460001815110445,0
0.1,184,185,recursive_no_basis,0.00033439998514950275,0
0.1,184,185,general,0.0012152999988757074,0
0.1,185,186,recursive_no_basis,0.00037930000689812005,0
0.1,185,186,general,0.0011753999860957265,0
0.1,185,186,recursive_basis,0.0003727000148501247,0
0.1,186,187,general,0.0011703000054694712,0
0.1,186,187,recursive_basis,0.0005089000042062253,0
0.1,186,187,recursive_no_basis,0.00035180000122636557,0
0.1,187,188,recursive_basis,0.001765400025760755,1
0.1,187,188,recursive_no_basis,0.0009884000173769891,1
0.1,187,188,general,0.0010563999821897596,1
0.1,188,189,recursive_no_basis,0.00039099997957237065,0
0.1,188,189,general,0.0012391000054776669,0
0.1,188,189,recursive_basis,0.0003926999925170094,0
0.1,189,190,general,0.0011334999871905893,0
0.1,189,190,recursive_basis,0.00041390000842511654,0
0.1,189,190,recursive_no_basis,0.00035200000274926424,0
0.1,190,191,recursive_basis,0.0003825000021606684,0
0.1,190,191,recursive_no_basis,0.0003687000134959817,0
0.1,190,191,general,0.0013117000053171068,0
0.1,191,192,recursive_no_basis,0.0004030000127386302,0
0.1,191,192,general,0.001207799999974668,0
0.1,191,192,recursive_basis,0.000382099999114871,0
0.1,192,193,general,0.0011104000150226057,1
0.1,192,193,recursive_basis,0.0020135999948251992,1
0.1,192,193,recursive_no_basis,0.001087299984646961,1
0.1,193,194,recursive_basis,0.00042150000808760524,0
0.1,193,194,recursive_no_basis,0.0003425999893806875,0
0.1,193,194,general,0.0013037000026088208,0
0.1,194,195,recursive_no_basis,0.0006637999904341996,0
0.1,194,195,general,0.001299199997447431,0
0.1,194,195,recursive_basis,0.0003862000012304634,0
0.1,195,196,general,0.0012524999910965562,0
0.1,195,196,recursive_basis,0.00043710001045838,0
0.1,195,196,recursive_no_basis,0.0003330000035930425,0
0.1,196,197,recursive_basis,0.0018375000217929482,1
0.1,196,197,recursive_no_basis,0.0010405000066384673,1
0.1,196,197,general,0.0012403999862726778,1
0.1,197,198,recursive_no_basis,0.001061399991158396,1
0.1,197,198,general,0.001539000018965453,1
0.1,197,198,recursive_basis,0.0018525999912526459,1
0.1,198,199,general,0.0012357000086922199,0
0.1,198,199,recursive_basis,0.00043840002035722136,0
0.1,198,199,recursive_no_basis,0.0004194999928586185,0
0.1,199,200,recursive_basis,0.000388299988117069,0
0.1,199,200,recursive_no_basis,0.00032869999995455146,0
0.1,199,200,general,0.0011378000199329108,0
0.2,0,1,general,0.0027082999877166003,3
0.2,0,1,recursive_basis,0.003430100012337789,3
0.2,0,1,recursive_no_basis,0.00247129998751916,3
0.2,1,2,recursive_basis,0.005609199986793101,7
0.2,1,2,recursive_no_basis,0.0027649999829009175,7
0.2,1,2,general,0.0024833000206854194,7
0.2,2,3,recursive_no_basis,0.002540199988288805,3
0.2,2,3,general,0.002936100005172193,3
0.2,2,3,recursive_basis,0.004376099997898564,3
0.2,3,4,general,0.002686899999389425,3
0.2,3,4,recursive_basis,0.005113399995025247,3
0.2,3,4,recursive_no_basis,0.0027783999976236373,3
0.2,4,5,recursive_basis,0.005553199996938929,4
0.2,4,5,recursive_no_basis,0.0029925999988336116,4
0.2,4,5,general,0.002607999980682507,4
0.2,5,6,recursive_no_basis,0.001957599975867197,5
0.2,5,6,general,0.0027028000040445477,5
0.2,5,6,recursive_basis,0.0035700000007636845,5
0.2,6,7,general,0.0024696000036783516,4
0.2,6,7,recursive_basis,0.004509499995037913,4
0.2,6,7,recursive_no_basis,0.0025360000145155936,4
0.2,7,8,recursive_basis,0.004352300020400435,5
0.2,7,8,recursive_no_basis,0.0025520999915897846,5
0.2,7,8,general,0.0024113999970722944,5
0.2,8,9,recursive_no_basis,0.0022610999876633286,2
0.2,8,9,general,0.00270389998331666,2
0.2,8,9,recursive_basis,0.004107999993721023,2
0.2,9,10,general,0.0025138000200968236,4
0.2,9,10,recursive_basis,0.004803699994226918,4
0.2,9,10,recursive_no_basis,0.0027486999751999974,4
0.2,10,11,recursive_basis,0.0043883000034838915,3
0.2,10,11,recursive_no_basis,0.0024711999867577106,3
0.2,10,11,general,0.002730800013523549,3
0.2,11,12,recursive_no_basis,0.0024495999969076365,4
0.2,11,12,general,0.0027498000126797706,4
0.2,11,12,recursive_basis,0.0044824999931734055,4
0.2,12,13,general,0.002566900016972795,4
0.2,12,13,recursive_basis,0.004741599987028167,4
0.2,12,13,recursive_no_basis,0.002748200000496581,4
0.2,13,14,recursive_basis,0.00439439999172464,5
0.2,13,14,recursive_no_basis,0.002511900005629286,5
0.2,13,14,general,0.002522599999792874,5
0.2,14,15,recursive_no_basis,0.0020493000047281384,2
0.2,14,15,general,0.0028705000004265457,2
0.2,14,15,recursive_basis,0.0034755000087898225,2
0.2,15,16,general,0.0025138999917544425,4
0.2,15,16,recursive_basis,0.004844699986279011,4
0.2,15,16,recursive_no_basis,0.0027814000204671174,4
0.2,16,17,recursive_basis,0.004029599978821352,3
0.2,16,17,recursive_no_basis,0.0024292999878525734,3
0.2,16,17,general,0.0026919000083580613,3
0.2,17,18,recursive_no_basis,0.002602399996249005,4
0.2,17,18,general,0.0027688000118359923,4
0.2,17,18,recursive_basis,0.004742899996927008,4
0.2,18,19,general,0.002465700003085658,5
0.2,18,19,recursive_basis,0.003694900020491332,5
0.2,18,19,recursive_no_basis,0.0022433999984059483,5
0.2,19,20,recursive_basis,0.00383139998302795,3
0.2,19,20,recursive_no_basis,0.002294900012202561,3
0.2,19,20,general,0.002640499995322898,3
0.2,20,21,recursive_no_basis,0.003465200017672032,4
0.2,20,21,general,0.0026630999927874655,4
0.2,20,21,recursive_basis,0.005133300001034513,4
0.2,21,22,general,0.0027258000045549124,3
0.2,21,22,recursive_basis,0.005187400005524978,3
0.2,21,22,recursive_no_basis,0.002647299988893792,3
0.2,22,23,recursive_basis,0.0035604000149760395,2
0.2,22,23,recursive_no_basis,0.0020564000005833805,2
0.2,22,23,general,0.0033013999927788973,2
0.2,23,24,recursive_no_basis,0.002528499986510724,3
0.2,23,24,general,0.002706300001591444,3
0.2,23,24,recursive_basis,0.004268999997293577,3
0.2,24,25,general,0.0026378999755252153,4
0.2,24,25,recursive_basis,0.004084999993210658,4
0.2,24,25,recursive_no_basis,0.002432700013741851,4
0.2,25,26,recursive_basis,0.004861800000071526,5
0.2,25,26,recursive_no_basis,0.002826599986292422,5
0.2,25,26,general,0.0026160999841522425,5
0.2,26,27,recursive_no_basis,0.0019967000116594136,3
0.2,26,27,general,0.002795500011416152,3
0.2,26,27,recursive_basis,0.003393599996343255,3
0.2,27,28,general,0.002598099992610514,3
0.2,27,28,recursive_basis,0.0033696999889798462,3
0.2,27,28,recursive_no_basis,0.001979099994059652,3
0.2,28,29,recursive_basis,0.003924399992683902,3
0.2,28,29,recursive_no_basis,0.002590399992186576,3
0.2,28,29,general,0.002761999989161268,3
0.2,29,30,recursive_no_basis,0.0020416000043042004,3
0.2,29,30,general,0.0027756000054068863,3
0.2,29,30,recursive_basis,0.0036377999931573868,3
0.2,30,31,general,0.002688199980184436,4
0.2,30,31,recursive_basis,0.0043040000018663704,4
0.2,30,31,recursive_no_basis,0.002365799999097362,4
0.2,31,32,recursive_basis,0.0032952000037766993,2
0.2,31,32,recursive_no_basis,0.0022954999876674265,2
0.2,31,32,general,0.002776100009214133,2
0.2,32,33,recursive_no_basis,0.0025572000013198704,4
0.2,32,33,general,0.0025406000204384327,4
0.2,32,33,recursive_basis,0.004570700024487451,4
0.2,33,34,general,0.002860499982489273,4
0.2,33,34,recursive_basis,0.003860900003928691,4
0.2,33,34,recursive_no_basis,0.0022415000130422413,4
0.2,34,35,recursive_basis,0.004934600001433864,5
0.2,34,35,recursive_no_basis,0.003710999997565523,5
0.2,34,35,general,0.002587299997685477,5
0.2,35,36,recursive_no_basis,0.002032899996265769,2
0.2,35,36,general,0.0028694000211544335,2
0.2,35,36,recursive_basis,0.003344099997775629,2
0.2,36,37,general,0.0026308000087738037,4
0.2,36,37,recursive_basis,0.0036591000098269433,4
0.2,36,37,recursive_no_basis,0.002064900007098913,4
0.2,37,38,recursive_basis,0.004601299995556474,5
0.2,37,38,recursive_no_basis,0.0028043999918736517,5
0.2,37,38,general,0.0024046000035014004,5
0.2,38,39,recursive_no_basis,0.002075900003546849,3
0.2,38,39,general,0.0025828999932855368,3
0.2,38,39,recursive_basis,0.003136799990897998,3
0.2,39,40,general,0.00223280000500381,6
0.2,39,40,recursive_basis,0.004556700005196035,6
0.2,39,40,recursive_no_basis,0.002697600022656843,6
0.2,40,41,recursive_basis,0.004003800015198067,3
0.2,40,41,recursive_no_basis,0.0024542999744880944,3
0.2,40,41,general,0.002650099981110543,3
0.2,41,42,recursive_no_basis,0.002527200005715713,5
0.2,41,42,general,0.002650200010975823,5
0.2,41,42,recursive_basis,0.004406699998071417,5
0.2,42,43,general,0.0026658999850042164,3
0.2,42,43,recursive_basis,0.004024900001240894,3
0.2,42,43,recursive_no_basis,0.002363000006880611,3
0.2,43,44,recursive_basis,0.005257199984043837,5
0.2,43,44,recursive_no_basis,0.0028101000061724335,5
0.2,43,44,general,0.0025465000071562827,5
0.2,44,45,recursive_no_basis,0.002497900015441701,4
0.2,44,45,general,0.002627800015034154,4
0.2,44,45,recursive_basis,0.004491400002734736,4
0.2,45,46,general,0.002657199976965785,2
0.2,45,46,recursive_basis,0.004388200002722442,2
0.2,45,46,recursive_no_basis,0.003194899996742606,2
0.2,46,47,recursive_basis,0.004016899998532608,4
0.2,46,47,recursive_no_basis,0.0023114000214263797,4
0.2,46,47,general,0.0025496000016573817,4
0.2,47,48,recursive_no_basis,0.002147899998817593,5
0.2,47,48,general,0.002510899998014793,5
0.2,47,48,recursive_basis,0.0037222999962978065,5
0.2,48,49,general,0.0027747999993152916,3
0.2,48,49,recursive_basis,0.003853700007312,3
0.2,48,49,recursive_no_basis,0.002284100017277524,3
0.2,49,50,recursive_basis,0.004273500002454966,4
0.2,49,50,recursive_no_basis,0.002833199978340417,4
0.2,49,50,general,0.0025702999846544117,4
0.2,50,51,recursive_no_basis,0.0028479000029619783,6
0.2,50,51,general,0.0023332000127993524,6
0.2,50,51,recursive_basis,0.004929699993226677,6
0.2,51,52,general,0.0028953000146429986,2
0.2,51,52,recursive_basis,0.0025566999975126237,2
0.2,51,52,recursive_no_basis,0.0016052999999374151,2
0.2,52,53,recursive_basis,0.003828599990811199,3
0.2,52,53,recursive_no_basis,0.002255600003991276,3
0.2,52,53,general,0.0026848000125028193,3
0.2,53,54,recursive_no_basis,0.0023856000043451786,3
0.2,53,54,general,0.002717399998800829,3
0.2,53,54,recursive_basis,0.003843399987090379,3
0.2,54,55,general,0.002533199993195012,4
0.2,54,55,recursive_basis,0.0033528000058140606,4
0.2,54,55,recursive_no_basis,0.002071700000669807,4
0.2,55,56,recursive_basis,0.004246399999829009,4
0.2,55,56,recursive_no_basis,0.002502800023648888,4
0.2,55,56,general,0.002504800009774044,4
0.2,56,57,recursive_no_basis,0.0024139999877661467,4
0.2,56,57,general,0.00266100000590086,4
0.2,56,57,recursive_basis,0.004207899997709319,4
0.2,57,58,general,0.0026083999837283045,2
0.2,57,58,recursive_basis,0.00358850002521649,2
0.2,57,58,recursive_no_basis,0.0022332000080496073,2
0.2,58,59,recursive_basis,0.003732800018042326,4
0.2,58,59,recursive_no_basis,0.0022441000037360936,4
0.2,58,59,general,0.0024448000185657293,4
0.2,59,60,recursive_no_basis,0.0022592000022996217,3
0.2,59,60,general,0.002615299978060648,3
0.2,59,60,recursive_basis,0.0036579000006895512,3
0.2,60,61,general,0.0026920000091195107,2
0.2,60,61,recursive_basis,0.0030796999926678836,2
0.2,60,61,recursive_no_basis,0.001886499987449497,2
0.2,61,62,recursive_basis,0.004216800007270649,3
0.2,61,62,recursive_no_basis,0.0025323999871034175,3
0.2,61,62,general,0.002634600008605048,3
0.2,62,63,recursive_no_basis,0.0019391000096220523,4
0.2,62,63,general,0.0024185999936889857,4
0.2,62,63,recursive_basis,0.0032031999726314098,4
0.2,63,64,general,0.0024253999872598797,4
0.2,63,64,recursive_basis,0.0037459000013768673,4
0.2,63,64,recursive_no_basis,0.0022646999859716743,4
0.2,64,65,recursive_basis,0.0037626000121235847,2
0.2,64,65,recursive_no_basis,0.0022210000024642795,2
0.2,64,65,general,0.0026615999813657254,2
0.2,65,66,recursive_no_basis,0.0018319999799132347,4
0.2,65,66,general,0.002428800013149157,4
0.2,65,66,recursive_basis,0.0033844000136014074,4
0.2,66,67,general,0.0025369000213686377,3
0.2,66,67,recursive_basis,0.0035659000277519226,3
0.2,66,67,recursive_no_basis,0.002201499999500811,3
0.2,67,68,recursive_basis,0.0036344000254757702,3
0.2,67,68,recursive_no_basis,0.0025531999999657273,3
0.2,67,68,general,0.002642600011313334,3
0.2,68,69,recursive_no_basis,0.0029845999961253256,2
0.2,68,69,general,0.0028424000192899257,2
0.2,68,69,recursive_basis,0.0049340999976266176,2
0.2,69,70,general,0.0026169999910052866,3
0.2,69,70,recursive_basis,0.004159800009801984,3
0.2,69,70,recursive_no_basis,0.0025007999793160707,3
0.2,70,71,recursive_basis,0.0047845999943092465,3
0.2,70,71,recursive_no_basis,0.0030011999770067632,3
0.2,70,71,general,0.0025431000103708357,3
0.2,71,72,recursive_no_basis,0.0018088000069838017,4
0.2,71,72,general,0.0024769000010564923,4
0.2,71,72,recursive_basis,0.003181500011123717,4
0.2,72,73,general,0.002690900000743568,4
0.2,72,73,recursive_basis,0.00382700000773184,4
0.2,72,73,recursive_no_basis,0.0021994000126142055,4
0.2,73,74,recursive_basis,0.0037614000029861927,3
0.2,73,74,recursive_no_basis,0.002322099986486137,3
0.2,73,74,general,0.0026906999992206693,3
0.2,74,75,recursive_no_basis,0.0023920000239741057,2
0.2,74,75,general,0.002731899992795661,2
0.2,74,75,recursive_basis,0.003623099997639656,2
0.2,75,76,general,0.00260909998905845,3
0.2,75,76,recursive_basis,0.003717599989613518,3
0.2,75,76,recursive_no_basis,0.0024435999803245068,3
0.2,76,77,recursive_basis,0.0037653999752365053,2
0.2,76,77,recursive_no_basis,0.0023193999950308353,2
0.2,76,77,general,0.00269210000988096,2
0.2,77,78,recursive_no_basis,0.001105000003008172,2
0.2,77,78,general,0.002785699995001778,2
0.2,77,78,recursive_basis,0.0017029000155162066,2
0.2,78,79,general,0.002666599990334362,2
0.2,78,79,recursive_basis,0.003982199996244162,2
0.2,78,79,recursive_no_basis,0.002448299987008795,2
0.2,79,80,recursive_basis,0.004068800015375018,2
0.2,79,80,recursive_no_basis,0.0025977000186685473,2
0.2,79,80,general,0.0027617000159807503,2
0.2,80,81,recursive_no_basis,0.002891400014050305,3
0.2,80,81,general,0.002543599985074252,3
0.2,80,81,recursive_basis,0.004107899992959574,3
0.2,81,82,general,0.0026274999836459756,2
0.2,81,82,recursive_basis,0.0038668000197503716,2
0.2,81,82,recursive_no_basis,0.002265499992063269,2
0.2,82,83,recursive_basis,0.004537499975413084,4
0.2,82,83,recursive_no_basis,0.002650000009452924,4
0.2,82,83,general,0.0026194999809376895,4
0.2,83,84,recursive_no_basis,0.0020972999918740243,2
0.2,83,84,general,0.0026809000119101256,2
0.2,83,84,recursive_basis,0.003246700012823567,2
0.2,84,85,general,0.0026987000019289553,3
0.2,84,85,recursive_basis,0.0038104999985080212,3
0.2,84,85,recursive_no_basis,0.002464799996232614,3
0.2,85,86,recursive_basis,0.00431590000516735,4
0.2,85,86,recursive_no_basis,0.002576800005044788,4
0.2,85,86,general,0.0026270999806001782,4
0.2,86,87,recursive_no_basis,0.0022653999913018197,3
0.2,86,87,general,0.002813700004480779,3
0.2,86,87,recursive_basis,0.003956600005039945,3
0.2,87,88,general,0.0026000000070780516,4
0.2,87,88,recursive_basis,0.0028335000097285956,4
0.2,87,88,recursive_no_basis,0.0016341999871656299,4
0.2,88,89,recursive_basis,0.002491200022632256,2
0.2,88,89,recursive_no_basis,0.001746199995977804,2
0.2,88,89,general,0.002877999999327585,2
0.2,89,90,recursive_no_basis,0.0028269000176806003,3
0.2,89,90,general,0.0027046000177506357,3
0.2,89,90,recursive_basis,0.004151800007093698,3
0.2,90,91,general,0.002888699993491173,4
0.2,90,91,recursive_basis,0.0039009000174701214,4
0.2,90,91,recursive_no_basis,0.002283399982843548,4
0.2,91,92,recursive_basis,0.0036764999967999756,3
0.2,91,92,recursive_no_basis,0.0022437000006902963,3
0.2,91,92,general,0.002902699983678758,3
0.2,92,93,recursive_no_basis,0.002036899997619912,4
0.2,92,93,general,0.0025396000128239393,4
0.2,92,93,recursive_basis,0.003249999979743734,4
0.2,93,94,general,0.0025770999782253057,4
0.2,93,94,recursive_basis,0.004908700007945299,4
0.2,93,94,recursive_no_basis,0.002989000000525266,4
0.2,94,95,recursive_basis,0.004720800003269687,4
0.2,94,95,recursive_no_basis,0.002646000008098781,4
0.2,94,95,general,0.002556199993705377,4
0.2,95,96,recursive_no_basis,0.002446900005452335,2
0.2,95,96,general,0.002737300004810095,2
0.2,95,96,recursive_basis,0.0038902999949641526,2
0.2,96,97,general,0.0026218999992124736,4
0.2,96,97,recursive_basis,0.0031614000035915524,4
0.2,96,97,recursive_no_basis,0.0018801999976858497,4
0.2,97,98,recursive_basis,0.004856499988818541,3
0.2,97,98,recursive_no_basis,0.002909499977249652,3
0.2,97,98,general,0.002590399992186576,3
0.2,98,99,recursive_no_basis,0.0028421999886631966,3
0.2,98,99,general,0.0027516000263858587,3
0.2,98,99,recursive_basis,0.004196599998977035,3
0.2,99,100,general,0.002526600001147017,4
0.2,99,100,recursive_basis,0.004831199999898672,4
0.2,99,100,recursive_no_basis,0.0029648000199813396,4
0.2,100,101,recursive_basis,0.0042594999831635505,4
0.2,100,101,recursive_no_basis,0.0025382000021636486,4
0.2,100,101,general,0.0024418999964836985,4
0.2,101,102,recursive_no_basis,0.0024991999962367117,4
0.2,101,102,general,0.0024222999927587807,4
0.2,101,102,recursive_basis,0.0042144000180996954,4
0.2,102,103,general,0.0024221000203397125,4
0.2,102,103,recursive_basis,0.004907399998046458,4
0.2,102,103,recursive_no_basis,0.002821400004904717,4
0.2,103,104,recursive_basis,0.004076999990502372,4
0.2,103,104,recursive_no_basis,0.0024779999803286046,4
0.2,103,104,general,0.002467899990733713,4
0.2,104,105,recursive_no_basis,0.0019033999997191131,1
0.2,104,105,general,0.0027815999928861856,1
0.2,104,105,recursive_basis,0.0030790999880991876,1
0.2,105,106,general,0.0027614000136964023,3
0.2,105,106,recursive_basis,0.003356600005645305,3
0.2,105,106,recursive_no_basis,0.00190690002636984,3
0.2,106,107,recursive_basis,0.003625599987572059,3
0.2,106,107,recursive_no_basis,0.002439300005789846,3
0.2,106,107,general,0.0025568999990355223,3
0.2,107,108,recursive_no_basis,0.001796600001398474,3
0.2,107,108,general,0.002646900014951825,3
0.2,107,108,recursive_basis,0.0030501000001095235,3
0.2,108,109,general,0.002406000014161691,4
0.2,108,109,recursive_basis,0.0055302999971900135,4
0.2,108,109,recursive_no_basis,0.0030969999788794667,4
0.2,109,110,recursive_basis,0.003552500013029203,2
0.2,109,110,recursive_no_basis,0.00220320001244545,2
0.2,109,110,general,0.002658699988387525,2
0.2,110,111,recursive_no_basis,0.0025171000161208212,3
0.2,110,111,general,0.002746099984506145,3
0.2,110,111,recursive_basis,0.004232399980537593,3
0.2,111,112,general,0.002609399991342798,3
0.2,111,112,recursive_basis,0.0030245000089053065,3
0.2,111,112,recursive_no_basis,0.0019505999807734042,3
0.2,112,113,recursive_basis,0.003196000005118549,3
0.2,112,113,recursive_no_basis,0.00206389999948442,3
0.2,112,113,general,0.0027051999932155013,3
0.2,113,114,recursive_no_basis,0.002729600004386157,4
0.2,113,114,general,0.002513300016289577,4
0.2,113,114,recursive_basis,0.004584999987855554,4
0.2,114,115,general,0.0027086999907623976,4
0.2,114,115,recursive_basis,0.003027800004929304,4
0.2,114,115,recursive_no_basis,0.0018281000084243715,4
0.2,115,116,recursive_basis,0.003742100001545623,3
0.2,115,116,recursive_no_basis,0.0026922000106424093,3
0.2,115,116,general,0.0029267999925650656,3
0.2,116,117,recursive_no_basis,0.0022635000059381127,5
0.2,116,117,general,0.002461700001731515,5
0.2,116,117,recursive_basis,0.003886999998940155,5
0.2,117,118,general,0.0028590000001713634,3
0.2,117,118,recursive_basis,0.003233600000385195,3
0.2,117,118,recursive_no_basis,0.0019817999855149537,3
0.2,118,119,recursive_basis,0.0030904000159353018,3
0.2,118,119,recursive_no_basis,0.002044900000328198,3
0.2,118,119,general,0.002741300006164238,3
0.2,119,120,recursive_no_basis,0.0023979999823495746,3
0.2,119,120,general,0.002690299996174872,3
0.2,119,120,recursive_basis,0.0037281000113580376,3
0.2,120,121,general,0.0028128999983891845,3
0.2,120,121,recursive_basis,0.004294899990782142,3
0.2,120,121,recursive_no_basis,0.002766599995084107,3
0.2,121,122,recursive_basis,0.0030987999925855547,2
0.2,121,122,recursive_no_basis,0.00205789998290129,2
0.2,121,122,general,0.00275580000015907,2
0.2,122,123,recursive_no_basis,0.0019455999718047678,3
0.2,122,123,general,0.002534300001570955,3
0.2,122,123,recursive_basis,0.003302199998870492,3
0.2,123,124,general,0.0027012999926228076,4
0.2,123,124,recursive_basis,0.0038454000023193657,4
0.2,123,124,recursive_no_basis,0.0023188999912235886,4
0.2,124,125,recursive_basis,0.004140300006838515,3
0.2,124,125,recursive_no_basis,0.0029830000130459666,3
0.2,124,125,general,0.002604799985419959,3
0.2,125,126,recursive_no_basis,0.0021591999975498766,5
0.2,125,126,general,0.0025640999956522137,5
0.2,125,126,recursive_basis,0.0037249000160954893,5
0.2,126,127,general,0.0027852999919559807,2
0.2,126,127,recursive_basis,0.002754500019364059,2
0.2,126,127,recursive_no_basis,0.0016265999875031412,2
0.2,127,128,recursive_basis,0.004867500014370307,4
0.2,127,128,recursive_no_basis,0.0030795999919064343,4
0.2,127,128,general,0.002598399994894862,4
0.2,128,129,recursive_no_basis,0.0030319000070448965,4
0.2,128,129,general,0.002583499997854233,4
0.2,128,129,recursive_basis,0.004971900023519993,4
0.2,129,130,general,0.0027083000168204308,2
0.2,129,130,recursive_basis,0.002594999998109415,2
0.2,129,130,recursive_no_basis,0.0017589000053703785,2
0.2,130,131,recursive_basis,0.0042016999796032906,3
0.2,130,131,recursive_no_basis,0.002565400005551055,3
0.2,130,131,general,0.002740500000072643,3
0.2,131,132,recursive_no_basis,0.002492500003427267,3
0.2,131,132,general,0.0026264999760314822,3
0.2,131,132,recursive_basis,0.0043375999957788736,3
0.2,132,133,general,0.002702300000237301,2
0.2,132,133,recursive_basis,0.0035929000005126,2
0.2,132,133,recursive_no_basis,0.0022661999973934144,2
0.2,133,134,recursive_basis,0.0028577999910339713,3
0.2,133,134,recursive_no_basis,0.0013525999966077507,3
0.2,133,134,general,0.002563400019425899,3
0.2,134,135,recursive_no_basis,0.002002399996854365,3
0.2,134,135,general,0.0026160000124946237,3
0.2,134,135,recursive_basis,0.003522100014379248,3
0.2,135,136,general,0.002761799987638369,4
0.2,135,136,recursive_basis,0.0033591999963391572,4
0.2,135,136,recursive_no_basis,0.0019508000114001334,4
0.2,136,137,recursive_basis,0.004058499995153397,4
0.2,136,137,recursive_no_basis,0.002299299987498671,4
0.2,136,137,general,0.002477700007148087,4
0.2,137,138,recursive_no_basis,0.0012450999929569662,1
0.2,137,138,general,0.0027937999984715134,1
0.2,137,138,recursive_basis,0.0018149999959859997,1
0.2,138,139,general,0.0025585000112187117,3
0.2,138,139,recursive_basis,0.004253099992638454,3
0.2,138,139,recursive_no_basis,0.0025819999864324927,3
0.2,139,140,recursive_basis,0.003872000001138076,3
0.2,139,140,recursive_no_basis,0.0022579999931622297,3
0.2,139,140,general,0.002691899979254231,3
0.2,140,141,recursive_no_basis,0.00200609999592416,3
0.2,140,141,general,0.0026462000096216798,3
0.2,140,141,recursive_basis,0.0036555999831762165,3
0.2,141,142,general,0.0026369999977760017,4
0.2,141,142,recursive_basis,0.0037256999930832535,4
0.2,141,142,recursive_no_basis,0.002129200001945719,4
0.2,142,143,recursive_basis,0.00444479999714531,5
0.2,142,143,recursive_no_basis,0.0027092999953310937,5
0.2,142,143,general,0.00248759999522008,5
0.2,143,144,recursive_no_basis,0.002245400013634935,3
0.2,143,144,general,0.002567400020780042,3
0.2,143,144,recursive_basis,0.0036145000194665045,3
0.2,144,145,general,0.002758899994660169,3
0.2,144,145,recursive_basis,0.004321999993408099,3
0.2,144,145,recursive_no_basis,0.0025483999925199896,3
0.2,145,146,recursive_basis,0.003272000001743436,3
0.2,145,146,recursive_no_basis,0.0019714999943971634,3
0.2,145,146,general,0.002658900019014254,3
0.2,146,147,recursive_no_basis,0.0025599999935366213,4
0.2,146,147,general,0.0024267999979201704,4
0.2,146,147,recursive_basis,0.004271300014806911,4
0.2,147,148,general,0.0026419000059831887,3
0.2,147,148,recursive_basis,0.003876800008583814,3
0.2,147,148,recursive_no_basis,0.0023218000133056194,3
0.2,148,149,recursive_basis,0.004416400013724342,5
0.2,148,149,recursive_no_basis,0.0025098999904002994,5
0.2,148,149,general,0.0025353000091854483,5
0.2,149,150,recursive_no_basis,0.0023388999979943037,2
0.2,149,150,general,0.002612599986605346,2
0.2,149,150,recursive_basis,0.0038247999909799546,2
0.2,150,151,general,0.0024778000079095364,5
0.2,150,151,recursive_basis,0.0037560999917332083,5
0.2,150,151,recursive_no_basis,0.00230679998639971,5
0.2,151,152,recursive_basis,0.004133099981117994,4
0.2,151,152,recursive_no_basis,0.002195399982156232,4
0.2,151,152,general,0.002757099980954081,4
0.2,152,153,recursive_no_basis,0.002070799993816763,3
0.2,152,153,general,0.0025643999979365617,3
0.2,152,153,recursive_basis,0.0035368999815545976,3
0.2,153,154,general,0.002799599984427914,2
0.2,153,154,recursive_basis,0.0025178000214509666,2
0.2,153,154,recursive_no_basis,0.0015647000109311193,2
0.2,154,155,recursive_basis,0.0035359000030439347,4
0.2,154,155,recursive_no_basis,0.002265199989778921,4
0.2,154,155,general,0.0025568999990355223,4
0.2,155,156,recursive_no_basis,0.001966600015293807,2
0.2,155,156,general,0.0026110000035259873,2
0.2,155,156,recursive_basis,0.0030897000106051564,2
0.2,156,157,general,0.002450100000714883,4
0.2,156,157,recursive_basis,0.003961600014008582,4
0.2,156,157,recursive_no_basis,0.002270099997986108,4
0.2,157,158,recursive_basis,0.003210499999113381,4
0.2,157,158,recursive_no_basis,0.0019420000026002526,4
0.2,157,158,general,0.0024304999969899654,4
0.2,158,159,recursive_no_basis,0.0025181999953929335,6
0.2,158,159,general,0.0023342000204138458,6
0.2,158,159,recursive_basis,0.004393600014736876,6
0.2,159,160,general,0.002623200009111315,3
0.2,159,160,recursive_basis,0.003202199994120747,3
0.2,159,160,recursive_no_basis,0.002006700000492856,3
0.2,160,161,recursive_basis,0.00388329999987036,3
0.2,160,161,recursive_no_basis,0.0022394999978132546,3
0.2,160,161,general,0.002718300005653873,3
0.2,161,162,recursive_no_basis,0.0023296999861486256,5
0.2,161,162,general,0.002342699997825548,5
0.2,161,162,recursive_basis,0.0038598999963141978,5
0.2,162,163,general,0.0026732999831438065,3
0.2,162,163,recursive_basis,0.0031875999993644655,3
0.2,162,163,recursive_no_basis,0.0018940000154543668,3
0.2,163,164,recursive_basis,0.0031749999907333404,3
0.2,163,164,recursive_no_basis,0.0019062999926973134,3
0.2,163,164,general,0.0026913000037893653,3
0.2,164,165,recursive_no_basis,0.00229350000154227,4
0.2,164,165,general,0.0025027999945450574,4
0.2,164,165,recursive_basis,0.0038132000190671533,4
0.2,165,166,general,0.0024941000156104565,3
0.2,165,166,recursive_basis,0.0038514000189024955,3
0.2,165,166,recursive_no_basis,0.0022791999799665064,3
0.2,166,167,recursive_basis,0.003045399993425235,2
0.2,166,167,recursive_no_basis,0.0018973000114783645,2
0.2,166,167,general,0.0026304000057280064,2
0.2,167,168,recursive_no_basis,0.002480800001649186,3
0.2,167,168,general,0.0026228000060655177,3
0.2,167,168,recursive_basis,0.0042579000000841916,3
0.2,168,169,general,0.0024744000111240894,4
0.2,168,169,recursive_basis,0.0036582000029738992,4
0.2,168,169,recursive_no_basis,0.002272100013215095,4
0.2,169,170,recursive_basis,0.005083500000182539,3
0.2,169,170,recursive_no_basis,0.0028366000042296946,3
0.2,169,170,general,0.0026202999870292842,3
0.2,170,171,recursive_no_basis,0.001050599996233359,1
0.2,170,171,general,0.002785999997286126,1
0.2,170,171,recursive_basis,0.0017526000156067312,1
0.2,171,172,general,0.002524499985156581,4
0.2,171,172,recursive_basis,0.004192599997622892,4
0.2,171,172,recursive_no_basis,0.0025511000130791217,4
0.2,172,173,recursive_basis,0.00317209999775514,2
0.2,172,173,recursive_no_basis,0.0019764000026043504,2
0.2,172,173,general,0.0027919999847654253,2
0.2,173,174,recursive_no_basis,0.00267730001360178,4
0.2,173,174,general,0.002555599989136681,4
0.2,173,174,recursive_basis,0.004435799986822531,4
0.2,174,175,general,0.0024683999945409596,4
0.2,174,175,recursive_basis,0.0037708000163547695,4
0.2,174,175,recursive_no_basis,0.0023207000049296767,4
0.2,175,176,recursive_basis,0.004361100000096485,5
0.2,175,176,recursive_no_basis,0.002529699995648116,5
0.2,175,176,general,0.0023601999855600297,5
0.2,176,177,recursive_no_basis,0.00216009997529909,4
0.2,176,177,general,0.0027270999853499234,4
0.2,176,177,recursive_basis,0.0031840999727137387,4
0.2,177,178,general,0.0025427000073250383,4
0.2,177,178,recursive_basis,0.004700600024079904,4
0.2,177,178,recursive_no_basis,0.0028130000282544643,4
0.2,178,179,recursive_basis,0.0028813000244554132,2
0.2,178,179,recursive_no_basis,0.0016281000280287117,2
0.2,178,179,general,0.002793699997710064,2
0.2,179,180,recursive_no_basis,0.0024987999931909144,4
0.2,179,180,general,0.002490000013494864,4
0.2,179,180,recursive_basis,0.004673999996157363,4
0.2,180,181,general,0.0025602999958209693,4
0.2,180,181,recursive_basis,0.0032897999917622656,4
0.2,180,181,recursive_no_basis,0.0020081000111531466,4
0.2,181,182,recursive_basis,0.003936900000553578,3
0.2,181,182,recursive_no_basis,0.002201100025558844,3
0.2,181,182,general,0.00259129999903962,3
0.2,182,183,recursive_no_basis,0.0019085999811068177,2
0.2,182,183,general,0.0026360999909229577,2
0.2,182,183,recursive_basis,0.0030310000001918525,2
0.2,183,184,general,0.002599300001747906,2
0.2,183,184,recursive_basis,0.003718300024047494,2
0.2,183,184,recursive_no_basis,0.0023099000100046396,2
0.2,184,185,recursive_basis,0.004640599974663928,3
0.2,184,185,recursive_no_basis,0.0027094999968539923,3
0.2,184,185,general,0.0026421000075060874,3
0.2,185,186,recursive_no_basis,0.002233199978945777,3
0.2,185,186,general,0.002563899994129315,3
0.2,185,186,recursive_basis,0.003656200016848743,3
0.2,186,187,general,0.0025092999858316034,4
0.2,186,187,recursive_basis,0.0043886000057682395,4
0.2,186,187,recursive_no_basis,0.002534300001570955,4
0.2,187,188,recursive_basis,0.0040982000064104795,4
0.2,187,188,recursive_no_basis,0.002355600008741021,4
0.2,187,188,general,0.002480800001649186,4
0.2,188,189,recursive_no_basis,0.0016070000128820539,3
0.2,188,189,general,0.00259129999903962,3
0.2,188,189,recursive_basis,0.00259730001562275,3
0.2,189,190,general,0.002669600013177842,3
0.2,189,190,recursive_basis,0.00430410000262782,3
0.2,189,190,recursive_no_basis,0.0024899000127334148,3
0.2,190,191,recursive_basis,0.004543599992757663,4
0.2,190,191,recursive_no_basis,0.0024405000149272382,4
0.2,190,191,general,0.002654900017660111,4
0.2,191,192,recursive_no_basis,0.0026975999935530126,4
0.2,191,192,general,0.0023899999796412885,4
0.2,191,192,recursive_basis,0.00489519999246113,4
0.2,192,193,general,0.002433199988445267,4
0.2,192,193,recursive_basis,0.0043809000053443015,4
0.2,192,193,recursive_no_basis,0.00251719998777844,4
0.2,193,194,recursive_basis,0.0025920000043697655,4
0.2,193,194,recursive_no_basis,0.0015949999797157943,4
0.2,193,194,general,0.002633099997183308,4
0.2,194,195,recursive_no_basis,0.002408899978036061,3
0.2,194,195,general,0.002599800005555153,3
0.2,194,195,recursive_basis,0.003969999990658835,3
0.2,195,196,general,0.0027117000136058778,2
0.2,195,196,recursive_basis,0.003637899993918836,2
0.2,195,196,recursive_no_basis,0.002459699986502528,2
0.2,196,197,recursive_basis,0.0025228000013157725,2
0.2,196,197,recursive_no_basis,0.0015864999732002616,2
0.2,196,197,general,0.0027563000039663166,2
0.2,197,198,recursive_no_basis,0.0021403999999165535,3
0.2,197,198,general,0.0026265000051353127,3
0.2,197,198,recursive_basis,0.0033594999986235052,3
0.2,198,199,general,0.002639899990754202,3
0.2,198,199,recursive_basis,0.003636099980212748,3
0.2,198,199,recursive_no_basis,0.002345700020669028,3
0.2,199,200,recursive_basis,0.0044521999952849,3
0.2,199,200,recursive_no_basis,0.002844199974788353,3
0.2,199,200,general,0.0025569999997969717,3
0.3,0,1,general,0.004105800006072968,11
0.3,0,1,recursive_basis,0.006498600007034838,11
0.3,0,1,recursive_no_basis,0.003368799982126802,11
0.3,1,2,recursive_basis,0.004900400002952665,13
0.3,1,2,recursive_no_basis,0.0029584000003524125,13
0.3,1,2,general,0.0039391000173054636,13
0.3,2,3,recursive_no_basis,0.0036407000152394176,12
0.3,2,3,general,0.004027500021038577,12
0.3,2,3,recursive_basis,0.00644050000119023,12
0.3,3,4,general,0.0038108000007923692,13
0.3,3,4,recursive_basis,0.005943099997239187,13
0.3,3,4,recursive_no_basis,0.003822400001809001,13
0.3,4,5,recursive_basis,0.0065051999990828335,11
0.3,4,5,recursive_no_basis,0.003639900009147823,11
0.3,4,5,general,0.0044080999796278775,11
0.3,5,6,recursive_no_basis,0.003250200010370463,12
0.3,5,6,general,0.003953900013584644,12
0.3,5,6,recursive_basis,0.006406800006516278,12
0.3,6,7,general,0.004079600010300055,11
0.3,6,7,recursive_basis,0.006235100008780137,11
0.3,6,7,recursive_no_basis,0.003314800007501617,11
0.3,7,8,recursive_basis,0.004832799982978031,11
0.3,7,8,recursive_no_basis,0.0026846000109799206,11
0.3,7,8,general,0.004104000021470711,11
0.3,8,9,recursive_no_basis,0.0032683999743312597,12
0.3,8,9,general,0.003964099974837154,12
0.3,8,9,recursive_basis,0.0061157000018283725,12
0.3,9,10,general,0.004089699999894947,11
0.3,9,10,recursive_basis,0.006907899980433285,11
0.3,9,10,recursive_no_basis,0.003608600003644824,11
0.3,10,11,recursive_basis,0.006464900012360886,12
0.3,10,11,recursive_no_basis,0.003720800013979897,12
0.3,10,11,general,0.004021500004455447,12
0.3,11,12,recursive_no_basis,0.002949099987745285,12
0.3,11,12,general,0.0041742000030353665,12
0.3,11,12,recursive_basis,0.006021999986842275,12
0.3,12,13,general,0.003815000003669411,13
0.3,12,13,recursive_basis,0.006342099979519844,13
0.3,12,13,recursive_no_basis,0.0034221999812871218,13
0.3,13,14,recursive_basis,0.006282999995164573,11
0.3,13,14,recursive_no_basis,0.0032076000061351806,11
0.3,13,14,general,0.00405670001055114,11
0.3,14,15,recursive_no_basis,0.003592599998228252,11
0.3,14,15,general,0.004067900008521974,11
0.3,14,15,recursive_basis,0.00644800000009127,11
0.3,15,16,general,0.0040855999977793545,11
0.3,15,16,recursive_basis,0.005890300002647564,11
0.3,15,16,recursive_no_basis,0.003278199990745634,11
0.3,16,17,recursive_basis,0.006535799999255687,11
0.3,16,17,recursive_no_basis,0.0033173999981954694,11
0.3,16,17,general,0.004100499994819984,11
0.3,17,18,recursive_no_basis,0.003850000008242205,11
0.3,17,18,general,0.004229099984513596,11
0.3,17,18,recursive_basis,0.007083999982569367,11
0.3,18,19,general,0.0040077000157907605,11
0.3,18,19,recursive_basis,0.006022199988365173,11
0.3,18,19,recursive_no_basis,0.0031552999862469733,11
0.3,19,20,recursive_basis,0.00683159998152405,12
0.3,19,20,recursive_no_basis,0.003615300025558099,12
0.3,19,20,general,0.003972399979829788,12
0.3,20,21,recursive_no_basis,0.0038908999995328486,11
0.3,20,21,general,0.003970899997511879,11
0.3,20,21,recursive_basis,0.006730000022798777,11
0.3,21,22,general,0.00406989999464713,11
0.3,21,22,recursive_basis,0.006216100009623915,11
0.3,21,22,recursive_no_basis,0.003323600016301498,11
0.3,22,23,recursive_basis,0.006335199985187501,11
0.3,22,23,recursive_no_basis,0.0033112000091932714,11
0.3,22,23,general,0.004219099995680153,11
0.3,23,24,recursive_no_basis,0.0033713000011630356,11
0.3,23,24,general,0.004203999997116625,11
0.3,23,24,recursive_basis,0.006423499988159165,11
0.3,24,25,general,0.004144300008192658,11
0.3,24,25,recursive_basis,0.00647459999890998,11
0.3,24,25,recursive_no_basis,0.003441200009547174,11
0.3,25,26,recursive_basis,0.006968999980017543,11
0.3,25,26,recursive_no_basis,0.0037694000056944788,11
0.3,25,26,general,0.00407739999354817,11
0.3,26,27,recursive_no_basis,0.0036238000029698014,11
0.3,26,27,general,0.0042107000190299,11
0.3,26,27,recursive_basis,0.00668649998260662,11
0.3,27,28,general,0.004109100002096966,11
0.3,27,28,recursive_basis,0.006062000000383705,11
0.3,27,28,recursive_no_basis,0.003294800000730902,11
0.3,28,29,recursive_basis,0.006540100002894178,11
0.3,28,29,recursive_no_basis,0.003813499992247671,11
0.3,28,29,general,0.004303100024117157,11
0.3,29,30,recursive_no_basis,0.0031814000103622675,11
0.3,29,30,general,0.004209400009131059,11
0.3,29,30,recursive_basis,0.005550400004722178,11
0.3,30,31,general,0.004077100020367652,11
0.3,30,31,recursive_basis,0.0046978000027593225,11
0.3,30,31,recursive_no_basis,0.002641099999891594,11
0.3,31,32,recursive_basis,0.0071724999870639294,11
0.3,31,32,recursive_no_basis,0.0036050000053364784,11
0.3,31,32,general,0.004145100014284253,11
0.3,32,33,recursive_no_basis,0.0037280000105965883,11
0.3,32,33,general,0.004093499999726191,11
0.3,32,33,recursive_basis,0.005945299984887242,11
0.3,33,34,general,0.004195599991362542,11
0.3,33,34,recursive_basis,0.006514400010928512,11
0.3,33,34,recursive_no_basis,0.0032310000096913427,11
0.3,34,35,recursive_basis,0.006596699997317046,11
0.3,34,35,recursive_no_basis,0.003589800006011501,11
0.3,34,35,general,0.003915200009942055,11
0.3,35,36,recursive_no_basis,0.003521399979945272,11
0.3,35,36,general,0.004099399986444041,11
0.3,35,36,recursive_basis,0.006321499997284263,11
0.3,36,37,general,0.0038323000189848244,12
0.3,36,37,recursive_basis,0.006322400004137307,12
0.3,36,37,recursive_no_basis,0.0034265000140294433,12
0.3,37,38,recursive_basis,0.006715399998938665,12
0.3,37,38,recursive_no_basis,0.003577600000426173,12
0.3,37,38,general,0.0038795000000391155,12
0.3,38,39,recursive_no_basis,0.0033475999953225255,11
0.3,38,39,general,0.003999499982455745,11
0.3,38,39,recursive_basis,0.006270600017160177,11
0.3,39,40,general,0.003734700003406033,13
0.3,39,40,recursive_basis,0.00646430000779219,13
0.3,39,40,recursive_no_basis,0.0036920999991707504,13
0.3,40,41,recursive_basis,0.006248899997444823,11
0.3,40,41,recursive_no_basis,0.0034983000077772886,11
0.3,40,41,general,0.004055400000652298,11
0.3,41,42,recursive_no_basis,0.003548200009390712,12
0.3,41,42,general,0.003811000002315268,12
0.3,41,42,recursive_basis,0.006194800022058189,12
0.3,42,43,general,0.0039058999973349273,12
0.3,42,43,recursive_basis,0.0060344000230543315,12
0.3,42,43,recursive_no_basis,0.003204300010111183,12
0.3,43,44,recursive_basis,0.006003299989970401,11
0.3,43,44,recursive_no_basis,0.003333000000566244,11
0.3,43,44,general,0.003969299985328689,11
0.3,44,45,recursive_no_basis,0.003692600002977997,12
0.3,44,45,general,0.0038622999854851514,12
0.3,44,45,recursive_basis,0.006740100012393668,12
0.3,45,46,general,0.003911900013918057,11
0.3,45,46,recursive_basis,0.006216899986611679,11
0.3,45,46,recursive_no_basis,0.0035035000182688236,11
0.3,46,47,recursive_basis,0.006211500003701076,12
0.3,46,47,recursive_no_basis,0.003821199992671609,12
0.3,46,47,general,0.004005199996754527,12
0.3,47,48,recursive_no_basis,0.0032333999988622963,11
0.3,47,48,general,0.004048600007081404,11
0.3,47,48,recursive_basis,0.005640199990011752,11
0.3,48,49,general,0.004084999993210658,11
0.3,48,49,recursive_basis,0.006087399990065023,11
0.3,48,49,recursive_no_basis,0.003715400001965463,11
0.3,49,50,recursive_basis,0.005761100008385256,11
0.3,49,50,recursive_no_basis,0.003087300021434203,11
0.3,49,50,general,0.004142800025874749,11
0.3,50,51,recursive_no_basis,0.003510199981974438,11
0.3,50,51,general,0.0042397000070195645,11
0.3,50,51,recursive_basis,0.00573530001565814,11
0.3,51,52,general,0.00430259999120608,11
0.3,51,52,recursive_basis,0.00594709999859333,11
0.3,51,52,recursive_no_basis,0.003322700009448454,11
0.3,52,53,recursive_basis,0.006329199997708201,12
0.3,52,53,recursive_no_basis,0.0032943999976851046,12
0.3,52,53,general,0.004071600007591769,12
0.3,53,54,recursive_no_basis,0.0038798000023234636,11
0.3,53,54,general,0.004340899991802871,11
0.3,53,54,recursive_basis,0.007295699993846938,11
0.3,54,55,general,0.004117199976462871,11
0.3,54,55,recursive_basis,0.006263099989155307,11
0.3,54,55,recursive_no_basis,0.003396600019186735,11
0.3,55,56,recursive_basis,0.00646569998934865,13
0.3,55,56,recursive_no_basis,0.0034659999946597964,13
0.3,55,56,general,0.003909000020939857,13
0.3,56,57,recursive_no_basis,0.003593500005081296,11
0.3,56,57,general,0.004174499976215884,11
0.3,56,57,recursive_basis,0.00713839998934418,11
0.3,57,58,general,0.004073699994478375,11
0.3,57,58,recursive_basis,0.006312900019111112,11
0.3,57,58,recursive_no_basis,0.0033672999998088926,11
0.3,58,59,recursive_basis,0.004807399993296713,12
0.3,58,59,recursive_no_basis,0.002705300023080781,12
0.3,58,59,general,0.004001900000730529,12
0.3,59,60,recursive_no_basis,0.0036327000125311315,11
0.3,59,60,general,0.0042818000074476,11
0.3,59,60,recursive_basis,0.006448100000852719,11
0.3,60,61,general,0.00421220000134781,11
0.3,60,61,recursive_basis,0.007130400015739724,11
0.3,60,61,recursive_no_basis,0.003843399987090379,11
0.3,61,62,recursive_basis,0.006232799991266802,11
0.3,61,62,recursive_no_basis,0.003576099989004433,11
0.3,61,62,general,0.0041056999762076885,11
0.3,62,63,recursive_no_basis,0.0031845000048633665,11
0.3,62,63,general,0.004389900015667081,11
0.3,62,63,recursive_basis,0.005674700019881129,11
0.3,63,64,general,0.0047002999926917255,11
0.3,63,64,recursive_basis,0.005729199998313561,11
0.3,63,64,recursive_no_basis,0.0029824999801348895,11
0.3,64,65,recursive_basis,0.005945899989455938,11
0.3,64,65,recursive_no_basis,0.003366799996001646,11
0.3,64,65,general,0.00410109999938868,11
0.3,65,66,recursive_no_basis,0.0035891000006813556,11
0.3,65,66,general,0.004076799988979474,11
0.3,65,66,recursive_basis,0.00670719999470748,11
0.3,66,67,general,0.004033100005472079,12
0.3,66,67,recursive_basis,0.006262599985348061,12
0.3,66,67,recursive_no_basis,0.0032672999950591475,12
0.3,67,68,recursive_basis,0.006720699981087819,11
0.3,67,68,recursive_no_basis,0.003799600002821535,11
0.3,67,68,general,0.004241099988576025,11
0.3,68,69,recursive_no_basis,0.003928999998606741,11
0.3,68,69,general,0.004066800000146031,11
0.3,68,69,recursive_basis,0.006575100007466972,11
0.3,69,70,general,0.00406410000869073,11
0.3,69,70,recursive_basis,0.005676600005244836,11
0.3,69,70,recursive_no_basis,0.0034519000037107617,11
0.3,70,71,recursive_basis,0.007057000009808689,11
0.3,70,71,recursive_no_basis,0.0037598999915644526,11
0.3,70,71,general,0.004223099997034296,11
0.3,71,72,recursive_no_basis,0.0033944000024348497,12
0.3,71,72,general,0.00400179999996908,12
0.3,71,72,recursive_basis,0.0061126000073272735,12
0.3,72,73,general,0.004183399985777214,11
0.3,72,73,recursive_basis,0.004826799995498732,11
0.3,72,73,recursive_no_basis,0.0025812000094447285,11
0.3,73,74,recursive_basis,0.0057548999902792275,12
0.3,73,74,recursive_no_basis,0.0032232000085059553,12
0.3,73,74,general,0.003938599984394386,12
0.3,74,75,recursive_no_basis,0.0037213999894447625,12
0.3,74,75,general,0.0038862999936100096,12
0.3,74,75,recursive_basis,0.007288900000276044,12
0.3,75,76,general,0.0041677000117488205,11
0.3,75,76,recursive_basis,0.007569599983980879,11
0.3,75,76,recursive_no_basis,0.0038779000169597566,11
0.3,76,77,recursive_basis,0.007826199987903237,11
0.3,76,77,recursive_no_basis,0.004128800006583333,11
0.3,76,77,general,0.004150299995671958,11
0.3,77,78,recursive_no_basis,0.003341200004797429,11
0.3,77,78,general,0.004209399980027229,11
0.3,77,78,recursive_basis,0.005842400016263127,11
0.3,78,79,general,0.003990400000475347,12
0.3,78,79,recursive_basis,0.006373500014888123,12
0.3,78,79,recursive_no_basis,0.003388000011909753,12
0.3,79,80,recursive_basis,0.005621700023766607,12
0.3,79,80,recursive_no_basis,0.003056699992157519,12
0.3,79,80,general,0.004110200010472909,12
0.3,80,81,recursive_no_basis,0.003570800006855279,12
0.3,80,81,general,0.003983600006904453,12
0.3,80,81,recursive_basis,0.005962900002487004,12
0.3,81,82,general,0.004186699981801212,11
0.3,81,82,recursive_basis,0.00737390000722371,11
0.3,81,82,recursive_no_basis,0.004071100003784522,11
0.3,82,83,recursive_basis,0.006679900019662455,12
0.3,82,83,recursive_no_basis,0.003998400003183633,12
0.3,82,83,general,0.004124300001421943,12
0.3,83,84,recursive_no_basis,0.003364300006069243,11
0.3,83,84,general,0.004076299985172227,11
0.3,83,84,recursive_basis,0.005826399981742725,11
0.3,84,85,general,0.004112499998882413,11
0.3,84,85,recursive_basis,0.006976400007260963,11
0.3,84,85,recursive_no_basis,0.003830100002232939,11
0.3,85,86,recursive_basis,0.007417700020596385,12
0.3,85,86,recursive_no_basis,0.0038772000116296113,12
0.3,85,86,general,0.00395139999454841,12
0.3,86,87,recursive_no_basis,0.003504399996018037,12
0.3,86,87,general,0.003985799994552508,12
0.3,86,87,recursive_basis,0.006516800000099465,12
0.3,87,88,general,0.003976200008764863,13
0.3,87,88,recursive_basis,0.006315200007520616,13
0.3,87,88,recursive_no_basis,0.003325900004711002,13
0.3,88,89,recursive_basis,0.007372799998847768,11
0.3,88,89,recursive_no_basis,0.004065599991008639,11
0.3,88,89,general,0.004186699981801212,11
0.3,89,90,recursive_no_basis,0.0037791000213474035,12
0.3,89,90,general,0.00423000002047047,12
0.3,89,90,recursive_basis,0.007245499989949167,12
0.3,90,91,general,0.004488100006710738,11
0.3,90,91,recursive_basis,0.006565399991814047,11
0.3,90,91,recursive_no_basis,0.003663699986645952,11
0.3,91,92,recursive_basis,0.0069500000099651515,12
0.3,91,92,recursive_no_basis,0.003655799984699115,12
0.3,91,92,general,0.004024499998195097,12
0.3,92,93,recursive_no_basis,0.003319900017231703,11
0.3,92,93,general,0.0042760000214912,11
0.3,92,93,recursive_basis,0.006068299990147352,11
0.3,93,94,general,0.0040936000004876405,11
0.3,93,94,recursive_basis,0.00722130000940524,11
0.3,93,94,recursive_no_basis,0.0035154999932274222,11
0.3,94,95,recursive_basis,0.005369899998186156,12
0.3,94,95,recursive_no_basis,0.0031621000089216977,12
0.3,94,95,general,0.004049600014695898,12
0.3,95,96,recursive_no_basis,0.003971700003603473,11
0.3,95,96,general,0.004234599997289479,11
0.3,95,96,recursive_basis,0.007324799982598051,11
0.3,96,97,general,0.004341599997133017,12
0.3,96,97,recursive_basis,0.006412099988665432,12
0.3,96,97,recursive_no_basis,0.0035934999759774655,12
0.3,97,98,recursive_basis,0.007385500008240342,11
0.3,97,98,recursive_no_basis,0.0036840999964624643,11
0.3,97,98,general,0.004032700002426282,11
0.3,98,99,recursive_no_basis,0.004514200001722202,11
0.3,98,99,general,0.004129299981286749,11
0.3,98,99,recursive_basis,0.007598199998028576,11
0.3,99,100,general,0.004056200006743893,12
0.3,99,100,recursive_basis,0.005983200011542067,12
0.3,99,100,recursive_no_basis,0.0032060999947134405,12
0.3,100,101,recursive_basis,0.006603899993933737,13
0.3,100,101,recursive_no_basis,0.0035777000011876225,13
0.3,100,101,general,0.003857800009427592,13
0.3,101,102,recursive_no_basis,0.004039999999804422,11
0.3,101,102,general,0.004087600013008341,11
0.3,101,102,recursive_basis,0.006802899995818734,11
0.3,102,103,general,0.004037800012156367,12
0.3,102,103,recursive_basis,0.006196699978318065,12
0.3,102,103,recursive_no_basis,0.0033921999856829643,12
0.3,103,104,recursive_basis,0.006533300009323284,11
0.3,103,104,recursive_no_basis,0.003620000003138557,11
0.3,103,104,general,0.00411440001334995,11
0.3,104,105,recursive_no_basis,0.003945699980249628,11
0.3,104,105,general,0.004242599999997765,11
0.3,104,105,recursive_basis,0.006489699997473508,11
0.3,105,106,general,0.0041412000136915594,11
0.3,105,106,recursive_basis,0.006914400000823662,11
0.3,105,106,recursive_no_basis,0.0037063999916426837,11
0.3,106,107,recursive_basis,0.00519749999511987,11
0.3,106,107,recursive_no_basis,0.0029855000029783696,11
0.3,106,107,general,0.004263100010575727,11
0.3,107,108,recursive_no_basis,0.003802999999606982,11
0.3,107,108,general,0.004190499981632456,11
0.3,107,108,recursive_basis,0.00728950000484474,11
0.3,108,109,general,0.004242899973178282,11
0.3,108,109,recursive_basis,0.007246099994517863,11
0.3,108,109,recursive_no_basis,0.003968999983044341,11
0.3,109,110,recursive_basis,0.006037399987690151,11
0.3,109,110,recursive_no_basis,0.003591999993659556,11
0.3,109,110,general,0.004446500010089949,11
0.3,110,111,recursive_no_basis,0.003702199988765642,12
0.3,110,111,general,0.004068299982463941,12
0.3,110,111,recursive_basis,0.006669599999440834,12
0.3,111,112,general,0.004311199998483062,11
0.3,111,112,recursive_basis,0.00771909998729825,11
0.3,111,112,recursive_no_basis,0.004119899997022003,11
0.3,112,113,recursive_basis,0.006527499994263053,11
0.3,112,113,recursive_no_basis,0.0038059999933466315,11
0.3,112,113,general,0.004339800012530759,11
0.3,113,114,recursive_no_basis,0.0030506000039167702,12
0.3,113,114,general,0.004286699986550957,12
0.3,113,114,recursive_basis,0.0056316000118386,12
0.3,114,115,general,0.004138799995416775,12
0.3,114,115,recursive_basis,0.006091700022807345,12
0.3,114,115,recursive_no_basis,0.0032426999823655933,12
0.3,115,116,recursive_basis,0.005677300010574982,11
0.3,115,116,recursive_no_basis,0.0031242999830283225,11
0.3,115,116,general,0.004219399997964501,11
0.3,116,117,recursive_no_basis,0.0036072999937459826,11
0.3,116,117,general,0.004512400017119944,11
0.3,116,117,recursive_basis,0.006838299974333495,11
0.3,117,118,general,0.004260299989255145,11
0.3,117,118,recursive_basis,0.006908199982717633,11
0.3,117,118,recursive_no_basis,0.003739699983270839,11
0.3,118,119,recursive_basis,0.005792300013126805,11
0.3,118,119,recursive_no_basis,0.003739000007044524,11
0.3,118,119,general,0.004200099996523932,11
0.3,119,120,recursive_no_basis,0.004091500013601035,12
0.3,119,120,general,0.004090100002940744,12
0.3,119,120,recursive_basis,0.006998700002441183,12
0.3,120,121,general,0.004109400004381314,11
0.3,120,121,recursive_basis,0.006483800010755658,11
0.3,120,121,recursive_no_basis,0.003607000020565465,11
0.3,121,122,recursive_basis,0.005548400018597022,11
0.3,121,122,recursive_no_basis,0.0030849000031594187,11
0.3,121,122,general,0.004379099991638213,11
0.3,122,123,recursive_no_basis,0.003341300005558878,11
0.3,122,123,general,0.004050799994729459,11
0.3,122,123,recursive_basis,0.007135300023946911,11
0.3,123,124,general,0.004211799998302013,11
0.3,123,124,recursive_basis,0.006405099993571639,11
0.3,123,124,recursive_no_basis,0.003596599999582395,11
0.3,124,125,recursive_basis,0.006722899997839704,12
0.3,124,125,recursive_no_basis,0.003920199989806861,12
0.3,124,125,general,0.003987399977631867,12
0.3,125,126,recursive_no_basis,0.003334800014272332,11
0.3,125,126,general,0.004296500002965331,11
0.3,125,126,recursive_basis,0.00666719998116605,11
0.3,126,127,general,0.006477800023276359,11
0.3,126,127,recursive_basis,0.006626099988352507,11
0.3,126,127,recursive_no_basis,0.0035782000049948692,11
0.3,127,128,recursive_basis,0.00804360001347959,11
0.3,127,128,recursive_no_basis,0.004059700004290789,11
0.3,127,128,general,0.0044676999968942255,11
0.3,128,129,recursive_no_basis,0.003112000005785376,12
0.3,128,129,general,0.0040074000135064125,12
0.3,128,129,recursive_basis,0.0055995000002440065,12
0.3,129,130,general,0.004461900010937825,11
0.3,129,130,recursive_basis,0.005780999985290691,11
0.3,129,130,recursive_no_basis,0.003361899987794459,11
0.3,130,131,recursive_basis,0.007366000005276874,11
0.3,130,131,recursive_no_basis,0.003813499992247671,11
0.3,130,131,general,0.004135700000915676,11
0.3,131,132,recursive_no_basis,0.004126499989069998,12
0.3,131,132,general,0.004289900010917336,12
0.3,131,132,recursive_basis,0.007064000004902482,12
0.3,132,133,general,0.004216300003463402,11
0.3,132,133,recursive_basis,0.006981999991694465,11
0.3,132,133,recursive_no_basis,0.0039357000205200166,11
0.3,133,134,recursive_basis,0.008433999988483265,11
0.3,133,134,recursive_no_basis,0.003976099978899583,11
0.3,133,134,general,0.005617499991785735,11
0.3,134,135,recursive_no_basis,0.0034370000066701323,11
0.3,134,135,general,0.004251600010320544,11
0.3,134,135,recursive_basis,0.0061833000218030065,11
0.3,135,136,general,0.004407400003401563,11
0.3,135,136,recursive_basis,0.005830500012962148,11
0.3,135,136,recursive_no_basis,0.0031535000016447157,11
0.3,136,137,recursive_basis,0.006559499975992367,12
0.3,136,137,recursive_no_basis,0.003644999989774078,12
0.3,136,137,general,0.004245000018272549,12
0.3,137,138,recursive_no_basis,0.0040892999968491495,11
0.3,137,138,general,0.006604399997740984,11
0.3,137,138,recursive_basis,0.013049500004854053,11
0.3,138,139,general,0.005782099993666634,12
0.3,138,139,recursive_basis,0.013054700015345588,12
0.3,138,139,recursive_no_basis,0.005166199989616871,12
0.3,139,140,recursive_basis,0.00707910000346601,11
0.3,139,140,recursive_no_basis,0.008447100000921637,11
0.3,139,140,general,0.0047085999976843596,11
0.3,140,141,recursive_no_basis,0.004202600015560165,11
0.3,140,141,general,0.00448490001144819,11
0.3,140,141,recursive_basis,0.007656300003873184,11
0.3,141,142,general,0.0065565000113565475,11
0.3,141,142,recursive_basis,0.007210299983853474,11
0.3,141,142,recursive_no_basis,0.0038961000100243837,11
0.3,142,143,recursive_basis,0.007006100000580773,12
0.3,142,143,recursive_no_basis,0.00368769999477081,12
0.3,142,143,general,0.0040720000106375664,12
0.3,143,144,recursive_no_basis,0.003874000016367063,11
0.3,143,144,general,0.004013199999462813,11
0.3,143,144,recursive_basis,0.0063396000186912715,11
0.3,144,145,general,0.004120899975532666,12
0.3,144,145,recursive_basis,0.0072641999868210405,12
0.3,144,145,recursive_no_basis,0.003930100006982684,12
0.3,145,146,recursive_basis,0.007209700008388609,12
0.3,145,146,recursive_no_basis,0.0036689999978989363,12
0.3,145,146,general,0.003983500006143004,12
0.3,146,147,recursive_no_basis,0.003341999981785193,11
0.3,146,147,general,0.004142200021306053,11
0.3,146,147,recursive_basis,0.006261900009121746,11
0.3,147,148,general,0.004054299992276356,12
0.3,147,148,recursive_basis,0.007590699999127537,12
0.3,147,148,recursive_no_basis,0.003641299990704283,12
0.3,148,149,recursive_basis,0.005998200009344146,12
0.3,148,149,recursive_no_basis,0.0032424999808426946,12
0.3,148,149,general,0.0040609999850858,12
0.3,149,150,recursive_no_basis,0.003560399985872209,11
0.3,149,150,general,0.0043147999967914075,11
0.3,149,150,recursive_basis,0.006572099984623492,11
0.3,150,151,general,0.003992999991169199,12
0.3,150,151,recursive_basis,0.006370000017341226,12
0.3,150,151,recursive_no_basis,0.003322700009448454,12
0.3,151,152,recursive_basis,0.006517700006952509,11
0.3,151,152,recursive_no_basis,0.0037782000144943595,11
0.3,151,152,general,0.004141700017498806,11
0.3,152,153,recursive_no_basis,0.003628999984357506,13
0.3,152,153,general,0.003812800016021356,13
0.3,152,153,recursive_basis,0.007471700024325401,13
0.3,153,154,general,0.004214200016576797,11
0.3,153,154,recursive_basis,0.006924099987372756,11
0.3,153,154,recursive_no_basis,0.0035641999857034534,11
0.3,154,155,recursive_basis,0.005278799973893911,11
0.3,154,155,recursive_no_basis,0.003615600027842447,11
0.3,154,155,general,0.004199799994239584,11
0.3,155,156,recursive_no_basis,0.0033232999849133193,12
0.3,155,156,general,0.0040108000102918595,12
0.3,155,156,recursive_basis,0.006237699999473989,12
0.3,156,157,general,0.0038050999864935875,13
0.3,156,157,recursive_basis,0.006504999997559935,13
0.3,156,157,recursive_no_basis,0.0032408999977633357,13
0.3,157,158,recursive_basis,0.006482199998572469,11
0.3,157,158,recursive_no_basis,0.003633899992564693,11
0.3,157,158,general,0.004100100020878017,11
0.3,158,159,recursive_no_basis,0.0038216999964788556,11
0.3,158,159,general,0.004092799994396046,11
0.3,158,159,recursive_basis,0.0070982999750413,11
0.3,159,160,general,0.0041480000072624534,11
0.3,159,160,recursive_basis,0.0065858000016305596,11
0.3,159,160,recursive_no_basis,0.004086600005393848,11
0.3,160,161,recursive_basis,0.00508490001084283,11
0.3,160,161,recursive_no_basis,0.0029818999755661935,11
0.3,160,161,general,0.004142899997532368,11
0.3,161,162,recursive_no_basis,0.003546600026311353,13
0.3,161,162,general,0.00387139999656938,13
0.3,161,162,recursive_basis,0.006513000000268221,13
0.3,162,163,general,0.004354000004241243,11
0.3,162,163,recursive_basis,0.006406800006516278,11
0.3,162,163,recursive_no_basis,0.003208600013749674,11
0.3,163,164,recursive_basis,0.00541680000605993,11
0.3,163,164,recursive_no_basis,0.002955500007374212,11
0.3,163,164,general,0.004102900013094768,11
0.3,164,165,recursive_no_basis,0.00337510000099428,12
0.3,164,165,general,0.00416780001251027,12
0.3,164,165,recursive_basis,0.006157900003017858,12
0.3,165,166,general,0.0038684000028297305,13
0.3,165,166,recursive_basis,0.0065337999840267,13
0.3,165,166,recursive_no_basis,0.003529599984176457,13
0.3,166,167,recursive_basis,0.006752600020263344,11
0.3,166,167,recursive_no_basis,0.003718399995705113,11
0.3,166,167,general,0.00412920000962913,11
0.3,167,168,recursive_no_basis,0.0033499000128358603,12
0.3,167,168,general,0.003910400002496317,12
0.3,167,168,recursive_basis,0.006136100011644885,12
0.3,168,169,general,0.003959100024076179,12
0.3,168,169,recursive_basis,0.0056754999968688935,12
0.3,168,169,recursive_no_basis,0.0033269000123254955,12
0.3,169,170,recursive_basis,0.006694100011372939,13
0.3,169,170,recursive_no_basis,0.0033273999870289117,13
0.3,169,170,general,0.003895499976351857,13
0.3,170,171,recursive_no_basis,0.0033056999964173883,11
0.3,170,171,general,0.004236500011757016,11
0.3,170,171,recursive_basis,0.006015399994794279,11
0.3,171,172,general,0.0040769000188447535,12
0.3,171,172,recursive_basis,0.00592789999791421,12
0.3,171,172,recursive_no_basis,0.003226500004529953,12
0.3,172,173,recursive_basis,0.007364000019151717,11
0.3,172,173,recursive_no_basis,0.0039370000013150275,11
0.3,172,173,general,0.004107899992959574,11
0.3,173,174,recursive_no_basis,0.003799099999014288,11
0.3,173,174,general,0.0041637000103946775,11
0.3,173,174,recursive_basis,0.00687760001164861,11
0.3,174,175,general,0.004291199991712347,11
0.3,174,175,recursive_basis,0.005100399983348325,11
0.3,174,175,recursive_no_basis,0.0029045999981462955,11
0.3,175,176,recursive_basis,0.00677529998938553,14
0.3,175,176,recursive_no_basis,0.0035897000052500516,14
0.3,175,176,general,0.0036634000134654343,14
0.3,176,177,recursive_no_basis,0.0038339000020641834,11
0.3,176,177,general,0.004236700013279915,11
0.3,176,177,recursive_basis,0.006539599999086931,11
0.3,177,178,general,0.004142699996009469,11
0.3,177,178,recursive_basis,0.007463099987944588,11
0.3,177,178,recursive_no_basis,0.0037730000040028244,11
0.3,178,179,recursive_basis,0.006023499998264015,11
0.3,178,179,recursive_no_basis,0.0036447999882511795,11
0.3,178,179,general,0.0041708000062499195,11
0.3,179,180,recursive_no_basis,0.0032340999750886112,11
0.3,179,180,general,0.004076200013514608,11
0.3,179,180,recursive_basis,0.006018799991579726,11
0.3,180,181,general,0.004025200003525242,11
0.3,180,181,recursive_basis,0.005850200017448515,11
0.3,180,181,recursive_no_basis,0.00339579998399131,11
0.3,181,182,recursive_basis,0.006408599991118535,12
0.3,181,182,recursive_no_basis,0.0036674000148195773,12
0.3,181,182,general,0.00404029997298494,12
0.3,182,183,recursive_no_basis,0.0036349000001791865,11
0.3,182,183,general,0.0038975999923422933,11
0.3,182,183,recursive_basis,0.006409899971913546,11
0.3,183,184,general,0.004009700001915917,11
0.3,183,184,recursive_basis,0.0068113000015728176,11
0.3,183,184,recursive_no_basis,0.003257800010032952,11
0.3,184,185,recursive_basis,0.00608789999387227,12
0.3,184,185,recursive_no_basis,0.003406100004212931,12
0.3,184,185,general,0.0038432000146713108,12
0.3,185,186,recursive_no_basis,0.002845999988494441,11
0.3,185,186,general,0.004070199996931478,11
0.3,185,186,recursive_basis,0.005159199994523078,11
0.3,186,187,general,0.00374399998690933,13
0.3,186,187,recursive_basis,0.005189100018469617,13
0.3,186,187,recursive_no_basis,0.0028609000146389008,13
0.3,187,188,recursive_basis,0.006103299994720146,11
0.3,187,188,recursive_no_basis,0.0035339000169187784,11
0.3,187,188,general,0.004149000014876947,11
0.3,188,189,recursive_no_basis,0.0034431000240147114,12
0.3,188,189,general,0.0038181999989319593,12
0.3,188,189,recursive_basis,0.00622859998838976,12
0.3,189,190,general,0.003849500004434958,12
0.3,189,190,recursive_basis,0.005847299995366484,12
0.3,189,190,recursive_no_basis,0.0031980999920051545,12
0.3,190,191,recursive_basis,0.006877900013932958,11
0.3,190,191,recursive_no_basis,0.004438100004335865,11
0.3,190,191,general,0.004042300017317757,11
0.3,191,192,recursive_no_basis,0.0033546999911777675,12
0.3,191,192,general,0.00401070000953041,12
0.3,191,192,recursive_basis,0.006015699997078627,12
0.3,192,193,general,0.004023300018161535,12
0.3,192,193,recursive_basis,0.005960999988019466,12
0.3,192,193,recursive_no_basis,0.003239799989387393,12
0.3,193,194,recursive_basis,0.0065947999828495085,12
0.3,193,194,recursive_no_basis,0.0036477000103332102,12
0.3,193,194,general,0.0038935999909881502,12
0.3,194,195,recursive_no_basis,0.0034100000048056245,11
0.3,194,195,general,0.004071600007591769,11
0.3,194,195,recursive_basis,0.0061775000067427754,11
0.3,195,196,general,0.003950499987695366,11
0.3,195,196,recursive_basis,0.006358299986459315,11
0.3,195,196,recursive_no_basis,0.0032897999917622656,11
0.3,196,197,recursive_basis,0.006974699994316325,11
0.3,196,197,recursive_no_basis,0.004054299992276356,11
0.3,196,197,general,0.004089499998372048,11
0.3,197,198,recursive_no_basis,0.0037243000115267932,11
0.3,197,198,general,0.0041551000031176955,11
0.3,197,198,recursive_basis,0.007067400001687929,11
0.3,198,199,general,0.00410989997908473,11
0.3,198,199,recursive_basis,0.0066353000001981854,11
0.3,198,199,recursive_no_basis,0.0036872999917250127,11
0.3,199,200,recursive_basis,0.006134299997938797,11
0.3,199,200,recursive_no_basis,0.0035920999944210052,11
0.3,199,200,general,0.004232699982821941,11
0.4,0,1,general,0.005420500005129725,21
0.4,0,1,recursive_basis,0.0076302000088617206,21
0.4,0,1,recursive_no_basis,0.003938899986678734,21
0.4,1,2,recursive_basis,0.00649980001617223,21
0.4,1,2,recursive_no_basis,0.00393209999310784,21
0.4,1,2,general,0.005742100009229034,21
0.4,2,3,recursive_no_basis,0.003910700004780665,21
0.4,2,3,general,0.005634300003293902,21
0.4,2,3,recursive_basis,0.007221000007120892,21
0.4,3,4,general,0.00537519998033531,22
0.4,3,4,recursive_basis,0.0069398000196088105,22
0.4,3,4,recursive_no_basis,0.0035696999984793365,22
0.4,4,5,recursive_basis,0.0076363999978639185,21
0.4,4,5,recursive_no_basis,0.0038597999955527484,21
0.4,4,5,general,0.005641199997626245,21
0.4,5,6,recursive_no_basis,0.0035687999916262925,21
0.4,5,6,general,0.005656599998474121,21
0.4,5,6,recursive_basis,0.007047199993394315,21
0.4,6,7,general,0.005499199993209913,21
0.4,6,7,recursive_basis,0.007050500018522143,21
0.4,6,7,recursive_no_basis,0.003965299983974546,21
0.4,7,8,recursive_basis,0.007802799984347075,21
0.4,7,8,recursive_no_basis,0.003942700015613809,21
0.4,7,8,general,0.0055102000187616795,21
0.4,8,9,recursive_no_basis,0.0036724000237882137,21
0.4,8,9,general,0.00535150000359863,21
0.4,8,9,recursive_basis,0.006638899998506531,21
0.4,9,10,general,0.00577390001853928,21
0.4,9,10,recursive_basis,0.007954400003654882,21
0.4,9,10,recursive_no_basis,0.003927199984900653,21
0.4,10,11,recursive_basis,0.007422199996653944,21
0.4,10,11,recursive_no_basis,0.003803900006460026,21
0.4,10,11,general,0.005733499972848222,21
0.4,11,12,recursive_no_basis,0.003701200010254979,22
0.4,11,12,general,0.005616000009467825,22
0.4,11,12,recursive_basis,0.007204399997135624,22
0.4,12,13,general,0.0055914999975357205,21
0.4,12,13,recursive_basis,0.007077399990521371,21
0.4,12,13,recursive_no_basis,0.003799099999014288,21
0.4,13,14,recursive_basis,0.006285099982051179,21
0.4,13,14,recursive_no_basis,0.0035422999935690314,21
0.4,13,14,general,0.005652599997119978,21
0.4,14,15,recursive_no_basis,0.004008799995062873,21
0.4,14,15,general,0.005578600015724078,21
0.4,14,15,recursive_basis,0.007808199996361509,21
0.4,15,16,general,0.005813499999931082,21
0.4,15,16,recursive_basis,0.007749400014290586,21
0.4,15,16,recursive_no_basis,0.004010300006484613,21
0.4,16,17,recursive_basis,0.008628400013549253,21
0.4,16,17,recursive_no_basis,0.003963199997087941,21
0.4,16,17,general,0.0056744999892544,21
0.4,17,18,recursive_no_basis,0.003918300004443154,21
0.4,17,18,general,0.005547999986447394,21
0.4,17,18,recursive_basis,0.007668199978070334,21
0.4,18,19,general,0.005485400004545227,21
0.4,18,19,recursive_basis,0.007672400010051206,21
0.4,18,19,recursive_no_basis,0.004001699999207631,21
0.4,19,20,recursive_basis,0.007861100020818412,22
0.4,19,20,recursive_no_basis,0.0039308000123128295,22
0.4,19,20,general,0.0052863000018987805,22
0.4,20,21,recursive_no_basis,0.003811300004599616,21
0.4,20,21,general,0.005389600002672523,21
0.4,20,21,recursive_basis,0.007496400008676574,21
0.4,21,22,general,0.005339200026355684,21
0.4,21,22,recursive_basis,0.00745840001036413,21
0.4,21,22,recursive_no_basis,0.003918500005966052,21
0.4,22,23,recursive_basis,0.008730599976843223,21
0.4,22,23,recursive_no_basis,0.004080499988049269,21
0.4,22,23,general,0.005405899981269613,21
0.4,23,24,recursive_no_basis,0.003869200008921325,21
0.4,23,24,general,0.005389099998865277,21
0.4,23,24,recursive_basis,0.007292800000868738,21
0.4,24,25,general,0.005466600006911904,21
0.4,24,25,recursive_basis,0.007375900022452697,21
0.4,24,25,recursive_no_basis,0.003970599995227531,21
0.4,25,26,recursive_basis,0.006903100002091378,21
0.4,25,26,recursive_no_basis,0.0041065999830607325,21
0.4,25,26,general,0.005688300007022917,21
0.4,26,27,recursive_no_basis,0.003867999999783933,21
0.4,26,27,general,0.005597200011834502,21
0.4,26,27,recursive_basis,0.007622999983141199,21
0.4,27,28,general,0.0055195000022649765,21
0.4,27,28,recursive_basis,0.007513799995649606,21
0.4,27,28,recursive_no_basis,0.003977499989559874,21
0.4,28,29,recursive_basis,0.008052999997744337,21
0.4,28,29,recursive_no_basis,0.004004399990662932,21
0.4,28,29,general,0.005616400012513623,21
0.4,29,30,recursive_no_basis,0.004083799984073266,21
0.4,29,30,general,0.005528800014872104,21
0.4,29,30,recursive_basis,0.007274900010088459,21
0.4,30,31,general,0.005589400010649115,21
0.4,30,31,recursive_basis,0.006921699998201802,21
0.4,30,31,recursive_no_basis,0.004014300007838756,21
0.4,31,32,recursive_basis,0.006821399991167709,21
0.4,31,32,recursive_no_basis,0.003589099971577525,21
0.4,31,32,general,0.005621099990094081,21
0.4,32,33,recursive_no_basis,0.0034786000032909214,21
0.4,32,33,general,0.005393800005549565,21
0.4,32,33,recursive_basis,0.006535199994686991,21
0.4,33,34,general,0.005428799981018528,21
0.4,33,34,recursive_basis,0.00784820000990294,21
0.4,33,34,recursive_no_basis,0.0038065999979153275,21
0.4,34,35,recursive_basis,0.007192899996880442,21
0.4,34,35,recursive_no_basis,0.003691399993840605,21
0.4,34,35,general,0.005593899986706674,21
0.4,35,36,recursive_no_basis,0.0039197000151034445,21
0.4,35,36,general,0.005393700004788116,21
0.4,35,36,recursive_basis,0.0079204999783542,21
0.4,36,37,general,0.005445899994811043,21
0.4,36,37,recursive_basis,0.007607399980770424,21
0.4,36,37,recursive_no_basis,0.0039450000040233135,21
0.4,37,38,recursive_basis,0.008119299978716299,21
0.4,37,38,recursive_no_basis,0.003943400020943955,21
0.4,37,38,general,0.00548929997603409,21
0.4,38,39,recursive_no_basis,0.003938700014259666,21
0.4,38,39,general,0.005457400024170056,21
0.4,38,39,recursive_basis,0.008082899992587045,21
0.4,39,40,general,0.005475299985846505,21
0.4,39,40,recursive_basis,0.007677999994484708,21
0.4,39,40,recursive_no_basis,0.0038486999983433634,21
0.4,40,41,recursive_basis,0.007832500006770715,21
0.4,40,41,recursive_no_basis,0.0037611000007018447,21
0.4,40,41,general,0.005401200003689155,21
0.4,41,42,recursive_no_basis,0.0039895000227261335,21
0.4,41,42,general,0.005348399979993701,21
0.4,41,42,recursive_basis,0.0068113000015728176,21
0.4,42,43,general,0.005271999980323017,22
0.4,42,43,recursive_basis,0.0069669999938923866,22
0.4,42,43,recursive_no_basis,0.0036128000065218657,22
0.4,43,44,recursive_basis,0.0075403999944683164,21
0.4,43,44,recursive_no_basis,0.003931499988539144,21
0.4,43,44,general,0.005579999997280538,21
0.4,44,45,recursive_no_basis,0.003935799992177635,22
0.4,44,45,general,0.005140900000697002,22
0.4,44,45,recursive_basis,0.007434200000716373,22
0.4,45,46,general,0.0053644000145141035,21
0.4,45,46,recursive_basis,0.006892900011735037,21
0.4,45,46,recursive_no_basis,0.003643799980636686,21
0.4,46,47,recursive_basis,0.006955399992875755,21
0.4,46,47,recursive_no_basis,0.0034445000055711716,21
0.4,46,47,general,0.005822300008730963,21
0.4,47,48,recursive_no_basis,0.0037203000101726502,21
0.4,47,48,general,0.005528999987291172,21
0.4,47,48,recursive_basis,0.006611599994357675,21
0.4,48,49,general,0.005514300020877272,21
0.4,48,49,recursive_basis,0.007325900020077825,21
0.4,48,49,recursive_no_basis,0.004005299997515976,21
0.4,49,50,recursive_basis,0.006688199995551258,21
0.4,49,50,recursive_no_basis,0.003557899995939806,21
0.4,49,50,general,0.005824599997140467,21
0.4,50,51,recursive_no_basis,0.003939299989724532,21
0.4,50,51,general,0.005465900001581758,21
0.4,50,51,recursive_basis,0.007272899994859472,21
0.4,51,52,general,0.005432800011476502,21
0.4,51,52,recursive_basis,0.007308500004000962,21
0.4,51,52,recursive_no_basis,0.0038530000019818544,21
0.4,52,53,recursive_basis,0.008041599998250604,21
0.4,52,53,recursive_no_basis,0.003950799989979714,21
0.4,52,53,general,0.00541379998321645,21
0.4,53,54,recursive_no_basis,0.00395440001739189,21
0.4,53,54,general,0.005548500019358471,21
0.4,53,54,recursive_basis,0.007653700013179332,21
0.4,54,55,general,0.0055370999907609075,21
0.4,54,55,recursive_basis,0.006717500014929101,21
0.4,54,55,recursive_no_basis,0.0035715999838430434,21
0.4,55,56,recursive_basis,0.006483800010755658,22
0.4,55,56,recursive_no_basis,0.003462199994828552,22
0.4,55,56,general,0.005257099983282387,22
0.4,56,57,recursive_no_basis,0.003808999987086281,21
0.4,56,57,general,0.005572499998379499,21
0.4,56,57,recursive_basis,0.007736800005659461,21
0.4,57,58,general,0.005599900003289804,21
0.4,57,58,recursive_basis,0.007240000006277114,21
0.4,57,58,recursive_no_basis,0.004068699985509738,21
0.4,58,59,recursive_basis,0.007728299999143928,21
0.4,58,59,recursive_no_basis,0.0035973000049125403,21
0.4,58,59,general,0.00563010000041686,21
0.4,59,60,recursive_no_basis,0.0034626999986357987,21
0.4,59,60,general,0.005393400002503768,21
0.4,59,60,recursive_basis,0.006993700022576377,21
0.4,60,61,general,0.005523199972230941,21
0.4,60,61,recursive_basis,0.007711700018262491,21
0.4,60,61,recursive_no_basis,0.004038099985336885,21
0.4,61,62,recursive_basis,0.007027000014204532,21
0.4,61,62,recursive_no_basis,0.003620000003138557,21
0.4,61,62,general,0.005470400006743148,21
0.4,62,63,recursive_no_basis,0.003735099977348,21
0.4,62,63,general,0.005440099979750812,21
0.4,62,63,recursive_basis,0.007970900012878701,21
0.4,63,64,general,0.0056970999867189676,21
0.4,63,64,recursive_basis,0.007667800004128367,21
0.4,63,64,recursive_no_basis,0.003949400008423254,21
0.4,64,65,recursive_basis,0.007133399980375543,21
0.4,64,65,recursive_no_basis,0.003644999989774078,21
0.4,64,65,general,0.005623800010653213,21
0.4,65,66,recursive_no_basis,0.0039628999948035926,21
0.4,65,66,general,0.005610600026557222,21
0.4,65,66,recursive_basis,0.007689699996262789,21
0.4,66,67,general,0.00557529999059625,21
0.4,66,67,recursive_basis,0.006933399999979883,21
0.4,66,67,recursive_no_basis,0.003586799983168021,21
0.4,67,68,recursive_basis,0.007388300000457093,21
0.4,67,68,recursive_no_basis,0.0038330999959725887,21
0.4,67,68,general,0.005505500012077391,21
0.4,68,69,recursive_no_basis,0.0037453999975696206,21
0.4,68,69,general,0.0056028999970294535,21
0.4,68,69,recursive_basis,0.0067374999925959855,21
0.4,69,70,general,0.005418999993707985,21
0.4,69,70,recursive_basis,0.007610799977555871,21
0.4,69,70,recursive_no_basis,0.0041083999967668205,21
0.4,70,71,recursive_basis,0.007146999996621162,21
0.4,70,71,recursive_no_basis,0.003562800004146993,21
0.4,70,71,general,0.005559200013522059,21
0.4,71,72,recursive_no_basis,0.003865200007567182,21
0.4,71,72,general,0.005352699983632192,21
0.4,71,72,recursive_basis,0.007437000022036955,21
0.4,72,73,general,0.005520200007595122,21
0.4,72,73,recursive_basis,0.006247800018172711,21
0.4,72,73,recursive_no_basis,0.0036239000037312508,21
0.4,73,74,recursive_basis,0.006375800003297627,21
0.4,73,74,recursive_no_basis,0.0036564000183716416,21
0.4,73,74,general,0.0056896999885793775,21
0.4,74,75,recursive_no_basis,0.0038828999968245625,21
0.4,74,75,general,0.005442800000309944,21
0.4,74,75,recursive_basis,0.007302899990463629,21
0.4,75,76,general,0.0054481999832205474,21
0.4,75,76,recursive_basis,0.007943800010252744,21
0.4,75,76,recursive_no_basis,0.00398999999742955,21
0.4,76,77,recursive_basis,0.007907100021839142,21
0.4,76,77,recursive_no_basis,0.00410849999752827,21
0.4,76,77,general,0.04595830000471324,21
0.4,77,78,recursive_no_basis,0.0046873000101186335,21
0.4,77,78,general,0.006352199998218566,21
0.4,77,78,recursive_basis,0.00832809999701567,21
0.4,78,79,general,0.005595900001935661,21
0.4,78,79,recursive_basis,0.006973800016567111,21
0.4,78,79,recursive_no_basis,0.0036724999954458326,21
0.4,79,80,recursive_basis,0.005802500003483146,21
0.4,79,80,recursive_no_basis,0.003293200017651543,21
0.4,79,80,general,0.005532900016987696,21
0.4,80,81,recursive_no_basis,0.0038797000015620142,21
0.4,80,81,general,0.005473199998959899,21
0.4,80,81,recursive_basis,0.007549800007836893,21
0.4,81,82,general,0.005477800004882738,21
0.4,81,82,recursive_basis,0.007790100004058331,21
0.4,81,82,recursive_no_basis,0.004011399985756725,21
0.4,82,83,recursive_basis,0.007762000022921711,21
0.4,82,83,recursive_no_basis,0.0037252000183798373,21
0.4,82,83,general,0.005641499999910593,21
0.4,83,84,recursive_no_basis,0.0036853000055998564,21
0.4,83,84,general,0.005589499982306734,21
0.4,83,84,recursive_basis,0.006873599981190637,21
0.4,84,85,general,0.005684700008714572,21
0.4,84,85,recursive_basis,0.007455300015863031,21
0.4,84,85,recursive_no_basis,0.003931499988539144,21
0.4,85,86,recursive_basis,0.008806500001810491,21
0.4,85,86,recursive_no_basis,0.003921499999705702,21
0.4,85,86,general,0.005504600005224347,21
0.4,86,87,recursive_no_basis,0.004037200007587671,21
0.4,86,87,general,0.005480099993292242,21
0.4,86,87,recursive_basis,0.008137199998600408,21
0.4,87,88,general,0.005211199983023107,22
0.4,87,88,recursive_basis,0.006574699975317344,22
0.4,87,88,recursive_no_basis,0.0035257000126875937,22
0.4,88,89,recursive_basis,0.008053300000028685,21
0.4,88,89,recursive_no_basis,0.003990199998952448,21
0.4,88,89,general,0.00540940000792034,21
0.4,89,90,recursive_no_basis,0.0038377000018954277,21
0.4,89,90,general,0.005550599977141246,21
0.4,89,90,recursive_basis,0.007539200014434755,21
0.4,90,91,general,0.005583999998634681,21
0.4,90,91,recursive_basis,0.0071881999901961535,21
0.4,90,91,recursive_no_basis,0.0037694999773520976,21
0.4,91,92,recursive_basis,0.00777539997943677,21
0.4,91,92,recursive_no_basis,0.003909399994881824,21
0.4,91,92,general,0.0053881999920122325,21
0.4,92,93,recursive_no_basis,0.003929400001652539,21
0.4,92,93,general,0.0053712000080849975,21
0.4,92,93,recursive_basis,0.007241399987833574,21
0.4,93,94,general,0.005471900018164888,21
0.4,93,94,recursive_basis,0.00703320000320673,21
0.4,93,94,recursive_no_basis,0.003856400027871132,21
0.4,94,95,recursive_basis,0.0065128999995067716,22
0.4,94,95,recursive_no_basis,0.003307100007077679,22
0.4,94,95,general,0.005179500003578141,22
0.4,95,96,recursive_no_basis,0.003974300023401156,21
0.4,95,96,general,0.005455399979837239,21
0.4,95,96,recursive_basis,0.007997200009413064,21
0.4,96,97,general,0.005265699990559369,22
0.4,96,97,recursive_basis,0.006813599989982322,22
0.4,96,97,recursive_no_basis,0.00397520000115037,22
0.4,97,98,recursive_basis,0.007551999995484948,21
0.4,97,98,recursive_no_basis,0.0038493999745696783,21
0.4,97,98,general,0.005476200021803379,21
0.4,98,99,recursive_no_basis,0.003872000001138076,21
0.4,98,99,general,0.0055059000151231885,21
0.4,98,99,recursive_basis,0.007719699991866946,21
0.4,99,100,general,0.005256599979475141,22
0.4,99,100,recursive_basis,0.0070090000226628035,22
0.4,99,100,recursive_no_basis,0.003527399996528402,22
0.4,100,101,recursive_basis,0.007080899988068268,21
0.4,100,101,recursive_no_basis,0.0035565999860409647,21
0.4,100,101,general,0.005495899997185916,21
0.4,101,102,recursive_no_basis,0.0037483999913092703,21
0.4,101,102,general,0.005451499979244545,21
0.4,101,102,recursive_basis,0.007040099997539073,21
0.4,102,103,general,0.005355900007998571,21
0.4,102,103,recursive_basis,0.006439900025725365,21
0.4,102,103,recursive_no_basis,0.0035167000023648143,21
0.4,103,104,recursive_basis,0.007041000004392117,21
0.4,103,104,recursive_no_basis,0.003795700002228841,21
0.4,103,104,general,0.0054496999946422875,21
0.4,104,105,recursive_no_basis,0.0035333000123500824,21
0.4,104,105,general,0.005535900010727346,21
0.4,104,105,recursive_basis,0.007072899985359982,21
0.4,105,106,general,0.005496500001754612,21
0.4,105,106,recursive_basis,0.007930299994768575,21
0.4,105,106,recursive_no_basis,0.003914500004611909,21
0.4,106,107,recursive_basis,0.0072650999936740845,21
0.4,106,107,recursive_no_basis,0.0037734000070486218,21
0.4,106,107,general,0.005540200014365837,21
0.4,107,108,recursive_no_basis,0.0040342999855056405,21
0.4,107,108,general,0.005548299988731742,21
0.4,107,108,recursive_basis,0.007764400012092665,21
0.4,108,109,general,0.00550570001360029,21
0.4,108,109,recursive_basis,0.007982299983268604,21
0.4,108,109,recursive_no_basis,0.004013500001747161,21
0.4,109,110,recursive_basis,0.005820600024890155,21
0.4,109,110,recursive_no_basis,0.0033946000039577484,21
0.4,109,110,general,0.005501100007677451,21
0.4,110,111,recursive_no_basis,0.003996499988716096,22
0.4,110,111,general,0.005433899990748614,22
0.4,110,111,recursive_basis,0.007300600002054125,22
0.4,111,112,general,0.0054425999987870455,21
0.4,111,112,recursive_basis,0.0077129999990575016,21
0.4,111,112,recursive_no_basis,0.004177199996775016,21
0.4,112,113,recursive_basis,0.007831500028260052,21
0.4,112,113,recursive_no_basis,0.004024599998956546,21
0.4,112,113,general,0.005471699987538159,21
0.4,113,114,recursive_no_basis,0.0036000000254716724,21
0.4,113,114,general,0.005521799990674481,21
0.4,113,114,recursive_basis,0.007129400008125231,21
0.4,114,115,general,0.0055210000136867166,21
0.4,114,115,recursive_basis,0.007558000012068078,21
0.4,114,115,recursive_no_basis,0.003921199997421354,21
0.4,115,116,recursive_basis,0.006811800005380064,21
0.4,115,116,recursive_no_basis,0.003727000002982095,21
0.4,115,116,general,0.005638300004648045,21
0.4,116,117,recursive_no_basis,0.003934999986086041,21
0.4,116,117,general,0.005626099999062717,21
0.4,116,117,recursive_basis,0.007503500004531816,21
0.4,117,118,general,0.005563300015637651,21
0.4,117,118,recursive_basis,0.007821000006515533,21
0.4,117,118,recursive_no_basis,0.00404329999582842,21
0.4,118,119,recursive_basis,0.007619499985594302,21
0.4,118,119,recursive_no_basis,0.003747600014321506,21
0.4,118,119,general,0.005475799989653751,21
0.4,119,120,recursive_no_basis,0.00416479998966679,21
0.4,119,120,general,0.005459200008772314,21
0.4,119,120,recursive_basis,0.007502100022975355,21
0.4,120,121,general,0.005402100010542199,21
0.4,120,121,recursive_basis,0.007108599995262921,21
0.4,120,121,recursive_no_basis,0.0038181999989319593,21
0.4,121,122,recursive_basis,0.006586000003153458,21
0.4,121,122,recursive_no_basis,0.0035391999990679324,21
0.4,121,122,general,0.00563010000041686,21
0.4,122,123,recursive_no_basis,0.0036282999790273607,21
0.4,122,123,general,0.005364599986933172,21
0.4,122,123,recursive_basis,0.007678099995246157,21
0.4,123,124,general,0.005412700003944337,21
0.4,123,124,recursive_basis,0.007100299990270287,21
0.4,123,124,recursive_no_basis,0.0036109999928157777,21
0.4,124,125,recursive_basis,0.00726140002370812,21
0.4,124,125,recursive_no_basis,0.0038146000006236136,21
0.4,124,125,general,0.005501899984665215,21
0.4,125,126,recursive_no_basis,0.0038917000056244433,21
0.4,125,126,general,0.00544639999861829,21
0.4,125,126,recursive_basis,0.007738100015558302,21
0.4,126,127,general,0.0055081000027712435,21
0.4,126,127,recursive_basis,0.007279000012204051,21
0.4,126,127,recursive_no_basis,0.003910999977961183,21
0.4,127,128,recursive_basis,0.0071564000099897385,21
0.4,127,128,recursive_no_basis,0.0038419000047724694,21
0.4,127,128,general,0.005526799999643117,21
0.4,128,129,recursive_no_basis,0.0035933000035583973,21
0.4,128,129,general,0.005528800014872104,21
0.4,128,129,recursive_basis,0.006939600018085912,21
0.4,129,130,general,0.005401200003689155,21
0.4,129,130,recursive_basis,0.00700059998780489,21
0.4,129,130,recursive_no_basis,0.0037770999770145863,21
0.4,130,131,recursive_basis,0.007532999996328726,21
0.4,130,131,recursive_no_basis,0.003835399984382093,21
0.4,130,131,general,0.0055213999876286834,21
0.4,131,132,recursive_no_basis,0.0036558000138029456,21
0.4,131,132,general,0.005574499984504655,21
0.4,131,132,recursive_basis,0.007293000002391636,21
0.4,132,133,general,0.005576600000495091,21
0.4,132,133,recursive_basis,0.007484299974748865,21
0.4,132,133,recursive_no_basis,0.0039413000049535185,21
0.4,133,134,recursive_basis,0.007478000014089048,21
0.4,133,134,recursive_no_basis,0.0035479000071063638,21
0.4,133,134,general,0.005502499989233911,21
0.4,134,135,recursive_no_basis,0.0035693999961949885,21
0.4,134,135,general,0.005419099994469434,21
0.4,134,135,recursive_basis,0.006723200000124052,21
0.4,135,136,general,0.005400900001404807,21
0.4,135,136,recursive_basis,0.007607399980770424,21
0.4,135,136,recursive_no_basis,0.003989000018918887,21
0.4,136,137,recursive_basis,0.007266000000527129,22
0.4,136,137,recursive_no_basis,0.003799900005105883,22
0.4,136,137,general,0.0054336000175680965,22
0.4,137,138,recursive_no_basis,0.0039268000109586865,21
0.4,137,138,general,0.005611799977486953,21
0.4,137,138,recursive_basis,0.006984400009969249,21
0.4,138,139,general,0.005375900014769286,21
0.4,138,139,recursive_basis,0.006987400003708899,21
0.4,138,139,recursive_no_basis,0.003650500002549961,21
0.4,139,140,recursive_basis,0.00690279999980703,21
0.4,139,140,recursive_no_basis,0.0037395000108517706,21
0.4,139,140,general,0.005492500000400469,21
0.4,140,141,recursive_no_basis,0.0038062999956309795,21
0.4,140,141,general,0.005498499987879768,21
0.4,140,141,recursive_basis,0.008363999979337677,21
0.4,141,142,general,0.0055204000091180205,21
0.4,141,142,recursive_basis,0.007325899990973994,21
0.4,141,142,recursive_no_basis,0.003936900000553578,21
0.4,142,143,recursive_basis,0.007719000015640631,22
0.4,142,143,recursive_no_basis,0.004117200005566701,22
0.4,142,143,general,0.005460599990328774,22
0.4,143,144,recursive_no_basis,0.003838700009509921,21
0.4,143,144,general,0.0054546000028494745,21
0.4,143,144,recursive_basis,0.007071300002280623,21
0.4,144,145,general,0.005445400020107627,21
0.4,144,145,recursive_basis,0.007440199988195673,21
0.4,144,145,recursive_no_basis,0.003929099999368191,21
0.4,145,146,recursive_basis,0.006938799982890487,21
0.4,145,146,recursive_no_basis,0.0038890000141691417,21
0.4,145,146,general,0.005496199999470264,21
0.4,146,147,recursive_no_basis,0.0038874000019859523,21
0.4,146,147,general,0.005437699990579858,21
0.4,146,147,recursive_basis,0.006859199987957254,21
0.4,147,148,general,0.005190900003071874,22
0.4,147,148,recursive_basis,0.007014700007857755,22
0.4,147,148,recursive_no_basis,0.003609899984439835,22
0.4,148,149,recursive_basis,0.007518800004618242,22
0.4,148,149,recursive_no_basis,0.0037490999966394156,22
0.4,148,149,general,0.005300999997416511,22
0.4,149,150,recursive_no_basis,0.003592200024286285,21
0.4,149,150,general,0.005503499996848404,21
0.4,149,150,recursive_basis,0.007251600007293746,21
0.4,150,151,general,0.005409800010966137,21
0.4,150,151,recursive_basis,0.006739500007824972,21
0.4,150,151,recursive_no_basis,0.0035623000003397465,21
0.4,151,152,recursive_basis,0.007377100002486259,21
0.4,151,152,recursive_no_basis,0.003864800004521385,21
0.4,151,152,general,0.005424600007245317,21
0.4,152,153,recursive_no_basis,0.003878499992424622,22
0.4,152,153,general,0.005201099993428215,22
0.4,152,153,recursive_basis,0.006858700013253838,22
0.4,153,154,general,0.005365400022128597,21
0.4,153,154,recursive_basis,0.0067206000094302,21
0.4,153,154,recursive_no_basis,0.0035785000072792172,21
0.4,154,155,recursive_basis,0.007248699985211715,21
0.4,154,155,recursive_no_basis,0.00381809999817051,21
0.4,154,155,general,0.005471700016641989,21
0.4,155,156,recursive_no_basis,0.0038727000064682215,21
0.4,155,156,general,0.005410200014011934,21
0.4,155,156,recursive_basis,0.0077330999774858356,21
0.4,156,157,general,0.005467000009957701,21
0.4,156,157,recursive_basis,0.007807300018612295,21
0.4,156,157,recursive_no_basis,0.003880200005369261,21
0.4,157,158,recursive_basis,0.007737900014035404,21
0.4,157,158,recursive_no_basis,0.004058299993630499,21
0.4,157,158,general,0.005422899994300678,21
0.4,158,159,recursive_no_basis,0.0038290999946184456,21
0.4,158,159,general,0.005369200021959841,21
0.4,158,159,recursive_basis,0.007503100001486018,21
0.4,159,160,general,0.005313400004524738,21
0.4,159,160,recursive_basis,0.006931700016139075,21
0.4,159,160,recursive_no_basis,0.003881299984641373,21
0.4,160,161,recursive_basis,0.007218899991130456,21
0.4,160,161,recursive_no_basis,0.03526800000690855,21
0.4,160,161,general,0.00783180000144057,21
0.4,161,162,recursive_no_basis,0.0038089000154286623,21
0.4,161,162,general,0.006629199982853606,21
0.4,161,162,recursive_basis,0.007163999980548397,21
0.4,162,163,general,0.005729700002120808,21
0.4,162,163,recursive_basis,0.007351600012043491,21
0.4,162,163,recursive_no_basis,0.003916999994544312,21
0.4,163,164,recursive_basis,0.006862599984742701,21
0.4,163,164,recursive_no_basis,0.003619700000854209,21
0.4,163,164,general,0.00572039998951368,21
0.4,164,165,recursive_no_basis,0.003996299987193197,21
0.4,164,165,general,0.005521799990674481,21
0.4,164,165,recursive_basis,0.007900500000687316,21
0.4,165,166,general,0.005632899992633611,21
0.4,165,166,recursive_basis,0.007268599991220981,21
0.4,165,166,recursive_no_basis,0.003785899985814467,21
0.4,166,167,recursive_basis,0.007890000008046627,21
0.4,166,167,recursive_no_basis,0.004061600018758327,21
0.4,166,167,general,0.005555700015975162,21
0.4,167,168,recursive_no_basis,0.0040237999928649515,21
0.4,167,168,general,0.005571600020630285,21
0.4,167,168,recursive_basis,0.007558999990578741,21
0.4,168,169,general,0.005268100008834153,22
0.4,168,169,recursive_basis,0.007328199979383498,22
0.4,168,169,recursive_no_basis,0.003797799989115447,22
0.4,169,170,recursive_basis,0.007073100015986711,22
0.4,169,170,recursive_no_basis,0.003627900005085394,22
0.4,169,170,general,0.005597799987299368,22
0.4,170,171,recursive_no_basis,0.003992499987361953,21
0.4,170,171,general,0.005715400009648874,21
0.4,170,171,recursive_basis,0.007873599999584258,21
0.4,171,172,general,0.00571310002123937,22
0.4,171,172,recursive_basis,0.0070164000208023936,22
0.4,171,172,recursive_no_basis,0.003712800011271611,22
0.4,172,173,recursive_basis,0.008312399993883446,21
0.4,172,173,recursive_no_basis,0.004019500018330291,21
0.4,172,173,general,0.005649700004141778,21
0.4,173,174,recursive_no_basis,0.003945899981772527,21
0.4,173,174,general,0.005544400017242879,21
0.4,173,174,recursive_basis,0.007865200022934005,21
0.4,174,175,general,0.005540999991353601,21
0.4,174,175,recursive_basis,0.006216199981281534,21
0.4,174,175,recursive_no_basis,0.0036037999961990863,21
0.4,175,176,recursive_basis,0.007228100002976134,21
0.4,175,176,recursive_no_basis,0.003930999984731898,21
0.4,175,176,general,0.005446099996333942,21
0.4,176,177,recursive_no_basis,0.003921099996659905,21
0.4,176,177,general,0.005517800018424168,21
0.4,176,177,recursive_basis,0.007688199984841049,21
0.4,177,178,general,0.005482900014612824,21
0.4,177,178,recursive_basis,0.007740300003206357,21
0.4,177,178,recursive_no_basis,0.003782700019655749,21
0.4,178,179,recursive_basis,0.007685899996431544,21
0.4,178,179,recursive_no_basis,0.0037705000140704215,21
0.4,178,179,general,0.005546600004890934,21
0.4,179,180,recursive_no_basis,0.0035285000049043447,21
0.4,179,180,general,0.00552779997815378,21
0.4,179,180,recursive_basis,0.006155200011562556,21
0.4,180,181,general,0.005384299991419539,21
0.4,180,181,recursive_basis,0.006611199991311878,21
0.4,180,181,recursive_no_basis,0.003807300003245473,21
0.4,181,182,recursive_basis,0.006828199984738603,21
0.4,181,182,recursive_no_basis,0.003524399973684922,21
0.4,181,182,general,0.00545820000115782,21
0.4,182,183,recursive_no_basis,0.003939399990485981,21
0.4,182,183,general,0.005360299983294681,21
0.4,182,183,recursive_basis,0.007333300018217415,21
0.4,183,184,general,0.005613300018012524,21
0.4,183,184,recursive_basis,0.007934599998407066,21
0.4,183,184,recursive_no_basis,0.003592299995943904,21
0.4,184,185,recursive_basis,0.0074923999782186,22
0.4,184,185,recursive_no_basis,0.0038105999992694706,22
0.4,184,185,general,0.005523100000573322,22
0.4,185,186,recursive_no_basis,0.00371879999875091,21
0.4,185,186,general,0.0056005000078585,21
0.4,185,186,recursive_basis,0.0065088999981526285,21
0.4,186,187,general,0.005569000000832602,21
0.4,186,187,recursive_basis,0.006611799995880574,21
0.4,186,187,recursive_no_basis,0.0036840999964624643,21
0.4,187,188,recursive_basis,0.00730569998268038,21
0.4,187,188,recursive_no_basis,0.003857800009427592,21
0.4,187,188,general,0.005472499993629754,21
0.4,188,189,recursive_no_basis,0.003406800009543076,21
0.4,188,189,general,0.0053616000222973526,21
0.4,188,189,recursive_basis,0.006455499998992309,21
0.4,189,190,general,0.0055081000027712435,21
0.4,189,190,recursive_basis,0.007142000016756356,21
0.4,189,190,recursive_no_basis,0.003738700004760176,21
0.4,190,191,recursive_basis,0.007058500021230429,21
0.4,190,191,recursive_no_basis,0.0042397000070195645,21
0.4,190,191,general,0.00565090001327917,21
0.4,191,192,recursive_no_basis,0.0032553999917581677,21
0.4,191,192,general,0.005656299996189773,21
0.4,191,192,recursive_basis,0.006478900002548471,21
0.4,192,193,general,0.005380899994634092,22
0.4,192,193,recursive_basis,0.007147600001189858,22
0.4,192,193,recursive_no_basis,0.003638499998487532,22
0.4,193,194,recursive_basis,0.007103000010829419,21
0.4,193,194,recursive_no_basis,0.0038263000024016947,21
0.4,193,194,general,0.005678199988324195,21
0.4,194,195,recursive_no_basis,0.0035592000058386475,21
0.4,194,195,general,0.005798099999083206,21
0.4,194,195,recursive_basis,0.006856699998024851,21
0.4,195,196,general,0.005514199991011992,21
0.4,195,196,recursive_basis,0.0076868000032845885,21
0.4,195,196,recursive_no_basis,0.003838700009509921,21
0.4,196,197,recursive_basis,0.007957299996633083,21
0.4,196,197,recursive_no_basis,0.00380619999486953,21
0.4,196,197,general,0.00551599997561425,21
0.4,197,198,recursive_no_basis,0.0036443000135477632,21
0.4,197,198,general,0.015809100004844368,21
0.4,197,198,recursive_basis,0.016210599977057427,21
0.4,198,199,general,0.00836959999287501,21
0.4,198,199,recursive_basis,0.012027799995848909,21
0.4,198,199,recursive_no_basis,0.004236100008711219,21
0.4,199,200,recursive_basis,0.007126400014385581,21
0.4,199,200,recursive_no_basis,0.0037323000142350793,21
0.4,199,200,general,0.005591200024355203,21
0.5,0,1,general,0.00734880001982674,31
0.5,0,1,recursive_basis,0.008365999994566664,31
0.5,0,1,recursive_no_basis,0.004222899995511398,31
0.5,1,2,recursive_basis,0.007600799988722429,31
0.5,1,2,recursive_no_basis,0.004011600016383454,31
0.5,1,2,general,0.007908100000349805,31
0.5,2,3,recursive_no_basis,0.004596299986587837,31
0.5,2,3,general,0.007410199992591515,31
0.5,2,3,recursive_basis,0.007144999981392175,31
0.5,3,4,general,0.007076799985952675,31
0.5,3,4,recursive_basis,0.007627800019690767,31
0.5,3,4,recursive_no_basis,0.004060000006575137,31
0.5,4,5,recursive_basis,0.007554100011475384,31
0.5,4,5,recursive_no_basis,0.0040200999937951565,31
0.5,4,5,general,0.007140100002288818,31
0.5,5,6,recursive_no_basis,0.0042545000032987446,31
0.5,5,6,general,0.007079300004988909,31
0.5,5,6,recursive_basis,0.007705100026214495,31
0.5,6,7,general,0.006909500021720305,31
0.5,6,7,recursive_basis,0.007714500010479242,31
0.5,6,7,recursive_no_basis,0.003917800000635907,31
0.5,7,8,recursive_basis,0.008222000004025176,31
0.5,7,8,recursive_no_basis,0.004053299984661862,31
0.5,7,8,general,0.007065299985697493,31
0.5,8,9,recursive_no_basis,0.004343600012362003,31
0.5,8,9,general,0.007028399995760992,31
0.5,8,9,recursive_basis,0.007783900015056133,31
0.5,9,10,general,0.007137200009310618,31
0.5,9,10,recursive_basis,0.008715200005099177,31
0.5,9,10,recursive_no_basis,0.004080800019437447,31
0.5,10,11,recursive_basis,0.007789199997205287,31
0.5,10,11,recursive_no_basis,0.003993899998022243,31
0.5,10,11,general,0.007179100008215755,31
0.5,11,12,recursive_no_basis,0.003962500020861626,31
0.5,11,12,general,0.007043999998131767,31
0.5,11,12,recursive_basis,0.007840400008717552,31
0.5,12,13,general,0.007159700006013736,31
0.5,12,13,recursive_basis,0.00699309998890385,31
0.5,12,13,recursive_no_basis,0.003644899989012629,31
0.5,13,14,recursive_basis,0.007688799989409745,31
0.5,13,14,recursive_no_basis,0.004294099984690547,31
0.5,13,14,general,0.007093299995176494,31
0.5,14,15,recursive_no_basis,0.003955399995902553,31
0.5,14,15,general,0.007001599995419383,31
0.5,14,15,recursive_basis,0.008087700000032783,31
0.5,15,16,general,0.0070164999924600124,31
0.5,15,16,recursive_basis,0.00801099999807775,31
0.5,15,16,recursive_no_basis,0.003975400002673268,31
0.5,16,17,recursive_basis,0.007736400002613664,31
0.5,16,17,recursive_no_basis,0.003908300015609711,31
0.5,16,17,general,0.00699620001250878,31
0.5,17,18,recursive_no_basis,0.004046200017910451,31
0.5,17,18,general,0.007129200006602332,31
0.5,17,18,recursive_basis,0.008052799996221438,31
0.5,18,19,general,0.007073400018271059,31
0.5,18,19,recursive_basis,0.00755180002306588,31
0.5,18,19,recursive_no_basis,0.004127200023503974,31
0.5,19,20,recursive_basis,0.008696200005942956,31
0.5,19,20,recursive_no_basis,0.003983399976277724,31
0.5,19,20,general,0.007024599995929748,31
0.5,20,21,recursive_no_basis,0.0038486999983433634,31
0.5,20,21,general,0.007095699984347448,31
0.5,20,21,recursive_basis,0.007428100012475625,31
0.5,21,22,general,0.007194300007540733,31
0.5,21,22,recursive_basis,0.00731320001068525,31
0.5,21,22,recursive_no_basis,0.003915599983884022,31
0.5,22,23,recursive_basis,0.007653400010894984,31
0.5,22,23,recursive_no_basis,0.003987200005212799,31
0.5,22,23,general,0.006972999981371686,31
0.5,23,24,recursive_no_basis,0.003957500011892989,31
0.5,23,24,general,0.007039900025120005,31
0.5,23,24,recursive_basis,0.008144999999785796,31
0.5,24,25,general,0.007120399997802451,31
0.5,24,25,recursive_basis,0.007507200003601611,31
0.5,24,25,recursive_no_basis,0.0042280000052414834,31
0.5,25,26,recursive_basis,0.007665399985853583,31
0.5,25,26,recursive_no_basis,0.004139200027566403,31
0.5,25,26,general,0.00715320001472719,31
0.5,26,27,recursive_no_basis,0.004231900005834177,31
0.5,26,27,general,0.00723030001972802,31
0.5,26,27,recursive_basis,0.008237300004111603,31
0.5,27,28,general,0.007168599986471236,31
0.5,27,28,recursive_basis,0.007151800004066899,31
0.5,27,28,recursive_no_basis,0.003993999998783693,31
0.5,28,29,recursive_basis,0.008025199989788234,31
0.5,28,29,recursive_no_basis,0.004007300012744963,31
0.5,28,29,general,0.007131200021831319,31
0.5,29,30,recursive_no_basis,0.003862700017634779,31
0.5,29,30,general,0.007073599990690127,31
0.5,29,30,recursive_basis,0.006931900017661974,31
0.5,30,31,general,0.007254500000271946,31
0.5,30,31,recursive_basis,0.006630299991229549,31
0.5,30,31,recursive_no_basis,0.003992199985077605,31
0.5,31,32,recursive_basis,0.00799019998521544,31
0.5,31,32,recursive_no_basis,0.003988599986769259,31
0.5,31,32,general,0.007207899994682521,31
0.5,32,33,recursive_no_basis,0.0039548999920953065,31
0.5,32,33,general,0.006979500001762062,31
0.5,32,33,recursive_basis,0.0076988000073470175,31
0.5,33,34,general,0.006998899974860251,31
0.5,33,34,recursive_basis,0.007677399989916012,31
0.5,33,34,recursive_no_basis,0.0039400999958161265,31
0.5,34,35,recursive_basis,0.007112399995094165,31
0.5,34,35,recursive_no_basis,0.003925199998775497,31
0.5,34,35,general,0.006936999998288229,31
0.5,35,36,recursive_no_basis,0.00392480002483353,31
0.5,35,36,general,0.00703320000320673,31
0.5,35,36,recursive_basis,0.007959799986565486,31
0.5,36,37,general,0.007137800013879314,31
0.5,36,37,recursive_basis,0.0074013999837916344,31
0.5,36,37,recursive_no_basis,0.0040914000128395855,31
0.5,37,38,recursive_basis,0.008226100006140769,31
0.5,37,38,recursive_no_basis,0.003975700004957616,31
0.5,37,38,general,0.007211799995275214,31
0.5,38,39,recursive_no_basis,0.004006100003607571,31
0.5,38,39,general,0.007213500008219853,31
0.5,38,39,recursive_basis,0.00845399999525398,31
0.5,39,40,general,0.007221899984870106,31
0.5,39,40,recursive_basis,0.007714300008956343,31
0.5,39,40,recursive_no_basis,0.0039425000140909106,31
0.5,40,41,recursive_basis,0.007319299998925999,31
0.5,40,41,recursive_no_basis,0.0038594999932684004,31
0.5,40,41,general,0.007121000002371147,31
0.5,41,42,recursive_no_basis,0.0038446999969892204,31
0.5,41,42,general,0.006997899996349588,31
0.5,41,42,recursive_basis,0.006831400009104982,31
0.5,42,43,general,0.007029000000329688,31
0.5,42,43,recursive_basis,0.008326100010890514,31
0.5,42,43,recursive_no_basis,0.003972300008172169,31
0.5,43,44,recursive_basis,0.008275000000139698,31
0.5,43,44,recursive_no_basis,0.004139199998462573,31
0.5,43,44,general,0.007158899999922141,31
0.5,44,45,recursive_no_basis,0.004117700009373948,31
0.5,44,45,general,0.007173299993155524,31
0.5,44,45,recursive_basis,0.008770399988861755,31
0.5,45,46,general,0.007378700014669448,31
0.5,45,46,recursive_basis,0.008468100015306845,31
0.5,45,46,recursive_no_basis,0.00422410000464879,31
0.5,46,47,recursive_basis,0.007358000002568588,31
0.5,46,47,recursive_no_basis,0.003968200006056577,31
0.5,46,47,general,0.007129000005079433,31
0.5,47,48,recursive_no_basis,0.004003899986855686,31
0.5,47,48,general,0.00705980000202544,31
0.5,47,48,recursive_basis,0.007765299989841878,31
0.5,48,49,general,0.007263500010594726,31
0.5,48,49,recursive_basis,0.00783320001210086,31
0.5,48,49,recursive_no_basis,0.004118699987884611,31
0.5,49,50,recursive_basis,0.007747600000584498,31
0.5,49,50,recursive_no_basis,0.0040388999914284796,31
0.5,49,50,general,0.007229800015920773,31
0.5,50,51,recursive_no_basis,0.004077699995832518,31
0.5,50,51,general,0.007198800012702122,31
0.5,50,51,recursive_basis,0.0076909999770578,31
0.5,51,52,general,0.007297900010598823,31
0.5,51,52,recursive_basis,0.00785399999585934,31
0.5,51,52,recursive_no_basis,0.004074800002854317,31
0.5,52,53,recursive_basis,0.008202299999538809,31
0.5,52,53,recursive_no_basis,0.004044000001158565,31
0.5,52,53,general,0.007728199998382479,31
0.5,53,54,recursive_no_basis,0.004125300009036437,31
0.5,53,54,general,0.0076188000093679875,31
0.5,53,54,recursive_basis,0.008026399998925626,31
0.5,54,55,general,0.007228299975395203,31
0.5,54,55,recursive_basis,0.00782289999187924,31
0.5,54,55,recursive_no_basis,0.003956900007324293,31
0.5,55,56,recursive_basis,0.007625199999893084,31
0.5,55,56,recursive_no_basis,0.004018300009192899,31
0.5,55,56,general,0.007145299983676523,31
0.5,56,57,recursive_no_basis,0.003990900004282594,31
0.5,56,57,general,0.006969299982301891,31
0.5,56,57,recursive_basis,0.0082377000071574,31
0.5,57,58,general,0.007098100002622232,31
0.5,57,58,recursive_basis,0.00723759998800233,31
0.5,57,58,recursive_no_basis,0.003921499999705702,31
0.5,58,59,recursive_basis,0.007589799992274493,31
0.5,58,59,recursive_no_basis,0.003695399995194748,31
0.5,58,59,general,0.007056100002955645,31
0.5,59,60,recursive_no_basis,0.00422850000904873,31
0.5,59,60,general,0.007007699983660132,31
0.5,59,60,recursive_basis,0.007320299977436662,31
0.5,60,61,general,0.0069414000026881695,31
0.5,60,61,recursive_basis,0.008033399994019419,31
0.5,60,61,recursive_no_basis,0.003970099991420284,31
0.5,61,62,recursive_basis,0.007612799992784858,31
0.5,61,62,recursive_no_basis,0.004063300002599135,31
0.5,61,62,general,0.007006400002865121,31
0.5,62,63,recursive_no_basis,0.003878499992424622,31
0.5,62,63,general,0.007131299993488938,31
0.5,62,63,recursive_basis,0.007632499997271225,31
0.5,63,64,general,0.007110800012014806,31
0.5,63,64,recursive_basis,0.006901699991431087,31
0.5,63,64,recursive_no_basis,0.0038203999865800142,31
0.5,64,65,recursive_basis,0.007497199985664338,31
0.5,64,65,recursive_no_basis,0.004301999986637384,31
0.5,64,65,general,0.0071690000186208636,31
0.5,65,66,recursive_no_basis,0.0040136000025086105,31
0.5,65,66,general,0.006953800009796396,31
0.5,65,66,recursive_basis,0.008021300018299371,31
0.5,66,67,general,0.0070340999809559435,31
0.5,66,67,recursive_basis,0.007324399979552254,31
0.5,66,67,recursive_no_basis,0.0036706999817397445,31
0.5,67,68,recursive_basis,0.007568700006231666,31
0.5,67,68,recursive_no_basis,0.003951599996071309,31
0.5,67,68,general,0.0070355999923776835,31
0.5,68,69,recursive_no_basis,0.0038444999954663217,31
0.5,68,69,general,0.007096500019542873,31
0.5,68,69,recursive_basis,0.007528899994213134,31
0.5,69,70,general,0.007040500000584871,31
0.5,69,70,recursive_basis,0.007874099974287674,31
0.5,69,70,recursive_no_basis,0.004251599981216714,31
0.5,70,71,recursive_basis,0.00736210000468418,31
0.5,70,71,recursive_no_basis,0.004375999997137114,31
0.5,70,71,general,0.007155899977078661,31
0.5,71,72,recursive_no_basis,0.003906600002665073,31
0.5,71,72,general,0.007087100006174296,31
0.5,71,72,recursive_basis,0.007403099996736273,31
0.5,72,73,general,0.0070899999991524965,31
0.5,72,73,recursive_basis,0.006850500009022653,31
0.5,72,73,recursive_no_basis,0.0037761999992653728,31
0.5,73,74,recursive_basis,0.006689000001642853,31
0.5,73,74,recursive_no_basis,0.003912199987098575,31
0.5,73,74,general,0.007011900015641004,31
0.5,74,75,recursive_no_basis,0.003565299994079396,31
0.5,74,75,general,0.007023800018941984,31
0.5,74,75,recursive_basis,0.00678419999894686,31
0.5,75,76,general,0.007118500012438744,31
0.5,75,76,recursive_basis,0.0074714999936986715,31
0.5,75,76,recursive_no_basis,0.0039394999912474304,31
0.5,76,77,recursive_basis,0.008448600012343377,31
0.5,76,77,recursive_no_basis,0.003913799999281764,31
0.5,76,77,general,0.007305500010261312,31
0.5,77,78,recursive_no_basis,0.00410560000455007,31
0.5,77,78,general,0.0071020000032149255,31
0.5,77,78,recursive_basis,0.008281699992949143,31
0.5,78,79,general,0.007013199996436015,31
0.5,78,79,recursive_basis,0.007808499998645857,31
0.5,78,79,recursive_no_basis,0.003931899991584942,31
0.5,79,80,recursive_basis,0.006906299997353926,31
0.5,79,80,recursive_no_basis,0.00381509997532703,31
0.5,79,80,general,0.0071622999967075884,31
0.5,80,81,recursive_no_basis,0.0040855999977793545,31
0.5,80,81,general,0.007204299996374175,31
0.5,80,81,recursive_basis,0.008050100004766136,31
0.5,81,82,general,0.00717689999146387,31
0.5,81,82,recursive_basis,0.008718400000361726,31
0.5,81,82,recursive_no_basis,0.00452930000028573,31
0.5,82,83,recursive_basis,0.008790599997155368,31
0.5,82,83,recursive_no_basis,0.004194999986793846,31
0.5,82,83,general,0.0071020000032149255,31
0.5,83,84,recursive_no_basis,0.0039013999921735376,31
0.5,83,84,general,0.007155700004659593,31
0.5,83,84,recursive_basis,0.007130599988158792,31
0.5,84,85,general,0.007152800011681393,31
0.5,84,85,recursive_basis,0.007881099998485297,31
0.5,84,85,recursive_no_basis,0.0039994000107981265,31
0.5,85,86,recursive_basis,0.007414100022288039,31
0.5,85,86,recursive_no_basis,0.004279999993741512,31
0.5,85,86,general,0.007272899994859472,31
0.5,86,87,recursive_no_basis,0.0041880999924615026,31
0.5,86,87,general,0.007207599992398173,31
0.5,86,87,recursive_basis,0.008495099988067523,31
0.5,87,88,general,0.007337899995036423,31
0.5,87,88,recursive_basis,0.007484200003091246,31
0.5,87,88,recursive_no_basis,0.004424900020239875,31
0.5,88,89,recursive_basis,0.007485600013751537,31
0.5,88,89,recursive_no_basis,0.003956800006562844,31
0.5,88,89,general,0.0071635000058449805,31
0.5,89,90,recursive_no_basis,0.004031599994050339,31
0.5,89,90,general,0.007132700004149228,31
0.5,89,90,recursive_basis,0.008346700022229925,31
0.5,90,91,general,0.0074696000083349645,31
0.5,90,91,recursive_basis,0.0083059000025969,31
0.5,90,91,recursive_no_basis,0.004054199991514906,31
0.5,91,92,recursive_basis,0.0071147000126075,31
0.5,91,92,recursive_no_basis,0.0038089000154286623,31
0.5,91,92,general,0.007100999995600432,31
0.5,92,93,recursive_no_basis,0.004065900022396818,31
0.5,92,93,general,0.007246699999086559,31
0.5,92,93,recursive_basis,0.0077560000063385814,31
0.5,93,94,general,0.007081599993398413,31
0.5,93,94,recursive_basis,0.00792960001854226,31
0.5,93,94,recursive_no_basis,0.003930300008505583,31
0.5,94,95,recursive_basis,0.0073379999957978725,31
0.5,94,95,recursive_no_basis,0.004203699994832277,31
0.5,94,95,general,0.007257599994773045,31
0.5,95,96,recursive_no_basis,0.004071300005307421,31
0.5,95,96,general,0.007256500015500933,31
0.5,95,96,recursive_basis,0.008698999998159707,31
0.5,96,97,general,0.007249900023452938,31
0.5,96,97,recursive_basis,0.006967299996176735,31
0.5,96,97,recursive_no_basis,0.004074199998285621,31
0.5,97,98,recursive_basis,0.007726799987722188,31
0.5,97,98,recursive_no_basis,0.003974700026446953,31
0.5,97,98,general,0.0072293000121135265,31
0.5,98,99,recursive_no_basis,0.004017400002339855,31
0.5,98,99,general,0.007078299997374415,31
0.5,98,99,recursive_basis,0.00807179999537766,31
0.5,99,100,general,0.007608099986100569,31
0.5,99,100,recursive_basis,0.0074004000052809715,31
0.5,99,100,recursive_no_basis,0.00386850000359118,31
0.5,100,101,recursive_basis,0.008302200003527105,31
0.5,100,101,recursive_no_basis,0.004019200016045943,31
0.5,100,101,general,0.007239600003231317,31
0.5,101,102,recursive_no_basis,0.004088599991519004,31
0.5,101,102,general,0.007345299993176013,31
0.5,101,102,recursive_basis,0.007835900003556162,31
0.5,102,103,general,0.007337799994274974,31
0.5,102,103,recursive_basis,0.007066300022415817,31
0.5,102,103,recursive_no_basis,0.0036740999785251915,31
0.5,103,104,recursive_basis,0.007738999993307516,31
0.5,103,104,recursive_no_basis,0.003893799992511049,31
0.5,103,104,general,0.007150399993406609,31
0.5,104,105,recursive_no_basis,0.003918300004443154,31
0.5,104,105,general,0.006955099990591407,31
0.5,104,105,recursive_basis,0.0080790999927558,31
0.5,105,106,general,0.00693840000894852,31
0.5,105,106,recursive_basis,0.007973799976753071,31
0.5,105,106,recursive_no_basis,0.004106099979253486,31
0.5,106,107,recursive_basis,0.00725540000712499,31
0.5,106,107,recursive_no_basis,0.003921499999705702,31
0.5,106,107,general,0.007183600013377145,31
0.5,107,108,recursive_no_basis,0.004275699990103021,31
0.5,107,108,general,0.007169199991039932,31
0.5,107,108,recursive_basis,0.008250300015788525,31
0.5,108,109,general,0.007363899989286438,31
0.5,108,109,recursive_basis,0.007808299997122958,31
0.5,108,109,recursive_no_basis,0.0039557999989483505,31
0.5,109,110,recursive_basis,0.006742500001564622,31
0.5,109,110,recursive_no_basis,0.0038921000086702406,31
0.5,109,110,general,0.0071254999784287065,31
0.5,110,111,recursive_no_basis,0.0041594000067561865,32
0.5,110,111,general,0.007080300012603402,32
0.5,110,111,recursive_basis,0.00719620002200827,32
0.5,111,112,general,0.00709100000676699,31
0.5,111,112,recursive_basis,0.00808080000570044,31
0.5,111,112,recursive_no_basis,0.004077899997355416,31
0.5,112,113,recursive_basis,0.007477100007236004,31
0.5,112,113,recursive_no_basis,0.0038915000041015446,31
0.5,112,113,general,0.007033700007013977,31
0.5,113,114,recursive_no_basis,0.0039858000236563385,31
0.5,113,114,general,0.007127300021238625,31
0.5,113,114,recursive_basis,0.008545699995011091,31
0.5,114,115,general,0.006999199977144599,31
0.5,114,115,recursive_basis,0.007240799983264878,31
0.5,114,115,recursive_no_basis,0.003906099998857826,31
0.5,115,116,recursive_basis,0.0074031999974977225,31
0.5,115,116,recursive_no_basis,0.003921399998944253,31
0.5,115,116,general,0.007008499989751726,31
0.5,116,117,recursive_no_basis,0.004345000023022294,31
0.5,116,117,general,0.006935100012924522,31
0.5,116,117,recursive_basis,0.008068399998592213,31
0.5,117,118,general,0.007370499981334433,31
0.5,117,118,recursive_basis,0.007988099998328835,31
0.5,117,118,recursive_no_basis,0.0041560000099707395,31
0.5,118,119,recursive_basis,0.007063600001856685,31
0.5,118,119,recursive_no_basis,0.003854900016449392,31
0.5,118,119,general,0.007050799991702661,31
0.5,119,120,recursive_no_basis,0.0040105000080075115,31
0.5,119,120,general,0.006985099986195564,31
0.5,119,120,recursive_basis,0.00774579998687841,31
0.5,120,121,general,0.007026800012681633,31
0.5,120,121,recursive_basis,0.007485400012228638,31
0.5,120,121,recursive_no_basis,0.003892800014000386,31
0.5,121,122,recursive_basis,0.006725699990056455,31
0.5,121,122,recursive_no_basis,0.003966499993111938,31
0.5,121,122,general,0.007596500014187768,31
0.5,122,123,recursive_no_basis,0.003891900007147342,31
0.5,122,123,general,0.006894799997098744,31
0.5,122,123,recursive_basis,0.007785499998135492,31
0.5,123,124,general,0.006947000016225502,31
0.5,123,124,recursive_basis,0.007720199995674193,31
0.5,123,124,recursive_no_basis,0.004081699997186661,31
0.5,124,125,recursive_basis,0.006996300013270229,31
0.5,124,125,recursive_no_basis,0.003969599987613037,31
0.5,124,125,general,0.007093799998983741,31
0.5,125,126,recursive_no_basis,0.0039021999982651323,31
0.5,125,126,general,0.007042300014290959,31
0.5,125,126,recursive_basis,0.0076370000024326146,31
0.5,126,127,general,0.007444100017892197,31
0.5,126,127,recursive_basis,0.007542499981354922,31
0.5,126,127,recursive_no_basis,0.003871900000376627,31
0.5,127,128,recursive_basis,0.008006799995200709,31
0.5,127,128,recursive_no_basis,0.003912499989382923,31
0.5,127,128,general,0.007128900004317984,31
0.5,128,129,recursive_no_basis,0.0038456999754998833,31
0.5,128,129,general,0.0069998000108171254,31
0.5,128,129,recursive_basis,0.0074007000075653195,31
0.5,129,130,general,0.00695459998678416,31
0.5,129,130,recursive_basis,0.007470600015949458,31
0.5,129,130,recursive_no_basis,0.003983300004620105,31
0.5,130,131,recursive_basis,0.007256399985635653,31
0.5,130,131,recursive_no_basis,0.004048299975693226,31
0.5,130,131,general,0.00701529998332262,31
0.5,131,132,recursive_no_basis,0.0036204000061843544,31
0.5,131,132,general,0.007164099981309846,31
0.5,131,132,recursive_basis,0.007702199975028634,31
0.5,132,133,general,0.007312499976251274,31
0.5,132,133,recursive_basis,0.008675299992319196,31
0.5,132,133,recursive_no_basis,0.00420190001023002,31
0.5,133,134,recursive_basis,0.00803019999875687,31
0.5,133,134,recursive_no_basis,0.003643600008217618,31
0.5,133,134,general,0.007328500010771677,31
0.5,134,135,recursive_no_basis,0.0037580999778583646,31
0.5,134,135,general,0.007300699973711744,31
0.5,134,135,recursive_basis,0.006835299980593845,31
0.5,135,136,general,0.0075237000128254294,31
0.5,135,136,recursive_basis,0.008201099990401417,31
0.5,135,136,recursive_no_basis,0.004227900004480034,31
0.5,136,137,recursive_basis,0.007762199995340779,32
0.5,136,137,recursive_no_basis,0.0040336999809369445,32
0.5,136,137,general,0.0071807999920565635,32
0.5,137,138,recursive_no_basis,0.004151800007093698,31
0.5,137,138,general,0.00730569998268038,31
0.5,137,138,recursive_basis,0.008425399981206283,31
0.5,138,139,general,0.007802300009643659,31
0.5,138,139,recursive_basis,0.00895769998896867,31
0.5,138,139,recursive_no_basis,0.004976500000339001,31
0.5,139,140,recursive_basis,0.008592600002884865,31
0.5,139,140,recursive_no_basis,0.004688499990152195,31
0.5,139,140,general,0.007655900000827387,31
0.5,140,141,recursive_no_basis,0.004175900015980005,31
0.5,140,141,general,0.007401600014418364,31
0.5,140,141,recursive_basis,0.008909800002584234,31
0.5,141,142,general,0.007343800010858104,31
0.5,141,142,recursive_basis,0.008050800010096282,31
0.5,141,142,recursive_no_basis,0.00395450001815334,31
0.5,142,143,recursive_basis,0.008705199987161905,31
0.5,142,143,recursive_no_basis,0.004151300003286451,31
0.5,142,143,general,0.007677899993723258,31
0.5,143,144,recursive_no_basis,0.004044100001920015,31
0.5,143,144,general,0.007352399989031255,31
0.5,143,144,recursive_basis,0.007665700017241761,31
0.5,144,145,general,0.007529800001066178,31
0.5,144,145,recursive_basis,0.008575400017434731,31
0.5,144,145,recursive_no_basis,0.004405500018037856,31
0.5,145,146,recursive_basis,0.008121999999275431,31
0.5,145,146,recursive_no_basis,0.004197799979010597,31
0.5,145,146,general,0.007393899984890595,31
0.5,146,147,recursive_no_basis,0.0041612000204622746,31
0.5,146,147,general,0.00728650001110509,31
0.5,146,147,recursive_basis,0.008398100006161258,31
0.5,147,148,general,0.007547399989562109,31
0.5,147,148,recursive_basis,0.007933599990792572,31
0.5,147,148,recursive_no_basis,0.0038306999776978046,31
0.5,148,149,recursive_basis,0.00791470002150163,31
0.5,148,149,recursive_no_basis,0.0046421999868471175,31
0.5,148,149,general,0.007488700008252636,31
0.5,149,150,recursive_no_basis,0.004210600018268451,31
0.5,149,150,general,0.008406200009630993,31
0.5,149,150,recursive_basis,0.010419199999887496,31
0.5,150,151,general,0.0073349000012967736,31
0.5,150,151,recursive_basis,0.0077222999825607985,31
0.5,150,151,recursive_no_basis,0.003861700010020286,31
0.5,151,152,recursive_basis,0.008110099995974451,31
0.5,151,152,recursive_no_basis,0.0044723000028170645,31
0.5,151,152,general,0.007703900017077103,31
0.5,152,153,recursive_no_basis,0.004284399998141453,31
0.5,152,153,general,0.007507700007408857,31
0.5,152,153,recursive_basis,0.007734999991953373,31
0.5,153,154,general,0.007427200005622581,31
0.5,153,154,recursive_basis,0.007733400008874014,31
0.5,153,154,recursive_no_basis,0.004040900006657466,31
0.5,154,155,recursive_basis,0.007040900003630668,31
0.5,154,155,recursive_no_basis,0.003955599997425452,31
0.5,154,155,general,0.007441399997333065,31
0.5,155,156,recursive_no_basis,0.004193600005237386,31
0.5,155,156,general,0.007273099996382371,31
0.5,155,156,recursive_basis,0.008932800003094599,31
0.5,156,157,general,0.007209300005342811,31
0.5,156,157,recursive_basis,0.00851909999619238,31
0.5,156,157,recursive_no_basis,0.00394989998312667,31
0.5,157,158,recursive_basis,0.008431599999312311,31
0.5,157,158,recursive_no_basis,0.004112299997359514,31
0.5,157,158,general,0.0077769999916199595,31
0.5,158,159,recursive_no_basis,0.004260799993062392,31
0.5,158,159,general,0.007738899992546067,31
0.5,158,159,recursive_basis,0.00914599999669008,31
0.5,159,160,general,0.007418799999868497,31
0.5,159,160,recursive_basis,0.008168500004103407,31
0.5,159,160,recursive_no_basis,0.004153399990173057,31
0.5,160,161,recursive_basis,0.007466499984730035,31
0.5,160,161,recursive_no_basis,0.003973199985921383,31
0.5,160,161,general,0.007194800011347979,31
0.5,161,162,recursive_no_basis,0.004116900003282353,31
0.5,161,162,general,0.007274500007042661,31
0.5,161,162,recursive_basis,0.0081101999967359,31
0.5,162,163,general,0.0076852000202052295,31
0.5,162,163,recursive_basis,0.00926299998536706,31
0.5,162,163,recursive_no_basis,0.004130200017243624,31
0.5,163,164,recursive_basis,0.008995499985758215,31
0.5,163,164,recursive_no_basis,0.004157600022153929,31
0.5,163,164,general,0.007386099983705208,31
0.5,164,165,recursive_no_basis,0.004235199972754344,31
0.5,164,165,general,0.007384099997580051,31
0.5,164,165,recursive_basis,0.00834450000547804,31
0.5,165,166,general,0.007532999996328726,31
0.5,165,166,recursive_basis,0.008105400018393993,31
0.5,165,166,recursive_no_basis,0.00389370002085343,31
0.5,166,167,recursive_basis,0.008208499988541007,31
0.5,166,167,recursive_no_basis,0.004335900011938065,31
0.5,166,167,general,0.007269199995789677,31
0.5,167,168,recursive_no_basis,0.005386100005125627,31
0.5,167,168,general,0.007304200000362471,31
0.5,167,168,recursive_basis,0.008663600019644946,31
0.5,168,169,general,0.007077099988237023,32
0.5,168,169,recursive_basis,0.008033899997826666,32
0.5,168,169,recursive_no_basis,0.0040173000015784055,32
0.5,169,170,recursive_basis,0.008530399994924664,31
0.5,169,170,recursive_no_basis,0.004089499998372048,31
0.5,169,170,general,0.007302999991225079,31
0.5,170,171,recursive_no_basis,0.004358800011686981,31
0.5,170,171,general,0.0073302999953739345,31
0.5,170,171,recursive_basis,0.009413599997060373,31
0.5,171,172,general,0.007392200001049787,31
0.5,171,172,recursive_basis,0.007833799987565726,31
0.5,171,172,recursive_no_basis,0.0040055999998003244,31
0.5,172,173,recursive_basis,0.008491199987474829,31
0.5,172,173,recursive_no_basis,0.004730499989818782,31
0.5,172,173,general,0.00732649999554269,31
0.5,173,174,recursive_no_basis,0.004500800016103312,31
0.5,173,174,general,0.007585500017739832,31
0.5,173,174,recursive_basis,0.008888299984391779,31
0.5,174,175,general,0.007419399975333363,31
0.5,174,175,recursive_basis,0.007299999997485429,31
0.5,174,175,recursive_no_basis,0.004420800018124282,31
0.5,175,176,recursive_basis,0.00908220000565052,31
0.5,175,176,recursive_no_basis,0.0042566999909467995,31
0.5,175,176,general,0.0072478000074625015,31
0.5,176,177,recursive_no_basis,0.0043071000254713,31
0.5,176,177,general,0.007232399977510795,31
0.5,176,177,recursive_basis,0.007968399993842468,31
0.5,177,178,general,0.007616200018674135,31
0.5,177,178,recursive_basis,0.008296599989989772,31
0.5,177,178,recursive_no_basis,0.0040120000194292516,31
0.5,178,179,recursive_basis,0.007113600004231557,31
0.5,178,179,recursive_no_basis,0.004540100024314597,31
0.5,178,179,general,0.007192699995357543,31
0.5,179,180,recursive_no_basis,0.0036920999991707504,31
0.5,179,180,general,0.007400500006042421,31
0.5,179,180,recursive_basis,0.006634899997152388,31
0.5,180,181,general,0.007204599998658523,31
0.5,180,181,recursive_basis,0.007440299988957122,31
0.5,180,181,recursive_no_basis,0.004189799976302311,31
0.5,181,182,recursive_basis,0.008531799976481125,31
0.5,181,182,recursive_no_basis,0.004098400007933378,31
0.5,181,182,general,0.007612899993546307,31
0.5,182,183,recursive_no_basis,0.004189300001598895,31
0.5,182,183,general,0.007522600004449487,31
0.5,182,183,recursive_basis,0.008906999981263652,31
0.5,183,184,general,0.007946300000185147,31
0.5,183,184,recursive_basis,0.009028300002682954,31
0.5,183,184,recursive_no_basis,0.00449079999816604,31
0.5,184,185,recursive_basis,0.007903999998234212,31
0.5,184,185,recursive_no_basis,0.0043759000254794955,31
0.5,184,185,general,0.009857800003373995,31
0.5,185,186,recursive_no_basis,0.00733979998040013,31
0.5,185,186,general,0.008291699981782585,31
0.5,185,186,recursive_basis,0.010042600013548508,31
0.5,186,187,general,0.008062700013397262,31
0.5,186,187,recursive_basis,0.0080702000122983,31
0.5,186,187,recursive_no_basis,0.004461900010937825,31
0.5,187,188,recursive_basis,0.00857689999975264,31
0.5,187,188,recursive_no_basis,0.004614699981175363,31
0.5,187,188,general,0.007852000009734184,31
0.5,188,189,recursive_no_basis,0.004193200002191588,31
0.5,188,189,general,0.007272500020917505,31
0.5,188,189,recursive_basis,0.007658599992282689,31
0.5,189,190,general,0.007472500001313165,31
0.5,189,190,recursive_basis,0.022385899996152148,31
0.5,189,190,recursive_no_basis,0.008811999985482544,31
0.5,190,191,recursive_basis,0.016923800023505464,31
0.5,190,191,recursive_no_basis,0.005342299991752952,31
0.5,190,191,general,0.007944999990286306,31
0.5,191,192,recursive_no_basis,0.004313599987654015,31
0.5,191,192,general,0.00857999999425374,31
0.5,191,192,recursive_basis,0.009986699995351955,31
0.5,192,193,general,0.00753100001020357,31
0.5,192,193,recursive_basis,0.007994999992661178,31
0.5,192,193,recursive_no_basis,0.004037800012156367,31
0.5,193,194,recursive_basis,0.0076871000055689365,31
0.5,193,194,recursive_no_basis,0.004205899982480332,31
0.5,193,194,general,0.007307599997147918,31
0.5,194,195,recursive_no_basis,0.004032800003187731,31
0.5,194,195,general,0.007609399995999411,31
0.5,194,195,recursive_basis,0.008024599985219538,31
0.5,195,196,general,0.007579699973575771,31
0.5,195,196,recursive_basis,0.008302100002765656,31
0.5,195,196,recursive_no_basis,0.0047556000063195825,31
0.5,196,197,recursive_basis,0.007930199994007125,31
0.5,196,197,recursive_no_basis,0.004174600006081164,31
0.5,196,197,general,0.007811899995431304,31
0.5,197,198,recursive_no_basis,0.004369500005850568,31
0.5,197,198,general,0.00811319999047555,31
0.5,197,198,recursive_basis,0.008909799973480403,31
0.5,198,199,general,0.007558900018921122,31
0.5,198,199,recursive_basis,0.010097499995026737,31
0.5,198,199,recursive_no_basis,0.004796699999133125,31
0.5,199,200,recursive_basis,0.00799329997971654,31
0.5,199,200,recursive_no_basis,0.0044521999952849,31
0.5,199,200,general,0.007753599988063797,31
0.6,0,1,general,0.010039799992227927,41
0.6,0,1,recursive_basis,0.008368400012841448,41
0.6,0,1,recursive_no_basis,0.005062399985035881,41
0.6,1,2,recursive_basis,0.008811300009256229,41
0.6,1,2,recursive_no_basis,0.005592899979092181,41
0.6,1,2,general,0.03453740000259131,41
0.6,2,3,recursive_no_basis,0.007683200004976243,41
0.6,2,3,general,0.018525399995269254,41
0.6,2,3,recursive_basis,0.011684099998092279,41
0.6,3,4,general,0.009521700005279854,41
0.6,3,4,recursive_basis,0.008117099991068244,41
0.6,3,4,recursive_no_basis,0.004167199978837743,41
0.6,4,5,recursive_basis,0.008452300011413172,41
0.6,4,5,recursive_no_basis,0.004170100000919774,41
0.6,4,5,general,0.010253100015688688,41
0.6,5,6,recursive_no_basis,0.004257799999322742,41
0.6,5,6,general,0.009615999995730817,41
0.6,5,6,recursive_basis,0.007907599996542558,41
0.6,6,7,general,0.009102500014705583,41
0.6,6,7,recursive_basis,0.009104199998546392,41
0.6,6,7,recursive_no_basis,0.004922199994325638,41
0.6,7,8,recursive_basis,0.008103700005449355,41
0.6,7,8,recursive_no_basis,0.004057599988300353,41
0.6,7,8,general,0.009579400008078665,41
0.6,8,9,recursive_no_basis,0.00435890001244843,41
0.6,8,9,general,0.009822000021813437,41
0.6,8,9,recursive_basis,0.008571199985453859,41
0.6,9,10,general,0.009664000011980534,41
0.6,9,10,recursive_basis,0.010493700014194474,41
0.6,9,10,recursive_no_basis,0.00472329999320209,41
0.6,10,11,recursive_basis,0.008566800010157749,41
0.6,10,11,recursive_no_basis,0.004781700001331046,41
0.6,10,11,general,0.009712700004456565,41
0.6,11,12,recursive_no_basis,0.0043335999944247305,41
0.6,11,12,general,0.009227800008375198,41
0.6,11,12,recursive_basis,0.009089500003028661,41
0.6,12,13,general,0.009395400003995746,41
0.6,12,13,recursive_basis,0.008213199995225295,41
0.6,12,13,recursive_no_basis,0.004151900007855147,41
0.6,13,14,recursive_basis,0.007955499982926995,41
0.6,13,14,recursive_no_basis,0.0041634000081103295,41
0.6,13,14,general,0.009485399990808219,41
0.6,14,15,recursive_no_basis,0.004156700015300885,41
0.6,14,15,general,0.009302199992816895,41
0.6,14,15,recursive_basis,0.007729700009804219,41
0.6,15,16,general,0.009354700014228001,41
0.6,15,16,recursive_basis,0.00865260002319701,41
0.6,15,16,recursive_no_basis,0.00435740000102669,41
0.6,16,17,recursive_basis,0.008046300004934892,41
0.6,16,17,recursive_no_basis,0.0040490999817848206,41
0.6,16,17,general,0.009099299990339205,41
0.6,17,18,recursive_no_basis,0.004557800013571978,41
0.6,17,18,general,0.009135400003287941,41
0.6,17,18,recursive_basis,0.008617899991804734,41
0.6,18,19,general,0.009237499994924292,41
0.6,18,19,recursive_basis,0.00783770001726225,41
0.6,18,19,recursive_no_basis,0.004553600010694936,41
0.6,19,20,recursive_basis,0.008751500019570813,41
0.6,19,20,recursive_no_basis,0.004322699998738244,41
0.6,19,20,general,0.008997299999464303,41
0.6,20,21,recursive_no_basis,0.004234200023347512,41
0.6,20,21,general,0.009136100008618087,41
0.6,20,21,recursive_basis,0.007981000002473593,41
0.6,21,22,general,0.009361000003991649,41
0.6,21,22,recursive_basis,0.009044700011145324,41
0.6,21,22,recursive_no_basis,0.004392700007883832,41
0.6,22,23,recursive_basis,0.008587200019974262,41
0.6,22,23,recursive_no_basis,0.004359899990959093,41
0.6,22,23,general,0.010219000017968938,41
0.6,23,24,recursive_no_basis,0.0042906999879051,41
0.6,23,24,general,0.009921299992129207,41
0.6,23,24,recursive_basis,0.00871190000907518,41
0.6,24,25,general,0.009463099995628,41
0.6,24,25,recursive_basis,0.007965800003148615,41
0.6,24,25,recursive_no_basis,0.004109300003619865,41
0.6,25,26,recursive_basis,0.008097999991150573,41
0.6,25,26,recursive_no_basis,0.004096400021808222,41
0.6,25,26,general,0.009257900004740804,41
0.6,26,27,recursive_no_basis,0.004075600008945912,41
0.6,26,27,general,0.00928369999746792,41
0.6,26,27,recursive_basis,0.008302500005811453,41
0.6,27,28,general,0.009604899998521432,41
0.6,27,28,recursive_basis,0.00804370001424104,41
0.6,27,28,recursive_no_basis,0.004411599977174774,41
0.6,28,29,recursive_basis,0.00790880000567995,41
0.6,28,29,recursive_no_basis,0.004062699998030439,41
0.6,28,29,general,0.00929409998934716,41
0.6,29,30,recursive_no_basis,0.004065299988724291,41
0.6,29,30,general,0.009419099980732426,41
0.6,29,30,recursive_basis,0.007621500000823289,41
0.6,30,31,general,0.009240199986379594,41
0.6,30,31,recursive_basis,0.007161099987570196,41
0.6,30,31,recursive_no_basis,0.0037133000150788575,41
0.6,31,32,recursive_basis,0.007994000014150515,41
0.6,31,32,recursive_no_basis,0.004117900010896847,41
0.6,31,32,general,0.00910600001225248,41
0.6,32,33,recursive_no_basis,0.004073300020536408,41
0.6,32,33,general,0.00973720001638867,41
0.6,32,33,recursive_basis,0.00798870000289753,41
0.6,33,34,general,0.00934439999400638,41
0.6,33,34,recursive_basis,0.008269099984318018,41
0.6,33,34,recursive_no_basis,0.004566899995552376,41
0.6,34,35,recursive_basis,0.007777499995427206,41
0.6,34,35,recursive_no_basis,0.0039394999912474304,41
0.6,34,35,general,0.00958450001780875,41
0.6,35,36,recursive_no_basis,0.00489670000388287,41
0.6,35,36,general,0.009968500002287328,41
0.6,35,36,recursive_basis,0.009084799996344373,41
0.6,36,37,general,0.009734699997352436,41
0.6,36,37,recursive_basis,0.008230799983721226,41
0.6,36,37,recursive_no_basis,0.004568400006974116,41
0.6,37,38,recursive_basis,0.009247700014384463,41
0.6,37,38,recursive_no_basis,0.00523300000349991,41
0.6,37,38,general,0.009702700015623122,41
0.6,38,39,recursive_no_basis,0.004510900005698204,41
0.6,38,39,general,0.009819900005823001,41
0.6,38,39,recursive_basis,0.00994009998976253,41
0.6,39,40,general,0.00960520000080578,41
0.6,39,40,recursive_basis,0.00797259999671951,41
0.6,39,40,recursive_no_basis,0.004596300015691668,41
0.6,40,41,recursive_basis,0.008521200012182817,41
0.6,40,41,recursive_no_basis,0.004661600018152967,41
0.6,40,41,general,0.009636499977204949,41
0.6,41,42,recursive_no_basis,0.004271899990271777,41
0.6,41,42,general,0.009528700000373647,41
0.6,41,42,recursive_basis,0.007412400009343401,41
0.6,42,43,general,0.009563400002662092,41
0.6,42,43,recursive_basis,0.007695600012084469,41
0.6,42,43,recursive_no_basis,0.00477080000564456,41
0.6,43,44,recursive_basis,0.008803899982012808,41
0.6,43,44,recursive_no_basis,0.004376400000182912,41
0.6,43,44,general,0.009753199992701411,41
0.6,44,45,recursive_no_basis,0.004511200007982552,41
0.6,44,45,general,0.009544300002744421,41
0.6,44,45,recursive_basis,0.010032899997895584,41
0.6,45,46,general,0.009811900003114715,41
0.6,45,46,recursive_basis,0.010330399993108585,41
0.6,45,46,recursive_no_basis,0.004310500022256747,41
0.6,46,47,recursive_basis,0.008079899998847395,41
0.6,46,47,recursive_no_basis,0.004368000023532659,41
0.6,46,47,general,0.009526000008918345,41
0.6,47,48,recursive_no_basis,0.004203799995593727,41
0.6,47,48,general,0.00959190001594834,41
0.6,47,48,recursive_basis,0.008045800001127645,41
0.6,48,49,general,0.009521600004518405,41
0.6,48,49,recursive_basis,0.05088569998042658,41
0.6,48,49,recursive_no_basis,0.004713799979072064,41
0.6,49,50,recursive_basis,0.008936500002164394,41
0.6,49,50,recursive_no_basis,0.004131099994992837,41
0.6,49,50,general,0.00935350000509061,41
0.6,50,51,recursive_no_basis,0.004109100002096966,41
0.6,50,51,general,0.009366200014483184,41
0.6,50,51,recursive_basis,0.008067099988693371,41
0.6,51,52,general,0.009007000015117228,41
0.6,51,52,recursive_basis,0.00793260001228191,41
0.6,51,52,recursive_no_basis,0.004163200006587431,41
0.6,52,53,recursive_basis,0.007777799997711554,41
0.6,52,53,recursive_no_basis,0.004217399982735515,41
0.6,52,53,general,0.009009800007333979,41
0.6,53,54,recursive_no_basis,0.0040102000057231635,41
0.6,53,54,general,0.009028700005728751,41
0.6,53,54,recursive_basis,0.007880999997723848,41
0.6,54,55,general,0.008936700003687292,41
0.6,54,55,recursive_basis,0.008020400011446327,41
0.6,54,55,recursive_no_basis,0.00403740000911057,41
0.6,55,56,recursive_basis,0.007498000020859763,41
0.6,55,56,recursive_no_basis,0.0038736999849788845,41
0.6,55,56,general,0.00914900001953356,41
0.6,56,57,recursive_no_basis,0.004082400002516806,41
0.6,56,57,general,0.009091300016734749,41
0.6,56,57,recursive_basis,0.008272000006400049,41
0.6,57,58,general,0.00910150000709109,41
0.6,57,58,recursive_basis,0.0075600999989546835,41
0.6,57,58,recursive_no_basis,0.0039514999953098595,41
0.6,58,59,recursive_basis,0.007533299998613074,41
0.6,58,59,recursive_no_basis,0.0040246999997179955,41
0.6,58,59,general,0.008995000011054799,41
0.6,59,60,recursive_no_basis,0.004064499982632697,41
0.6,59,60,general,0.008669800008647144,41
0.6,59,60,recursive_basis,0.007272799994098023,41
0.6,60,61,general,0.008660099992994219,41
0.6,60,61,recursive_basis,0.00822569997399114,41
0.6,60,61,recursive_no_basis,0.003963700000895187,41
0.6,61,62,recursive_basis,0.007350100000621751,41
0.6,61,62,recursive_no_basis,0.003999500011559576,41
0.6,61,62,general,0.009208400006173179,41
0.6,62,63,recursive_no_basis,0.004960999998729676,41
0.6,62,63,general,0.015382599987788126,41
0.6,62,63,recursive_basis,0.011137699999380857,41
0.6,63,64,general,0.010896000021602958,41
0.6,63,64,recursive_basis,0.00870740000391379,41
0.6,63,64,recursive_no_basis,0.004342800006270409,41
0.6,64,65,recursive_basis,0.008297099993797019,41
0.6,64,65,recursive_no_basis,0.006937699974514544,41
0.6,64,65,general,0.010393799981102347,41
0.6,65,66,recursive_no_basis,0.004838799999561161,41
0.6,65,66,general,0.009554600022966042,41
0.6,65,66,recursive_basis,0.008352600008947775,41
0.6,66,67,general,0.009106399986194447,41
0.6,66,67,recursive_basis,0.007599400007165968,41
0.6,66,67,recursive_no_basis,0.004091800015885383,41
0.6,67,68,recursive_basis,0.00855630001751706,41
0.6,67,68,recursive_no_basis,0.004460700001800433,41
0.6,67,68,general,0.008992400020360947,41
0.6,68,69,recursive_no_basis,0.004822499991860241,41
0.6,68,69,general,0.00929859999450855,41
0.6,68,69,recursive_basis,0.008362900000065565,41
0.6,69,70,general,0.009688399994047359,41
0.6,69,70,recursive_basis,0.009937599999830127,41
0.6,69,70,recursive_no_basis,0.004501399991568178,41
0.6,70,71,recursive_basis,0.0096244000014849,41
0.6,70,71,recursive_no_basis,0.005442699999548495,41
0.6,70,71,general,0.009924699988914654,41
0.6,71,72,recursive_no_basis,0.00463150002178736,41
0.6,71,72,general,0.014181499980622903,41
0.6,71,72,recursive_basis,0.022255999996559694,41
0.6,72,73,general,0.013420000002952293,41
0.6,72,73,recursive_basis,0.010073599987663329,41
0.6,72,73,recursive_no_basis,0.00576050000381656,41
0.6,73,74,recursive_basis,0.012095499987481162,41
0.6,73,74,recursive_no_basis,0.0052355999941937625,41
0.6,73,74,general,0.011175099993124604,41
0.6,74,75,recursive_no_basis,0.02883349999319762,41
0.6,74,75,general,0.012001299997791648,41
0.6,74,75,recursive_basis,0.010458300006575882,41
0.6,75,76,general,0.009313000016845763,41
0.6,75,76,recursive_basis,0.008274399995571002,41
0.6,75,76,recursive_no_basis,0.004240199981722981,41
0.6,76,77,recursive_basis,0.009635299997171387,41
0.6,76,77,recursive_no_basis,0.004604299989296123,41
0.6,76,77,general,0.009279899997636676,41
0.6,77,78,recursive_no_basis,0.004231800005072728,41
0.6,77,78,general,0.009595999988960102,41
0.6,77,78,recursive_basis,0.008831199986161664,41
0.6,78,79,general,0.011986999976215884,41
0.6,78,79,recursive_basis,0.009954999986803159,41
0.6,78,79,recursive_no_basis,0.005196799989789724,41
0.6,79,80,recursive_basis,0.014904199982993305,41
0.6,79,80,recursive_no_basis,0.004888399998890236,41
0.6,79,80,general,0.010034200007794425,41
0.6,80,81,recursive_no_basis,0.00513369997497648,41
0.6,80,81,general,0.011060699995141476,41
0.6,80,81,recursive_basis,0.01136990002123639,41
0.6,81,82,general,0.011878200020873919,41
0.6,81,82,recursive_basis,0.011364300007699057,41
0.6,81,82,recursive_no_basis,0.004704199993284419,41
0.6,82,83,recursive_basis,0.008378099999390543,41
0.6,82,83,recursive_no_basis,0.004306699993321672,41
0.6,82,83,general,0.00919490001979284,41
0.6,83,84,recursive_no_basis,0.004520099988440052,41
0.6,83,84,general,0.008981199993286282,41
0.6,83,84,recursive_basis,0.007841799990274012,41
0.6,84,85,general,0.009138099994743243,41
0.6,84,85,recursive_basis,0.00797100001364015,41
0.6,84,85,recursive_no_basis,0.0043636000191327184,41
0.6,85,86,recursive_basis,0.00796509999781847,41
0.6,85,86,recursive_no_basis,0.004035599995404482,41
0.6,85,86,general,0.009127500001341105,41
0.6,86,87,recursive_no_basis,0.004119099990930408,41
0.6,86,87,general,0.00905709998914972,41
0.6,86,87,recursive_basis,0.009317099989857525,41
0.6,87,88,general,0.009284400002798066,41
0.6,87,88,recursive_basis,0.007976599998073652,41
0.6,87,88,recursive_no_basis,0.003973400016548112,41
0.6,88,89,recursive_basis,0.008923299988964573,41
0.6,88,89,recursive_no_basis,0.005373500025598332,41
0.6,88,89,general,0.00938139998470433,41
0.6,89,90,recursive_no_basis,0.004083899984834716,41
0.6,89,90,general,0.009127099998295307,41
0.6,89,90,recursive_basis,0.008861099981004372,41
0.6,90,91,general,0.010158899996895343,41
0.6,90,91,recursive_basis,0.008816200017463416,41
0.6,90,91,recursive_no_basis,0.004634299984900281,41
0.6,91,92,recursive_basis,0.007514500000979751,41
0.6,91,92,recursive_no_basis,0.004005399998277426,41
0.6,91,92,general,0.009407900011865422,41
0.6,92,93,recursive_no_basis,0.004170300002442673,41
0.6,92,93,general,0.009361899981740862,41
0.6,92,93,recursive_basis,0.007924000005004928,41
0.6,93,94,general,0.009744999988470227,41
0.6,93,94,recursive_basis,0.008574900013627484,41
0.6,93,94,recursive_no_basis,0.004276699997717515,41
0.6,94,95,recursive_basis,0.007974799984367564,41
0.6,94,95,recursive_no_basis,0.00434850002056919,41
0.6,94,95,general,0.009351499989861622,41
0.6,95,96,recursive_no_basis,0.004575700004352257,41
0.6,95,96,general,0.009589799999957904,41
0.6,95,96,recursive_basis,0.010176199983106926,41
0.6,96,97,general,0.010284499992849305,41
0.6,96,97,recursive_basis,0.008537799993064255,41
0.6,96,97,recursive_no_basis,0.0048399000079371035,41
0.6,97,98,recursive_basis,0.0085696000023745,41
0.6,97,98,recursive_no_basis,0.004696400021202862,41
0.6,97,98,general,0.009068599989404902,41
0.6,98,99,recursive_no_basis,0.004343900014646351,41
0.6,98,99,general,0.00952520000282675,41
0.6,98,99,recursive_basis,0.008501900010742247,41
0.6,99,100,general,0.009231300005922094,41
0.6,99,100,recursive_basis,0.008485400001518428,41
0.6,99,100,recursive_no_basis,0.004101700003957376,41
0.6,100,101,recursive_basis,0.008850499987602234,41
0.6,100,101,recursive_no_basis,0.004155600006924942,41
0.6,100,101,general,0.00902150000911206,41
0.6,101,102,recursive_no_basis,0.004109500005142763,41
0.6,101,102,general,0.009265400003641844,41
0.6,101,102,recursive_basis,0.00825110002188012,41
0.6,102,103,general,0.009151300007943064,41
0.6,102,103,recursive_basis,0.008730000001378357,41
0.6,102,103,recursive_no_basis,0.004431300010764971,41
0.6,103,104,recursive_basis,0.008001399983186275,41
0.6,103,104,recursive_no_basis,0.004469300009077415,41
0.6,103,104,general,0.009497799997916445,41
0.6,104,105,recursive_no_basis,0.003991300007328391,41
0.6,104,105,general,0.009406500001205131,41
0.6,104,105,recursive_basis,0.00916970000253059,41
0.6,105,106,general,0.009186800016323105,41
0.6,105,106,recursive_basis,0.008633099991129711,41
0.6,105,106,recursive_no_basis,0.004097700002603233,41
0.6,106,107,recursive_basis,0.0069269000086933374,41
0.6,106,107,recursive_no_basis,0.004199899995001033,41
0.6,106,107,general,0.009002900013001636,41
0.6,107,108,recursive_no_basis,0.0041514000040479004,41
0.6,107,108,general,0.009159500012174249,41
0.6,107,108,recursive_basis,0.00914879998890683,41
0.6,108,109,general,0.009182700014207512,41
0.6,108,109,recursive_basis,0.008004400006029755,41
0.6,108,109,recursive_no_basis,0.004835100000491366,41
0.6,109,110,recursive_basis,0.007733400008874014,41
0.6,109,110,recursive_no_basis,0.004145100014284253,41
0.6,109,110,general,0.009518400009255856,41
0.6,110,111,recursive_no_basis,0.004128100001253188,41
0.6,110,111,general,0.009343799989437684,41
0.6,110,111,recursive_basis,0.008028299984289333,41
0.6,111,112,general,0.009357500006444752,41
0.6,111,112,recursive_basis,0.0089608000125736,41
0.6,111,112,recursive_no_basis,0.004255700012436137,41
0.6,112,113,recursive_basis,0.008538099995348603,41
0.6,112,113,recursive_no_basis,0.004192399996099994,41
0.6,112,113,general,0.009165900002699345,41
0.6,113,114,recursive_no_basis,0.004252499988069758,41
0.6,113,114,general,0.009279999998398125,41
0.6,113,114,recursive_basis,0.008735200011869892,41
0.6,114,115,general,0.00930900001549162,41
0.6,114,115,recursive_basis,0.007791299984091893,41
0.6,114,115,recursive_no_basis,0.004354100005002692,41
0.6,115,116,recursive_basis,0.008985599997686222,41
0.6,115,116,recursive_no_basis,0.004399900004500523,41
0.6,115,116,general,0.009471100027440116,41
0.6,116,117,recursive_no_basis,0.004175600013695657,41
0.6,116,117,general,0.009385300014400855,41
0.6,116,117,recursive_basis,0.008479599986458197,41
0.6,117,118,general,0.008931899996241555,41
0.6,117,118,recursive_basis,0.007941199990455061,41
0.6,117,118,recursive_no_basis,0.00403290000394918,41
0.6,118,119,recursive_basis,0.006830700003774837,41
0.6,118,119,recursive_no_basis,0.004146499995840713,41
0.6,118,119,general,0.008999600016977638,41
0.6,119,120,recursive_no_basis,0.004600099986419082,41
0.6,119,120,general,0.009234199998900294,41
0.6,119,120,recursive_basis,0.008574600011343136,41
0.6,120,121,general,0.008991000009700656,41
0.6,120,121,recursive_basis,0.008463800011668354,41
0.6,120,121,recursive_no_basis,0.004139700002269819,41
0.6,121,122,recursive_basis,0.009374000015668571,41
0.6,121,122,recursive_no_basis,0.00390999999945052,41
0.6,121,122,general,0.009202399989590049,41
0.6,122,123,recursive_no_basis,0.004062799998791888,41
0.6,122,123,general,0.009110900020459667,41
0.6,122,123,recursive_basis,0.007643299992196262,41
0.6,123,124,general,0.008935199992265552,41
0.6,123,124,recursive_basis,0.007662599993636832,41
0.6,123,124,recursive_no_basis,0.004014300007838756,41
0.6,124,125,recursive_basis,0.007462599984137341,41
0.6,124,125,recursive_no_basis,0.004116500000236556,41
0.6,124,125,general,0.00905839999904856,41
0.6,125,126,recursive_no_basis,0.003962900023907423,41
0.6,125,126,general,0.008906699978979304,41
0.6,125,126,recursive_basis,0.007418199995299801,41
0.6,126,127,general,0.008939799998188391,41
0.6,126,127,recursive_basis,0.0073345999990124255,41
0.6,126,127,recursive_no_basis,0.004012400022475049,41
0.6,127,128,recursive_basis,0.008871300000464544,41
0.6,127,128,recursive_no_basis,0.004153100016992539,41
0.6,127,128,general,0.009118000016314909,41
0.6,128,129,recursive_no_basis,0.004028199997264892,41
0.6,128,129,general,0.009165499999653548,41
0.6,128,129,recursive_basis,0.007827699999324977,41
0.6,129,130,general,0.009629999985918403,41
0.6,129,130,recursive_basis,0.007911199994850904,41
0.6,129,130,recursive_no_basis,0.004141799989156425,41
0.6,130,131,recursive_basis,0.007882400008384138,41
0.6,130,131,recursive_no_basis,0.003999500011559576,41
0.6,130,131,general,0.009228000009898096,41
0.6,131,132,recursive_no_basis,0.004084499989403412,41
0.6,131,132,general,0.008949900016887113,41
0.6,131,132,recursive_basis,0.00868810000247322,41
0.6,132,133,general,0.00900809999438934,41
0.6,132,133,recursive_basis,0.009056599985342473,41
0.6,132,133,recursive_no_basis,0.004125199979171157,41
0.6,133,134,recursive_basis,0.00803779999841936,41
0.6,133,134,recursive_no_basis,0.003969500015955418,41
0.6,133,134,general,0.0096246000030078,41
0.6,134,135,recursive_no_basis,0.004159900010563433,41
0.6,134,135,general,0.009513799974229187,41
0.6,134,135,recursive_basis,0.007786800008034334,41
0.6,135,136,general,0.008971600007498637,41
0.6,135,136,recursive_basis,0.00773400001344271,41
0.6,135,136,recursive_no_basis,0.004042400018079206,41
0.6,136,137,recursive_basis,0.008947800000896677,41
0.6,136,137,recursive_no_basis,0.003970300022047013,41
0.6,136,137,general,0.00893999999971129,41
0.6,137,138,recursive_no_basis,0.003997899999376386,41
0.6,137,138,general,0.008923300018068403,41
0.6,137,138,recursive_basis,0.008106900000711903,41
0.6,138,139,general,0.009463700000196695,41
0.6,138,139,recursive_basis,0.007419400004437193,41
0.6,138,139,recursive_no_basis,0.003994099999545142,41
0.6,139,140,recursive_basis,0.007528399990405887,41
0.6,139,140,recursive_no_basis,0.004562100017210469,41
0.6,139,140,general,0.009057399991434067,41
0.6,140,141,recursive_no_basis,0.003954200015868992,41
0.6,140,141,general,0.009118300018599257,41
0.6,140,141,recursive_basis,0.007185199996456504,41
0.6,141,142,general,0.008854999992763624,41
0.6,141,142,recursive_basis,0.008001200010767207,41
0.6,141,142,recursive_no_basis,0.0037280000105965883,41
0.6,142,143,recursive_basis,0.008107900008326396,41
0.6,142,143,recursive_no_basis,0.003967399999964982,41
0.6,142,143,general,0.009233200020389631,41
0.6,143,144,recursive_no_basis,0.004030100011732429,41
0.6,143,144,general,0.008964699984062463,41
0.6,143,144,recursive_basis,0.007014400005573407,41
0.6,144,145,general,0.00887769999098964,41
0.6,144,145,recursive_basis,0.007892800000263378,41
0.6,144,145,recursive_no_basis,0.0044058999919798225,41
0.6,145,146,recursive_basis,0.007460900000296533,41
0.6,145,146,recursive_no_basis,0.0038691999798174948,41
0.6,145,146,general,0.008921500004362315,41
0.6,146,147,recursive_no_basis,0.003931799990823492,41
0.6,146,147,general,0.00882000001729466,41
0.6,146,147,recursive_basis,0.006872700003441423,41
0.6,147,148,general,0.008929400006309152,41
0.6,147,148,recursive_basis,0.0071943999791983515,41
0.6,147,148,recursive_no_basis,0.0036155999987386167,41
0.6,148,149,recursive_basis,0.008035800012294203,41
0.6,148,149,recursive_no_basis,0.004092800023499876,41
0.6,148,149,general,0.008970700000645593,41
0.6,149,150,recursive_no_basis,0.004076199984410778,41
0.6,149,150,general,0.008919799991417676,41
0.6,149,150,recursive_basis,0.009080000018002465,41
0.6,150,151,general,0.009013900009449571,41
0.6,150,151,recursive_basis,0.007737100007943809,41
0.6,150,151,recursive_no_basis,0.004050299990922213,41
0.6,151,152,recursive_basis,0.007907100021839142,41
0.6,151,152,recursive_no_basis,0.0040308999887201935,41
0.6,151,152,general,0.008977999998023733,41
0.6,152,153,recursive_no_basis,0.003957199980504811,41
0.6,152,153,general,0.008974700001999736,41
0.6,152,153,recursive_basis,0.007354900008067489,41
0.6,153,154,general,0.009266799985198304,41
0.6,153,154,recursive_basis,0.007921000011265278,41
0.6,153,154,recursive_no_basis,0.004014300007838756,41
0.6,154,155,recursive_basis,0.006867499992949888,41
0.6,154,155,recursive_no_basis,0.004009099997347221,41
0.6,154,155,general,0.008886299998266622,41
0.6,155,156,recursive_no_basis,0.0044086999841965735,41
0.6,155,156,general,0.009311500005424023,41
0.6,155,156,recursive_basis,0.009051900007762015,41
0.6,156,157,general,0.009131400001933798,41
0.6,156,157,recursive_basis,0.00928820000262931,41
0.6,156,157,recursive_no_basis,0.00425960001302883,41
0.6,157,158,recursive_basis,0.007441399997333065,41
0.6,157,158,recursive_no_basis,0.004255600011674687,41
0.6,157,158,general,0.009055999980773777,41
0.6,158,159,recursive_no_basis,0.004477700014831498,41
0.6,158,159,general,0.009038600022904575,41
0.6,158,159,recursive_basis,0.008742600010009483,41
0.6,159,160,general,0.008858800021698698,41
0.6,159,160,recursive_basis,0.007961700001033023,41
0.6,159,160,recursive_no_basis,0.003977199987275526,41
0.6,160,161,recursive_basis,0.007374899985734373,41
0.6,160,161,recursive_no_basis,0.003924299991922453,41
0.6,160,161,general,0.00885250000283122,41
0.6,161,162,recursive_no_basis,0.0038650000060442835,41
0.6,161,162,general,0.008931599993957207,41
0.6,161,162,recursive_basis,0.006563200004165992,41
0.6,162,163,general,0.008922500011976808,41
0.6,162,163,recursive_basis,0.008120999991660938,41
0.6,162,163,recursive_no_basis,0.004062699998030439,41
0.6,163,164,recursive_basis,0.006820600014179945,41
0.6,163,164,recursive_no_basis,0.003808699984801933,41
0.6,163,164,general,0.008873200014932081,41
0.6,164,165,recursive_no_basis,0.003933800006052479,41
0.6,164,165,general,0.008964100008597597,41
0.6,164,165,recursive_basis,0.00715910000144504,41
0.6,165,166,general,0.008941900014178827,41
0.6,165,166,recursive_basis,0.007440699992002919,41
0.6,165,166,recursive_no_basis,0.003940900001907721,41
0.6,166,167,recursive_basis,0.007952999992994592,41
0.6,166,167,recursive_no_basis,0.0039718999760225415,41
0.6,166,167,general,0.009298000019043684,41
0.6,167,168,recursive_no_basis,0.004170300002442673,41
0.6,167,168,general,0.011708300007740036,41
0.6,167,168,recursive_basis,0.009772500023245811,41
0.6,168,169,general,0.009302799997385591,41
0.6,168,169,recursive_basis,0.00873250002041459,41
0.6,168,169,recursive_no_basis,0.004344499990111217,41
0.6,169,170,recursive_basis,0.008865399984642863,41
0.6,169,170,recursive_no_basis,0.0044473000161815435,41
0.6,169,170,general,0.009923599980538711,41
0.6,170,171,recursive_no_basis,0.00473960000090301,41
0.6,170,171,general,0.010922799992840737,41
0.6,170,171,recursive_basis,0.011340700002619997,41
0.6,171,172,general,0.010002499999245629,41
0.6,171,172,recursive_basis,0.009758000000147149,41
0.6,171,172,recursive_no_basis,0.004524599993601441,41
0.6,172,173,recursive_basis,0.009048700012499467,41
0.6,172,173,recursive_no_basis,0.004460700001800433,41
0.6,172,173,general,0.010369399999035522,41
0.6,173,174,recursive_no_basis,0.00484040001174435,41
0.6,173,174,general,0.011558400001376867,41
0.6,173,174,recursive_basis,0.00966740000876598,41
0.6,174,175,general,0.009535399993183091,41
0.6,174,175,recursive_basis,0.007158899999922141,41
0.6,174,175,recursive_no_basis,0.004371799994260073,41
0.6,175,176,recursive_basis,0.009567700006300583,41
0.6,175,176,recursive_no_basis,0.004749599989736453,41
0.6,175,176,general,0.009296300006099045,41
0.6,176,177,recursive_no_basis,0.00403300000471063,41
0.6,176,177,general,0.00916369998594746,41
0.6,176,177,recursive_basis,0.007521999999880791,41
0.6,177,178,general,0.008924800000386313,41
0.6,177,178,recursive_basis,0.00796499999705702,41
0.6,177,178,recursive_no_basis,0.003991700010374188,41
0.6,178,179,recursive_basis,0.007224999979371205,41
0.6,178,179,recursive_no_basis,0.004031999997096136,41
0.6,178,179,general,0.008985499996924773,41
0.6,179,180,recursive_no_basis,0.0041313000256195664,41
0.6,179,180,general,0.00927780001075007,41
0.6,179,180,recursive_basis,0.0074001000029966235,41
0.6,180,181,general,0.008986899978481233,41
0.6,180,181,recursive_basis,0.007610300002852455,41
0.6,180,181,recursive_no_basis,0.004367599991383031,41
0.6,181,182,recursive_basis,0.007825300010154024,41
0.6,181,182,recursive_no_basis,0.004075800010468811,41
0.6,181,182,general,0.00893700000597164,41
0.6,182,183,recursive_no_basis,0.004246700002113357,41
0.6,182,183,general,0.008955800003604963,41
0.6,182,183,recursive_basis,0.008729000022867694,41
0.6,183,184,general,0.009002400009194389,41
0.6,183,184,recursive_basis,0.009159500012174249,41
0.6,183,184,recursive_no_basis,0.004282500012777746,41
0.6,184,185,recursive_basis,0.008480299991788343,41
0.6,184,185,recursive_no_basis,0.00416630000108853,41
0.6,184,185,general,0.00899780000327155,41
0.6,185,186,recursive_no_basis,0.004089399997610599,41
0.6,185,186,general,0.009013000002596527,41
0.6,185,186,recursive_basis,0.007815200020559132,41
0.6,186,187,general,0.008976900018751621,41
0.6,186,187,recursive_basis,0.007888300024205819,41
0.6,186,187,recursive_no_basis,0.004057299986016005,41
0.6,187,188,recursive_basis,0.007576599979074672,41
0.6,187,188,recursive_no_basis,0.003997899999376386,41
0.6,187,188,general,0.00909559999126941,41
0.6,188,189,recursive_no_basis,0.003991299978224561,41
0.6,188,189,general,0.009099000017158687,41
0.6,188,189,recursive_basis,0.007385400007478893,41
0.6,189,190,general,0.009333800000604242,41
0.6,189,190,recursive_basis,0.008494900015648454,41
0.6,189,190,recursive_no_basis,0.004189600003883243,41
0.6,190,191,recursive_basis,0.006897100014612079,41
0.6,190,191,recursive_no_basis,0.0037246000138111413,41
0.6,190,191,general,0.009049799991771579,41
0.6,191,192,recursive_no_basis,0.004491400002734736,41
0.6,191,192,general,0.009051500004716218,41
0.6,191,192,recursive_basis,0.007648700004210696,41
0.6,192,193,general,0.009045700018759817,41
0.6,192,193,recursive_basis,0.008539000002201647,41
0.6,192,193,recursive_no_basis,0.004147900006501004,41
0.6,193,194,recursive_basis,0.007315599999856204,41
0.6,193,194,recursive_no_basis,0.0038305000052787364,41
0.6,193,194,general,0.00928219998604618,41
0.6,194,195,recursive_no_basis,0.0037696000072173774,41
0.6,194,195,general,0.009273900010157377,41
0.6,194,195,recursive_basis,0.008269199985079467,41
0.6,195,196,general,0.008862099988618866,41
0.6,195,196,recursive_basis,0.00882729998556897,41
0.6,195,196,recursive_no_basis,0.004190700012259185,41
0.6,196,197,recursive_basis,0.008733499998925254,41
0.6,196,197,recursive_no_basis,0.0037383000017143786,41
0.6,196,197,general,0.008955799974501133,41
0.6,197,198,recursive_no_basis,0.004464800003916025,41
0.6,197,198,general,0.008993900002678856,41
0.6,197,198,recursive_basis,0.008856400003423914,41
0.6,198,199,general,0.009195899998303503,41
0.6,198,199,recursive_basis,0.007939700008137152,41
0.6,198,199,recursive_no_basis,0.0041291999805253,41
0.6,199,200,recursive_basis,0.007399399997666478,41
0.6,199,200,recursive_no_basis,0.00392469999496825,41
0.6,199,200,general,0.009124600008362904,41
0.7,0,1,general,0.011157500004628673,51
0.7,0,1,recursive_basis,0.008587999996962026,51
0.7,0,1,recursive_no_basis,0.00412330002291128,51
0.7,1,2,recursive_basis,0.009288500004913658,51
0.7,1,2,recursive_no_basis,0.004404600011184812,51
0.7,1,2,general,0.011726700002327561,51
0.7,2,3,recursive_no_basis,0.004192699998384342,51
0.7,2,3,general,0.011956799979088828,51
0.7,2,3,recursive_basis,0.007722000009380281,51
0.7,3,4,general,0.011419300019042566,51
0.7,3,4,recursive_basis,0.010194100002991036,51
0.7,3,4,recursive_no_basis,0.004264600021997467,51
0.7,4,5,recursive_basis,0.008719500008737668,51
0.7,4,5,recursive_no_basis,0.004290500015486032,51
0.7,4,5,general,0.011428500001784414,51
0.7,5,6,recursive_no_basis,0.004451200016774237,51
0.7,5,6,general,0.011363500001607463,51
0.7,5,6,recursive_basis,0.008421999984420836,51
0.7,6,7,general,0.012434899981599301,51
0.7,6,7,recursive_basis,0.008949900016887113,51
0.7,6,7,recursive_no_basis,0.004557300009764731,51
0.7,7,8,recursive_basis,0.008043399982852861,51
0.7,7,8,recursive_no_basis,0.004359999991720542,51
0.7,7,8,general,0.01125129999127239,51
0.7,8,9,recursive_no_basis,0.0044093000178691,51
0.7,8,9,general,0.01139639999018982,51
0.7,8,9,recursive_basis,0.008726500003831461,51
0.7,9,10,general,0.010983599990140647,51
0.7,9,10,recursive_basis,0.009262700012186542,51
0.7,9,10,recursive_no_basis,0.0041591000044718385,51
0.7,10,11,recursive_basis,0.006798899994464591,51
0.7,10,11,recursive_no_basis,0.004397000011522323,51
0.7,10,11,general,0.011871499998960644,51
0.7,11,12,recursive_no_basis,0.004070299997692928,51
0.7,11,12,general,0.011201899993466213,51
0.7,11,12,recursive_basis,0.00853260001167655,51
0.7,12,13,general,0.011151399987284094,51
0.7,12,13,recursive_basis,0.008366199996089563,51
0.7,12,13,recursive_no_basis,0.0038695000112056732,51
0.7,13,14,recursive_basis,0.007301700010430068,51
0.7,13,14,recursive_no_basis,0.003968100005295128,51
0.7,13,14,general,0.011605999985476956,51
0.7,14,15,recursive_no_basis,0.004139700002269819,51
0.7,14,15,general,0.011473199992906302,51
0.7,14,15,recursive_basis,0.007772599987220019,51
0.7,15,16,general,0.011079799995059147,51
0.7,15,16,recursive_basis,0.00903620000462979,51
0.7,15,16,recursive_no_basis,0.004310899996198714,51
0.7,16,17,recursive_basis,0.008901299996068701,51
0.7,16,17,recursive_no_basis,0.004159200005233288,51
0.7,16,17,general,0.011145700002089143,51
0.7,17,18,recursive_no_basis,0.004299199994420633,51
0.7,17,18,general,0.011077500006649643,51
0.7,17,18,recursive_basis,0.008552899991627783,51
0.7,18,19,general,0.011816799989901483,51
0.7,18,19,recursive_basis,0.008343499997863546,51
0.7,18,19,recursive_no_basis,0.004126400017412379,51
0.7,19,20,recursive_basis,0.0087028999987524,51
0.7,19,20,recursive_no_basis,0.00436190000618808,51
0.7,19,20,general,0.011058000003686175,51
0.7,20,21,recursive_no_basis,0.004208400001516566,51
0.7,20,21,general,0.011439199995948002,51
0.7,20,21,recursive_basis,0.008200499985832721,51
0.7,21,22,general,0.01112099998863414,51
0.7,21,22,recursive_basis,0.0072385999956168234,51
0.7,21,22,recursive_no_basis,0.003960700007155538,51
0.7,22,23,recursive_basis,0.007609299995237961,51
0.7,22,23,recursive_no_basis,0.004007600015029311,51
0.7,22,23,general,0.011754000006476417,51
0.7,23,24,recursive_no_basis,0.0041253999806940556,51
0.7,23,24,general,0.01118010000209324,51
0.7,23,24,recursive_basis,0.008257900015451014,51
0.7,24,25,general,0.011247999995248392,51
0.7,24,25,recursive_basis,0.007432799990056083,51
0.7,24,25,recursive_no_basis,0.004181399999652058,51
0.7,25,26,recursive_basis,0.008403099986026064,51
0.7,25,26,recursive_no_basis,0.004023299989057705,51
0.7,25,26,general,0.011298900004476309,51
0.7,26,27,recursive_no_basis,0.00411589999566786,51
0.7,26,27,general,0.01125270000193268,51
0.7,26,27,recursive_basis,0.00905560000683181,51
0.7,27,28,general,0.011070000007748604,51
0.7,27,28,recursive_basis,0.00725100000272505,51
0.7,27,28,recursive_no_basis,0.003977699991082773,51
0.7,28,29,recursive_basis,0.007546899985754862,51
0.7,28,29,recursive_no_basis,0.004039699997520074,51
0.7,28,29,general,0.01141269999789074,51
0.7,29,30,recursive_no_basis,0.0038481999945361167,51
0.7,29,30,general,0.011312699993140996,51
0.7,29,30,recursive_basis,0.008099300001049414,51
0.7,30,31,general,0.01166610000655055,51
0.7,30,31,recursive_basis,0.007595000002766028,51
0.7,30,31,recursive_no_basis,0.003998500003945082,51
0.7,31,32,recursive_basis,0.007952400017529726,51
0.7,31,32,recursive_no_basis,0.004330399999162182,51
0.7,31,32,general,0.011033899994799867,51
0.7,32,33,recursive_no_basis,0.004066499997861683,51
0.7,32,33,general,0.011194599996088073,51
0.7,32,33,recursive_basis,0.007875599985709414,51
0.7,33,34,general,0.010937499988358468,51
0.7,33,34,recursive_basis,0.00757400001748465,51
0.7,33,34,recursive_no_basis,0.004088199988473207,51
0.7,34,35,recursive_basis,0.007880200020736083,51
0.7,34,35,recursive_no_basis,0.0037564999947790056,51
0.7,34,35,general,0.011558999976841733,51
0.7,35,36,recursive_no_basis,0.0037367999902926385,51
0.7,35,36,general,0.011748099990654737,51
0.7,35,36,recursive_basis,0.007743599999230355,51
0.7,36,37,general,0.01103650001459755,51
0.7,36,37,recursive_basis,0.007450600009178743,51
0.7,36,37,recursive_no_basis,0.004023800021968782,51
0.7,37,38,recursive_basis,0.008284400013508275,51
0.7,37,38,recursive_no_basis,0.004112800001166761,51
0.7,37,38,general,0.011371100001269951,51
0.7,38,39,recursive_no_basis,0.0040071000112220645,51
0.7,38,39,general,0.011166500014951453,51
0.7,38,39,recursive_basis,0.007335699978284538,51
0.7,39,40,general,0.010923000023467466,51
0.7,39,40,recursive_basis,0.008599699998740107,51
0.7,39,40,recursive_no_basis,0.004761200019856915,51
0.7,40,41,recursive_basis,0.007478799991076812,51
0.7,40,41,recursive_no_basis,0.004103200015379116,51
0.7,40,41,general,0.011102799995569512,51
0.7,41,42,recursive_no_basis,0.0037039000017102808,51
0.7,41,42,general,0.010936600010609254,51
0.7,41,42,recursive_basis,0.006832499988377094,51
0.7,42,43,general,0.01086760000907816,51
0.7,42,43,recursive_basis,0.007068999984767288,51
0.7,42,43,recursive_no_basis,0.003950699989218265,51
0.7,43,44,recursive_basis,0.008244499971624464,51
0.7,43,44,recursive_no_basis,0.004108599998289719,51
0.7,43,44,general,0.011223900015465915,51
0.7,44,45,recursive_no_basis,0.003989400021964684,51
0.7,44,45,general,0.011851199989905581,51
0.7,44,45,recursive_basis,0.007570600020699203,51
0.7,45,46,general,0.010984199994709343,51
0.7,45,46,recursive_basis,0.008430599991697818,51
0.7,45,46,recursive_no_basis,0.004006700008176267,51
0.7,46,47,recursive_basis,0.009035499999299645,51
0.7,46,47,recursive_no_basis,0.003786100016441196,51
0.7,46,47,general,0.011056499992264435,51
0.7,47,48,recursive_no_basis,0.003912500018486753,51
0.7,47,48,general,0.010900399996899068,51
0.7,47,48,recursive_basis,0.00711320000118576,51
0.7,48,49,general,0.011137800000142306,51
0.7,48,49,recursive_basis,0.00857120001455769,51
0.7,48,49,recursive_no_basis,0.004066199995577335,51
0.7,49,50,recursive_basis,0.008121399994706735,51
0.7,49,50,recursive_no_basis,0.003877499984810129,51
0.7,49,50,general,0.01086770000983961,51
0.7,50,51,recursive_no_basis,0.0038864999951329082,51
0.7,50,51,general,0.010943499975837767,51
0.7,50,51,recursive_basis,0.008016000007046387,51
0.7,51,52,general,0.010850699996808544,51
0.7,51,52,recursive_basis,0.007309800013899803,51
0.7,51,52,recursive_no_basis,0.0042280000052414834,51
0.7,52,53,recursive_basis,0.007256500015500933,51
0.7,52,53,recursive_no_basis,0.003665800002636388,51
0.7,52,53,general,0.011180900008184835,51
0.7,53,54,recursive_no_basis,0.004146099992794916,51
0.7,53,54,general,0.010949899995466694,51
0.7,53,54,recursive_basis,0.007875399984186515,51
0.7,54,55,general,0.011591600021347404,51
0.7,54,55,recursive_basis,0.007655299996258691,51
0.7,54,55,recursive_no_basis,0.0037910000246483833,51
0.7,55,56,recursive_basis,0.008888400014257059,51
0.7,55,56,recursive_no_basis,0.003907100006472319,51
0.7,55,56,general,0.011005799984559417,51
0.7,56,57,recursive_no_basis,0.004292500001611188,51
0.7,56,57,general,0.010996199998771772,51
0.7,56,57,recursive_basis,0.00868680002167821,51
0.7,57,58,general,0.010985499975504354,51
0.7,57,58,recursive_basis,0.0076197000162210315,51
0.7,57,58,recursive_no_basis,0.004063200001837686,51
0.7,58,59,recursive_basis,0.009120200003962964,51
0.7,58,59,recursive_no_basis,0.003911000007065013,51
0.7,58,59,general,0.011246099980780855,51
0.7,59,60,recursive_no_basis,0.0033641000045463443,51
0.7,59,60,general,0.010835299995960668,51
0.7,59,60,recursive_basis,0.008416800003033131,51
0.7,60,61,general,0.010770900000352412,51
0.7,60,61,recursive_basis,0.008775700000114739,51
0.7,60,61,recursive_no_basis,0.00419300000066869,51
0.7,61,62,recursive_basis,0.00782730002538301,51
0.7,61,62,recursive_no_basis,0.0036934999807272106,51
0.7,61,62,general,0.010822100011864677,51
0.7,62,63,recursive_no_basis,0.003976999985752627,51
0.7,62,63,general,0.010751099995104596,51
0.7,62,63,recursive_basis,0.008385199995245785,51
0.7,63,64,general,0.010848899983102456,51
0.7,63,64,recursive_basis,0.006683699990389869,51
0.7,63,64,recursive_no_basis,0.004164099984336644,51
0.7,64,65,recursive_basis,0.007186799979535863,51
0.7,64,65,recursive_no_basis,0.003813199989963323,51
0.7,64,65,general,0.011104500008514151,51
0.7,65,66,recursive_no_basis,0.0039296000031754375,51
0.7,65,66,general,0.011104400007752702,51
0.7,65,66,recursive_basis,0.009223600005498156,51
0.7,66,67,general,0.01112839998677373,51
0.7,66,67,recursive_basis,0.0074890999821946025,51
0.7,66,67,recursive_no_basis,0.0037148999981582165,51
0.7,67,68,recursive_basis,0.008103799977106974,51
0.7,67,68,recursive_no_basis,0.003904299985151738,51
0.7,67,68,general,0.0110024000168778,51
0.7,68,69,recursive_no_basis,0.004050299990922213,51
0.7,68,69,general,0.011228199990000576,51
0.7,68,69,recursive_basis,0.007777499995427206,51
0.7,69,70,general,0.010875899984966964,51
0.7,69,70,recursive_basis,0.009278399986214936,51
0.7,69,70,recursive_no_basis,0.004106799984583631,51
0.7,70,71,recursive_basis,0.007362900010775775,51
0.7,70,71,recursive_no_basis,0.0037274000060278922,51
0.7,70,71,general,0.011035699979402125,51
0.7,71,72,recursive_no_basis,0.0037907000223640352,51
0.7,71,72,general,0.01108990001375787,51
0.7,71,72,recursive_basis,0.009618399984901771,51
0.7,72,73,general,0.011277599987806752,51
0.7,72,73,recursive_basis,0.006919700012076646,51
0.7,72,73,recursive_no_basis,0.003946300013922155,51
0.7,73,74,recursive_basis,0.007600999990245327,51
0.7,73,74,recursive_no_basis,0.003688999975565821,51
0.7,73,74,general,0.01125280000269413,51
0.7,74,75,recursive_no_basis,0.0038306000060401857,51
0.7,74,75,general,0.010914199985563755,51
0.7,74,75,recursive_basis,0.0071263999852817506,51
0.7,75,76,general,0.01073420001193881,51
0.7,75,76,recursive_basis,0.007254399999510497,51
0.7,75,76,recursive_no_basis,0.0036031999916303903,51
0.7,76,77,recursive_basis,0.008403999992879108,51
0.7,76,77,recursive_no_basis,0.004086099972482771,51
0.7,76,77,general,0.011131000006571412,51
0.7,77,78,recursive_no_basis,0.003795299999183044,51
0.7,77,78,general,0.010790200001792982,51
0.7,77,78,recursive_basis,0.008945100009441376,51
0.7,78,79,general,0.011467999982414767,51
0.7,78,79,recursive_basis,0.008763899997575209,51
0.7,78,79,recursive_no_basis,0.004090199974598363,51
0.7,79,80,recursive_basis,0.008178200019756332,51
0.7,79,80,recursive_no_basis,0.0043024000187870115,51
0.7,79,80,general,0.011384100012946874,51
0.7,80,81,recursive_no_basis,0.004485499986913055,51
0.7,80,81,general,0.01140400001895614,51
0.7,80,81,recursive_basis,0.009185400005662814,51
0.7,81,82,general,0.01128089998383075,51
0.7,81,82,recursive_basis,0.009136600012425333,51
0.7,81,82,recursive_no_basis,0.004426600004080683,51
0.7,82,83,recursive_basis,0.01088990000425838,51
0.7,82,83,recursive_no_basis,0.004467500024475157,51
0.7,82,83,general,0.012995400000363588,51
0.7,83,84,recursive_no_basis,0.00481969999964349,51
0.7,83,84,general,0.011907399981282651,51
0.7,83,84,recursive_basis,0.009009200002765283,51
0.7,84,85,general,0.01293729999451898,51
0.7,84,85,recursive_basis,0.009110799990594387,51
0.7,84,85,recursive_no_basis,0.004363699990790337,51
0.7,85,86,recursive_basis,0.007854299998143688,51
0.7,85,86,recursive_no_basis,0.004205900011584163,51
0.7,85,86,general,0.011444200004916638,51
0.7,86,87,recursive_no_basis,0.003915699984645471,51
0.7,86,87,general,0.011347999999998137,51
0.7,86,87,recursive_basis,0.008216099988203496,51
0.7,87,88,general,0.011201500019524246,51
0.7,87,88,recursive_basis,0.008735800016438589,51
0.7,87,88,recursive_no_basis,0.004533000028459355,51
0.7,88,89,recursive_basis,0.00842590001411736,51
0.7,88,89,recursive_no_basis,0.004283099988242611,51
0.7,88,89,general,0.01110030000563711,51
0.7,89,90,recursive_no_basis,0.003976800013333559,51
0.7,89,90,general,0.011082899989560246,51
0.7,89,90,recursive_basis,0.009935999987646937,51
0.7,90,91,general,0.011293899995507672,51
0.7,90,91,recursive_basis,0.009259400016162544,51
0.7,90,91,recursive_no_basis,0.0038862999936100096,51
0.7,91,92,recursive_basis,0.007087599980877712,51
0.7,91,92,recursive_no_basis,0.0040046000212896615,51
0.7,91,92,general,0.011054000002332032,51
0.7,92,93,recursive_no_basis,0.004043699998874217,51
0.7,92,93,general,0.011690600018482655,51
0.7,92,93,recursive_basis,0.007994299987331033,51
0.7,93,94,general,0.011047000007238239,51
0.7,93,94,recursive_basis,0.008061100001214072,51
0.7,93,94,recursive_no_basis,0.004123699996853247,51
0.7,94,95,recursive_basis,0.007990499987499788,51
0.7,94,95,recursive_no_basis,0.004093999974429607,51
0.7,94,95,general,0.011355499998899177,51
0.7,95,96,recursive_no_basis,0.004054099990753457,51
0.7,95,96,general,0.011201599991181865,51
0.7,95,96,recursive_basis,0.008570800011511892,51
0.7,96,97,general,0.011297999997623265,51
0.7,96,97,recursive_basis,0.02418269999907352,51
0.7,96,97,recursive_no_basis,0.007002600003033876,51
0.7,97,98,recursive_basis,0.011592599999858066,51
0.7,97,98,recursive_no_basis,0.0050227999745402485,51
0.7,97,98,general,0.011823000008007511,51
0.7,98,99,recursive_no_basis,0.004474700021091849,51
0.7,98,99,general,0.012056300009135157,51
0.7,98,99,recursive_basis,0.010437699995236471,51
0.7,99,100,general,0.012174700008472428,51
0.7,99,100,recursive_basis,0.008213199995225295,51
0.7,99,100,recursive_no_basis,0.004249799996614456,51
0.7,100,101,recursive_basis,0.009820699982810766,51
0.7,100,101,recursive_no_basis,0.004285700008040294,51
0.7,100,101,general,0.011413800006266683,51
0.7,101,102,recursive_no_basis,0.004113600007258356,51
0.7,101,102,general,0.011155300016980618,51
0.7,101,102,recursive_basis,0.008210800006054342,51
0.7,102,103,general,0.011644099984550849,51
0.7,102,103,recursive_basis,0.007496100006392226,51
0.7,102,103,recursive_no_basis,0.004003000009106472,51
0.7,103,104,recursive_basis,0.008069800009252504,51
0.7,103,104,recursive_no_basis,0.004170000000158325,51
0.7,103,104,general,0.010811699990881607,51
0.7,104,105,recursive_no_basis,0.00378400000045076,51
0.7,104,105,general,0.011100899981101975,51
0.7,104,105,recursive_basis,0.009170800010906532,51
0.7,105,106,general,0.011219900014111772,51
0.7,105,106,recursive_basis,0.008451500005321577,51
0.7,105,106,recursive_no_basis,0.004151499975705519,51
0.7,106,107,recursive_basis,0.008174999995389953,51
0.7,106,107,recursive_no_basis,0.004203999997116625,51
0.7,106,107,general,0.011974599998211488,51
0.7,107,108,recursive_no_basis,0.004237000015564263,51
0.7,107,108,general,0.011472899990621954,51
0.7,107,108,recursive_basis,0.009504099987680092,51
0.7,108,109,general,0.011335299990605563,51
0.7,108,109,recursive_basis,0.007999100023880601,51
0.7,108,109,recursive_no_basis,0.0043043000041507185,51
0.7,109,110,recursive_basis,0.008335999998962507,51
0.7,109,110,recursive_no_basis,0.004264600021997467,51
0.7,109,110,general,0.011359900003299117,51
0.7,110,111,recursive_no_basis,0.004269400000339374,51
0.7,110,111,general,0.012088599993148819,51
0.7,110,111,recursive_basis,0.008434299990767613,51
0.7,111,112,general,0.011087799997767434,51
0.7,111,112,recursive_basis,0.007742199988570064,51
0.7,111,112,recursive_no_basis,0.00438410000060685,51
0.7,112,113,recursive_basis,0.007677899993723258,51
0.7,112,113,recursive_no_basis,0.00396920001367107,51
0.7,112,113,general,0.011072900000726804,51
0.7,113,114,recursive_no_basis,0.003909699997166172,51
0.7,113,114,general,0.01086320000467822,51
0.7,113,114,recursive_basis,0.007654200016986579,51
0.7,114,115,general,0.01100250001763925,51
0.7,114,115,recursive_basis,0.007258799974806607,51
0.7,114,115,recursive_no_basis,0.0038480999937746674,51
0.7,115,116,recursive_basis,0.00839930001529865,51
0.7,115,116,recursive_no_basis,0.003993999998783693,51
0.7,115,116,general,0.011162799986777827,51
0.7,116,117,recursive_no_basis,0.0041631000058259815,51
0.7,116,117,general,0.011392799991881475,51
0.7,116,117,recursive_basis,0.007838699995772913,51
0.7,117,118,general,0.011280299979262054,51
0.7,117,118,recursive_basis,0.007816400000592694,51
0.7,117,118,recursive_no_basis,0.004045599984237924,51
0.7,118,119,recursive_basis,0.007080399984261021,51
0.7,118,119,recursive_no_basis,0.003934499982278794,51
0.7,118,119,general,0.011089200008427724,51
0.7,119,120,recursive_no_basis,0.0040772000211291015,51
0.7,119,120,general,0.011460499983513728,51
0.7,119,120,recursive_basis,0.008350700023584068,51
0.7,120,121,general,0.011274799995590001,51
0.7,120,121,recursive_basis,0.007245700020575896,51
0.7,120,121,recursive_no_basis,0.004184299992630258,51
0.7,121,122,recursive_basis,0.009475800005020574,51
0.7,121,122,recursive_no_basis,0.0038890999858267605,51
0.7,121,122,general,0.010998299985658377,51
0.7,122,123,recursive_no_basis,0.003979200002504513,51
0.7,122,123,general,0.011081699980422854,51
0.7,122,123,recursive_basis,0.00797840001177974,51
0.7,123,124,general,0.010975199984386563,51
0.7,123,124,recursive_basis,0.007790999981807545,51
0.7,123,124,recursive_no_basis,0.003867699997499585,51
0.7,124,125,recursive_basis,0.0074130999855697155,51
0.7,124,125,recursive_no_basis,0.003921499999705702,51
0.7,124,125,general,0.010965599998598918,51
0.7,125,126,recursive_no_basis,0.0038744000194128603,51
0.7,125,126,general,0.01062889999593608,51
0.7,125,126,recursive_basis,0.007611500011989847,51
0.7,126,127,general,0.011732700018910691,51
0.7,126,127,recursive_basis,0.007650100014870986,51
0.7,126,127,recursive_no_basis,0.003982299997005612,51
0.7,127,128,recursive_basis,0.008656099991640076,51
0.7,127,128,recursive_no_basis,0.004112399998120964,51
0.7,127,128,general,0.011495499988086522,51
0.7,128,129,recursive_no_basis,0.0041800999897532165,51
0.7,128,129,general,0.011395200010156259,51
0.7,128,129,recursive_basis,0.007998599990969524,51
0.7,129,130,general,0.011023600003682077,51
0.7,129,130,recursive_basis,0.008523099997546524,51
0.7,129,130,recursive_no_basis,0.004062299994984642,51
0.7,130,131,recursive_basis,0.007831199996871874,51
0.7,130,131,recursive_no_basis,0.0041049999999813735,51
0.7,130,131,general,0.011545300018042326,51
0.7,131,132,recursive_no_basis,0.003969800018239766,51
0.7,131,132,general,0.010926499991910532,51
0.7,131,132,recursive_basis,0.008406900014961138,51
0.7,132,133,general,0.011051899986341596,51
0.7,132,133,recursive_basis,0.008685000007972121,51
0.7,132,133,recursive_no_basis,0.00423589997808449,51
0.7,133,134,recursive_basis,0.008220399991841987,51
0.7,133,134,recursive_no_basis,0.003443399997195229,51
0.7,133,134,general,0.010915599996224046,51
0.7,134,135,recursive_no_basis,0.003909299994120374,51
0.7,134,135,general,0.011125599994556978,51
0.7,134,135,recursive_basis,0.0075530000030994415,51
0.7,135,136,general,0.011052000016206875,51
0.7,135,136,recursive_basis,0.006917099992278963,51
0.7,135,136,recursive_no_basis,0.0043375999957788736,51
0.7,136,137,recursive_basis,0.008651999989524484,51
0.7,136,137,recursive_no_basis,0.003985299990745261,51
0.7,136,137,general,0.010967900016112253,51
0.7,137,138,recursive_no_basis,0.003774300013901666,51
0.7,137,138,general,0.010838699992746115,51
0.7,137,138,recursive_basis,0.009125800017500296,51
0.7,138,139,general,0.01113579998491332,51
0.7,138,139,recursive_basis,0.007429299992509186,51
0.7,138,139,recursive_no_basis,0.003932899999199435,51
0.7,139,140,recursive_basis,0.00760650000302121,51
0.7,139,140,recursive_no_basis,0.003977100015617907,51
0.7,139,140,general,0.010903899994445965,51
0.7,140,141,recursive_no_basis,0.0037044000055175275,51
0.7,140,141,general,0.011539300001459196,51
0.7,140,141,recursive_basis,0.00923350002267398,51
0.7,141,142,general,0.010763300000689924,51
0.7,141,142,recursive_basis,0.009263200015993789,51
0.7,141,142,recursive_no_basis,0.003824599989457056,51
0.7,142,143,recursive_basis,0.007430500001646578,51
0.7,142,143,recursive_no_basis,0.0038782999909017235,51
0.7,142,143,general,0.011247599992202595,51
0.7,143,144,recursive_no_basis,0.0039336000045295805,51
0.7,143,144,general,0.01109569999971427,51
0.7,143,144,recursive_basis,0.007579700002679601,51
0.7,144,145,general,0.010940600011963397,51
0.7,144,145,recursive_basis,0.007921099982922897,51
0.7,144,145,recursive_no_basis,0.003660500020487234,51
0.7,145,146,recursive_basis,0.00880959999631159,51
0.7,145,146,recursive_no_basis,0.04197359998943284,51
0.7,145,146,general,0.01324259999091737,51
0.7,146,147,recursive_no_basis,0.004220200004056096,51
0.7,146,147,general,0.0114365000044927,51
0.7,146,147,recursive_basis,0.007629100000485778,51
0.7,147,148,general,0.011059899989049882,51
0.7,147,148,recursive_basis,0.009253800002625212,51
0.7,147,148,recursive_no_basis,0.0035598000104073435,51
0.7,148,149,recursive_basis,0.007701099995756522,51
0.7,148,149,recursive_no_basis,0.004062399995746091,51
0.7,148,149,general,0.010947000002488494,51
0.7,149,150,recursive_no_basis,0.004202299984171987,51
0.7,149,150,general,0.010906399984378368,51
0.7,149,150,recursive_basis,0.009327900013886392,51
0.7,150,151,general,0.010997500008670613,51
0.7,150,151,recursive_basis,0.00771619999432005,51
0.7,150,151,recursive_no_basis,0.003847900021355599,51
0.7,151,152,recursive_basis,0.008493699977407232,51
0.7,151,152,recursive_no_basis,0.003946600016206503,51
0.7,151,152,general,0.010886700008995831,51
0.7,152,153,recursive_no_basis,0.0038457000046037138,51
0.7,152,153,general,0.010897699976339936,51
0.7,152,153,recursive_basis,0.007525499997427687,51
0.7,153,154,general,0.010726200009230524,51
0.7,153,154,recursive_basis,0.007855799980461597,51
0.7,153,154,recursive_no_basis,0.003872200002660975,51
0.7,154,155,recursive_basis,0.0069666999916080385,51
0.7,154,155,recursive_no_basis,0.003915100009180605,51
0.7,154,155,general,0.010956100013572723,51
0.7,155,156,recursive_no_basis,0.0040250000020023435,51
0.7,155,156,general,0.010832599975401536,51
0.7,155,156,recursive_basis,0.008376100013265386,51
0.7,156,157,general,0.010855100001208484,51
0.7,156,157,recursive_basis,0.009042599995154887,51
0.7,156,157,recursive_no_basis,0.0036572000244632363,51
0.7,157,158,recursive_basis,0.007315299997571856,51
0.7,157,158,recursive_no_basis,0.0038775000139139593,51
0.7,157,158,general,0.010882100003072992,51
0.7,158,159,recursive_no_basis,0.004042099986691028,51
0.7,158,159,general,0.010790100001031533,51
0.7,158,159,recursive_basis,0.009250000002793968,51
0.7,159,160,general,0.010942099994281307,51
0.7,159,160,recursive_basis,0.008835299988277256,51
0.7,159,160,recursive_no_basis,0.003976999985752627,51
0.7,160,161,recursive_basis,0.00682730000698939,51
0.7,160,161,recursive_no_basis,0.004389699985040352,51
0.7,160,161,general,0.0112438999931328,51
0.7,161,162,recursive_no_basis,0.00402110000140965,51
0.7,161,162,general,0.01103789999615401,51
0.7,161,162,recursive_basis,0.00727770000230521,51
0.7,162,163,general,0.010884899995289743,51
0.7,162,163,recursive_basis,0.007226100016850978,51
0.7,162,163,recursive_no_basis,0.003830799978459254,51
0.7,163,164,recursive_basis,0.007207499991636723,51
0.7,163,164,recursive_no_basis,0.004302899993490428,51
0.7,163,164,general,0.011107199999969453,51
0.7,164,165,recursive_no_basis,0.003991000005044043,51
0.7,164,165,general,0.011015099997166544,51
0.7,164,165,recursive_basis,0.007530000002589077,51
0.7,165,166,general,0.011036200012313202,51
0.7,165,166,recursive_basis,0.007387999998172745,51
0.7,165,166,recursive_no_basis,0.003739399980986491,51
0.7,166,167,recursive_basis,0.008405400003539398,51
0.7,166,167,recursive_no_basis,0.003980200010119006,51
0.7,166,167,general,0.010979500017128885,51
0.7,167,168,recursive_no_basis,0.004062699998030439,51
0.7,167,168,general,0.01118770000175573,51
0.7,167,168,recursive_basis,0.00854000000981614,51
0.7,168,169,general,0.011265900015132502,51
0.7,168,169,recursive_basis,0.009150600002612919,51
0.7,168,169,recursive_no_basis,0.0036127999774180353,51
0.7,169,170,recursive_basis,0.00859019998461008,51
0.7,169,170,recursive_no_basis,0.004348800022853538,51
0.7,169,170,general,0.011496399994939566,51
0.7,170,171,recursive_no_basis,0.004310599993914366,51
0.7,170,171,general,0.011186899995664135,51
0.7,170,171,recursive_basis,0.009022200014442205,51
0.7,171,172,general,0.011199000000488013,51
0.7,171,172,recursive_basis,0.007257499994011596,51
0.7,171,172,recursive_no_basis,0.0039499999838881195,51
0.7,172,173,recursive_basis,0.008038100000703707,51
0.7,172,173,recursive_no_basis,0.004036199999973178,51
0.7,172,173,general,0.01089420000789687,51
0.7,173,174,recursive_no_basis,0.0040052000258583575,51
0.7,173,174,general,0.01097140001365915,51
0.7,173,174,recursive_basis,0.008807400008663535,51
0.7,174,175,general,0.0110170999832917,51
0.7,174,175,recursive_basis,0.006692499999189749,51
0.7,174,175,recursive_no_basis,0.0040203999960795045,51
0.7,175,176,recursive_basis,0.008219500014092773,51
0.7,175,176,recursive_no_basis,0.004056500009028241,51
0.7,175,176,general,0.011241999978665262,51
0.7,176,177,recursive_no_basis,0.004056899982970208,51
0.7,176,177,general,0.010928699979558587,51
0.7,176,177,recursive_basis,0.0072253000107593834,51
0.7,177,178,general,0.01093409999157302,51
0.7,177,178,recursive_basis,0.00720799999544397,51
0.7,177,178,recursive_no_basis,0.004115599993383512,51
0.7,178,179,recursive_basis,0.007126299984520301,51
0.7,178,179,recursive_no_basis,0.0036013000062666833,51
0.7,178,179,general,0.010945599991828203,51
0.7,179,180,recursive_no_basis,0.0038320000167004764,51
0.7,179,180,general,0.01091200002701953,51
0.7,179,180,recursive_basis,0.007286900014150888,51
0.7,180,181,general,0.01090750002185814,51
0.7,180,181,recursive_basis,0.0075631999934557825,51
0.7,180,181,recursive_no_basis,0.004229799989843741,51
0.7,181,182,recursive_basis,0.007551299990154803,51
0.7,181,182,recursive_no_basis,0.004036800004541874,51
0.7,181,182,general,0.011036899988539517,51
0.7,182,183,recursive_no_basis,0.0038258999993558973,51
0.7,182,183,general,0.010672400007024407,51
0.7,182,183,recursive_basis,0.007493199984310195,51
0.7,183,184,general,0.011114200024167076,51
0.7,183,184,recursive_basis,0.008099700004095212,51
0.7,183,184,recursive_no_basis,0.003995600010966882,51
0.7,184,185,recursive_basis,0.007728700002189726,51
0.7,184,185,recursive_no_basis,0.0039938000263646245,51
0.7,184,185,general,0.010916800005361438,51
0.7,185,186,recursive_no_basis,0.0038822999922558665,51
0.7,185,186,general,0.011078599985921755,51
0.7,185,186,recursive_basis,0.007150799996452406,51
0.7,186,187,general,0.010682899999665096,51
0.7,186,187,recursive_basis,0.007657100009964779,51
0.7,186,187,recursive_no_basis,0.0039385000127367675,51
0.7,187,188,recursive_basis,0.006888200005050749,51
0.7,187,188,recursive_no_basis,0.0043107999954372644,51
0.7,187,188,general,0.010799700015923008,51
0.7,188,189,recursive_no_basis,0.0038745000201743096,51
0.7,188,189,general,0.010665300011169165,51
0.7,188,189,recursive_basis,0.007038900017505512,51
0.7,189,190,general,0.011031300004106015,51
0.7,189,190,recursive_basis,0.00832670001545921,51
0.7,189,190,recursive_no_basis,0.004110700014280155,51
0.7,190,191,recursive_basis,0.007303899998078123,51
0.7,190,191,recursive_no_basis,0.0036949999921489507,51
0.7,190,191,general,0.011235200014198199,51
0.7,191,192,recursive_no_basis,0.004052899981616065,51
0.7,191,192,general,0.011618999997153878,51
0.7,191,192,recursive_basis,0.007854700001189485,51
0.7,192,193,general,0.01106330001493916,51
0.7,192,193,recursive_basis,0.009865100000752136,51
0.7,192,193,recursive_no_basis,0.00390399998286739,51
0.7,193,194,recursive_basis,0.007768400013446808,51
0.7,193,194,recursive_no_basis,0.004097500001080334,51
0.7,193,194,general,0.01127489999635145,51
0.7,194,195,recursive_no_basis,0.003767900023376569,51
0.7,194,195,general,0.01098010002169758,51
0.7,194,195,recursive_basis,0.008966199995484203,51
0.7,195,196,general,0.011024199979146942,51
0.7,195,196,recursive_basis,0.007522599975345656,51
0.7,195,196,recursive_no_basis,0.004062199994223192,51
0.7,196,197,recursive_basis,0.008078599988948554,51
0.7,196,197,recursive_no_basis,0.0036037999961990863,51
0.7,196,197,general,0.011265499982982874,51
0.7,197,198,recursive_no_basis,0.004851800011238083,51
0.7,197,198,general,0.011142100003780797,51
0.7,197,198,recursive_basis,0.00872799998614937,51
0.7,198,199,general,0.010834699991391972,51
0.7,198,199,recursive_basis,0.007688399986363947,51
0.7,198,199,recursive_no_basis,0.003995000006398186,51
0.7,199,200,recursive_basis,0.007270600006449968,51
0.7,199,200,recursive_no_basis,0.003897199989296496,51
0.7,199,200,general,0.010929300013231114,51
0.8,0,1,general,0.013126700010616332,61
0.8,0,1,recursive_basis,0.00714430000516586,61
0.8,0,1,recursive_no_basis,0.004253999999491498,61
0.8,1,2,recursive_basis,0.00832210000953637,61
0.8,1,2,recursive_no_basis,0.004704799997853115,61
0.8,1,2,general,0.01344109998899512,61
0.8,2,3,recursive_no_basis,0.003972100006649271,61
0.8,2,3,general,0.013292500021634623,61
0.8,2,3,recursive_basis,0.008383500011404976,61
0.8,3,4,general,0.013647700019646436,61
0.8,3,4,recursive_basis,0.007921400014311075,61
0.8,3,4,recursive_no_basis,0.003797700017457828,61
0.8,4,5,recursive_basis,0.007814799988409504,61
0.8,4,5,recursive_no_basis,0.0040463000186719,61
0.8,4,5,general,0.013399399991612881,61
0.8,5,6,recursive_no_basis,0.0036487999896053225,61
0.8,5,6,general,0.013163499999791384,61
0.8,5,6,recursive_basis,0.006995200004894286,61
0.8,6,7,general,0.013308499997947365,61
0.8,6,7,recursive_basis,0.009084599994821474,61
0.8,6,7,recursive_no_basis,0.0041631000058259815,61
0.8,7,8,recursive_basis,0.007501300016883761,61
0.8,7,8,recursive_no_basis,0.004007899988209829,61
0.8,7,8,general,0.01329139998415485,61
0.8,8,9,recursive_no_basis,0.003987100004451349,61
0.8,8,9,general,0.012994500022614375,61
0.8,8,9,recursive_basis,0.007599699980346486,61
0.8,9,10,general,0.013738599984208122,61
0.8,9,10,recursive_basis,0.009700500027975067,61
0.8,9,10,recursive_no_basis,0.0037202999810688198,61
0.8,10,11,recursive_basis,0.007714799983659759,61
0.8,10,11,recursive_no_basis,0.004407899978104979,61
0.8,10,11,general,0.01351530000101775,61
0.8,11,12,recursive_no_basis,0.004198300011921674,61
0.8,11,12,general,0.013654599984874949,61
0.8,11,12,recursive_basis,0.008529200014891103,61
0.8,12,13,general,0.01321890001418069,61
0.8,12,13,recursive_basis,0.006605500006116927,61
0.8,12,13,recursive_no_basis,0.0033485000021755695,61
0.8,13,14,recursive_basis,0.006885599985253066,61
0.8,13,14,recursive_no_basis,0.003942999988794327,61
0.8,13,14,general,0.01350639999145642,61
0.8,14,15,recursive_no_basis,0.003917599999113008,61
0.8,14,15,general,0.013095400005113333,61
0.8,14,15,recursive_basis,0.007028099993476644,61
0.8,15,16,general,0.015703900018706918,61
0.8,15,16,recursive_basis,0.015379300020867959,61
0.8,15,16,recursive_no_basis,0.006720299978042021,61
0.8,16,17,recursive_basis,0.009829800022998825,61
0.8,16,17,recursive_no_basis,0.005941000010352582,61
0.8,16,17,general,0.015960499993525445,61
0.8,17,18,recursive_no_basis,0.006057100021280348,61
0.8,17,18,general,0.017718000017339364,61
0.8,17,18,recursive_basis,0.0106425000121817,61
0.8,18,19,general,0.014971800002967939,61
0.8,18,19,recursive_basis,0.009645899990573525,61
0.8,18,19,recursive_no_basis,0.005390600010287017,61
0.8,19,20,recursive_basis,0.008696799981407821,61
0.8,19,20,recursive_no_basis,0.005148099997313693,61
0.8,19,20,general,0.01463389999116771,61
0.8,20,21,recursive_no_basis,0.0040413999813608825,61
0.8,20,21,general,0.01500120002310723,61
0.8,20,21,recursive_basis,0.009150799975031987,61
0.8,21,22,general,0.014538099989295006,61
0.8,21,22,recursive_basis,0.007859099976485595,61
0.8,21,22,recursive_no_basis,0.004172799992375076,61
0.8,22,23,recursive_basis,0.00772059999871999,61
0.8,22,23,recursive_no_basis,0.003994800004875287,61
0.8,22,23,general,0.013732799998251721,61
0.8,23,24,recursive_no_basis,0.0033451000053901225,61
0.8,23,24,general,0.013375000009546056,61
0.8,23,24,recursive_basis,0.007050399988656864,61
0.8,24,25,general,0.013734800013480708,61
0.8,24,25,recursive_basis,0.009113700012676418,61
0.8,24,25,recursive_no_basis,0.004109799978323281,61
0.8,25,26,recursive_basis,0.00933120000991039,61
0.8,25,26,recursive_no_basis,0.0037262999976519495,61
0.8,25,26,general,0.013530199998058379,61
0.8,26,27,recursive_no_basis,0.003900800016708672,61
0.8,26,27,general,0.013388099992880598,61
0.8,26,27,recursive_basis,0.009563400002662092,61
0.8,27,28,general,0.013514799997210503,61
0.8,27,28,recursive_basis,0.007211799995275214,61
0.8,27,28,recursive_no_basis,0.003959699999541044,61
0.8,28,29,recursive_basis,0.0073299999930895865,61
0.8,28,29,recursive_no_basis,0.004475299996556714,61
0.8,28,29,general,0.013546999980462715,61
0.8,29,30,recursive_no_basis,0.0035395000013522804,61
0.8,29,30,general,0.013828900002408773,61
0.8,29,30,recursive_basis,0.010443300008773804,61
0.8,30,31,general,0.014439399994444102,61
0.8,30,31,recursive_basis,0.011964599980274215,61
0.8,30,31,recursive_no_basis,0.006955100019695237,61
0.8,31,32,recursive_basis,0.013825200003338978,61
0.8,31,32,recursive_no_basis,0.005330299987690523,61
0.8,31,32,general,0.01777490001404658,61
0.8,32,33,recursive_no_basis,0.004189500003121793,61
0.8,32,33,general,0.01394179998897016,61
0.8,32,33,recursive_basis,0.021581900015007704,61
0.8,33,34,general,0.016417200007708743,61
0.8,33,34,recursive_basis,0.008833399973809719,61
0.8,33,34,recursive_no_basis,0.004677899996750057,61
0.8,34,35,recursive_basis,0.01184700001613237,61
0.8,34,35,recursive_no_basis,0.005452800018247217,61
0.8,34,35,general,0.015841699991142377,61
0.8,35,36,recursive_no_basis,0.005453000019770116,61
0.8,35,36,general,0.016062599985161796,61
0.8,35,36,recursive_basis,0.008919399988371879,61
0.8,36,37,general,0.015423799981363118,61
0.8,36,37,recursive_basis,0.009089400002267212,61
0.8,36,37,recursive_no_basis,0.00439590000314638,61
0.8,37,38,recursive_basis,0.012796800001524389,61
0.8,37,38,recursive_no_basis,0.008357400016393512,61
0.8,37,38,general,0.015976599999703467,61
0.8,38,39,recursive_no_basis,0.004948199988575652,61
0.8,38,39,general,0.015029600006528199,61
0.8,38,39,recursive_basis,0.009264299995265901,61
0.8,39,40,general,0.01493170001776889,61
0.8,39,40,recursive_basis,0.008311600016895682,61
0.8,39,40,recursive_no_basis,0.004099000012502074,61
0.8,40,41,recursive_basis,0.011308199987979606,61
0.8,40,41,recursive_no_basis,0.004349199996795505,61
0.8,40,41,general,0.014661599998362362,61
0.8,41,42,recursive_no_basis,0.0038935000193305314,61
0.8,41,42,general,0.014489699999103323,61
0.8,41,42,recursive_basis,0.024617499992018566,61
0.8,42,43,general,0.018513699993491173,61
0.8,42,43,recursive_basis,0.008593399979872629,61
0.8,42,43,recursive_no_basis,0.004288099997211248,61
0.8,43,44,recursive_basis,0.00785990001168102,61
0.8,43,44,recursive_no_basis,0.004160999989835545,61
0.8,43,44,general,0.013814200006891042,61
0.8,44,45,recursive_no_basis,0.004411500005517155,61
0.8,44,45,general,0.013638999982504174,61
0.8,44,45,recursive_basis,0.007550000009359792,61
0.8,45,46,general,0.01409600002807565,61
0.8,45,46,recursive_basis,0.0073988999938592315,61
0.8,45,46,recursive_no_basis,0.0038444999954663217,61
0.8,46,47,recursive_basis,0.007590099994558841,61
0.8,46,47,recursive_no_basis,0.004364999971585348,61
0.8,46,47,general,0.013685800018720329,61
0.8,47,48,recursive_no_basis,0.003828299988526851,61
0.8,47,48,general,0.01349159999517724,61
0.8,47,48,recursive_basis,0.007194199977675453,61
0.8,48,49,general,0.013523700006771833,61
0.8,48,49,recursive_basis,0.012804700003471226,61
0.8,48,49,recursive_no_basis,0.005169999989448115,61
0.8,49,50,recursive_basis,0.01018449998809956,61
0.8,49,50,recursive_no_basis,0.0036840999964624643,61
0.8,49,50,general,0.014208000007783994,61
0.8,50,51,recursive_no_basis,0.0048319000052288175,61
0.8,50,51,general,0.015231600002152845,61
0.8,50,51,recursive_basis,0.0111445999937132,61
0.8,51,52,general,0.014909899997292086,61
0.8,51,52,recursive_basis,0.009273800009395927,61
0.8,51,52,recursive_no_basis,0.0053869999828748405,61
0.8,52,53,recursive_basis,0.009106499986955896,61
0.8,52,53,recursive_no_basis,0.004172100016148761,61
0.8,52,53,general,0.016604700009338558,61
0.8,53,54,recursive_no_basis,0.004340800020145252,61
0.8,53,54,general,0.01566800000728108,61
0.8,53,54,recursive_basis,0.012095099984435365,61
0.8,54,55,general,0.015620000020135194,61
0.8,54,55,recursive_basis,0.010768499982077628,61
0.8,54,55,recursive_no_basis,0.004743299999972805,61
0.8,55,56,recursive_basis,0.009857600001851097,61
0.8,55,56,recursive_no_basis,0.004455499991308898,61
0.8,55,56,general,0.015714899986051023,61
0.8,56,57,recursive_no_basis,0.004215499997371808,61
0.8,56,57,general,0.015469100006157532,61
0.8,56,57,recursive_basis,0.008424100000411272,61
0.8,57,58,general,0.014817799994489178,61
0.8,57,58,recursive_basis,0.011939300020458177,61
0.8,57,58,recursive_no_basis,0.004289700009394437,61
0.8,58,59,recursive_basis,0.013414200016995892,61
0.8,58,59,recursive_no_basis,0.004318299994338304,61
0.8,58,59,general,0.016211299982387573,61
0.8,59,60,recursive_no_basis,0.0037159999774303287,61
0.8,59,60,general,0.017237399995792657,61
0.8,59,60,recursive_basis,0.010239499999443069,61
0.8,60,61,general,0.015136900008656085,61
0.8,60,61,recursive_basis,0.009209299983922392,61
0.8,60,61,recursive_no_basis,0.004229799989843741,61
0.8,61,62,recursive_basis,0.010319799999706447,61
0.8,61,62,recursive_no_basis,0.004485500016016886,61
0.8,61,62,general,0.014561599993612617,61
0.8,62,63,recursive_no_basis,0.004837899992708117,61
0.8,62,63,general,0.0156503000180237,61
0.8,62,63,recursive_basis,0.010188399988692254,61
0.8,63,64,general,0.014654300000984222,61
0.8,63,64,recursive_basis,0.021237799985101447,61
0.8,63,64,recursive_no_basis,0.005528900015633553,61
0.8,64,65,recursive_basis,0.010368899995228276,61
0.8,64,65,recursive_no_basis,0.004952199989929795,61
0.8,64,65,general,0.014935800019884482,61
0.8,65,66,recursive_no_basis,0.00422699999762699,61
0.8,65,66,general,0.014569899998605251,61
0.8,65,66,recursive_basis,0.010552799998549744,61
0.8,66,67,general,0.014652300014859065,61
0.8,66,67,recursive_basis,0.010587900003883988,61
0.8,66,67,recursive_no_basis,0.0041083999967668205,61
0.8,67,68,recursive_basis,0.011171699996339157,61
0.8,67,68,recursive_no_basis,0.004748699982883409,61
0.8,67,68,general,0.014678500010631979,61
0.8,68,69,recursive_no_basis,0.004202799987979233,61
0.8,68,69,general,0.014890999998897314,61
0.8,68,69,recursive_basis,0.010718300007283688,61
0.8,69,70,general,0.014292299980297685,61
0.8,69,70,recursive_basis,0.01609489999827929,61
0.8,69,70,recursive_no_basis,0.005028999992646277,61
0.8,70,71,recursive_basis,0.00824499997543171,61
0.8,70,71,recursive_no_basis,0.003917800000635907,61
0.8,70,71,general,0.01473310001892969,61
0.8,71,72,recursive_no_basis,0.003509200003463775,61
0.8,71,72,general,0.014010999992024153,61
0.8,71,72,recursive_basis,0.0077618000213988125,61
0.8,72,73,general,0.020629600010579452,61
0.8,72,73,recursive_basis,0.008509299979778007,61
0.8,72,73,recursive_no_basis,0.004349299997556955,61
0.8,73,74,recursive_basis,0.008542499999748543,61
0.8,73,74,recursive_no_basis,0.005881300021428615,61
0.8,73,74,general,0.015385200007585809,61
0.8,74,75,recursive_no_basis,0.004361200000857934,61
0.8,74,75,general,0.015024299995275214,61
0.8,74,75,recursive_basis,0.008564699994167313,61
0.8,75,76,general,0.014418400009162724,61
0.8,75,76,recursive_basis,0.0087682000012137,61
0.8,75,76,recursive_no_basis,0.004261800000676885,61
0.8,76,77,recursive_basis,0.011071599990827963,61
0.8,76,77,recursive_no_basis,0.011173899983987212,61
0.8,76,77,general,0.01491069997427985,61
0.8,77,78,recursive_no_basis,0.004190300009213388,61
0.8,77,78,general,0.01490340000600554,61
0.8,77,78,recursive_basis,0.011059900018153712,61
0.8,78,79,general,0.015822699991986156,61
0.8,78,79,recursive_basis,0.008960099978139624,61
0.8,78,79,recursive_no_basis,0.004897500009974465,61
0.8,79,80,recursive_basis,0.008253400010289624,61
0.8,79,80,recursive_no_basis,0.003935399989131838,61
0.8,79,80,general,0.020420199987711385,61
0.8,80,81,recursive_no_basis,0.0048676999867893755,61
0.8,80,81,general,0.016620300011709332,61
0.8,80,81,recursive_basis,0.0098201000073459,61
0.8,81,82,general,0.014988299983087927,61
0.8,81,82,recursive_basis,0.00992670000414364,61
0.8,81,82,recursive_no_basis,0.005334300018148497,61
0.8,82,83,recursive_basis,0.019749500002944842,61
0.8,82,83,recursive_no_basis,0.007159400003729388,61
0.8,82,83,general,0.02412050002021715,61
0.8,83,84,recursive_no_basis,0.0077794999815523624,61
0.8,83,84,general,0.01990529999602586,61
0.8,83,84,recursive_basis,0.01004970000940375,61
0.8,84,85,general,0.01670500001637265,61
0.8,84,85,recursive_basis,0.013335399999050424,61
0.8,84,85,recursive_no_basis,0.005101599992485717,61
0.8,85,86,recursive_basis,0.010321799985831603,61
0.8,85,86,recursive_no_basis,0.005251599999610335,61
0.8,85,86,general,0.049314300005789846,61
0.8,86,87,recursive_no_basis,0.013889499998185784,61
0.8,86,87,general,0.035319399990839884,61
0.8,86,87,recursive_basis,0.021398799988674,61
0.8,87,88,general,0.02313660000800155,61
0.8,87,88,recursive_basis,0.012148300011176616,61
0.8,87,88,recursive_no_basis,0.00558420000015758,61
0.8,88,89,recursive_basis,0.012464100000215694,61
0.8,88,89,recursive_no_basis,0.0047122999967541546,61
0.8,88,89,general,0.016366799973184243,61
0.8,89,90,recursive_no_basis,0.006227500009117648,61
0.8,89,90,general,0.015079600008903071,61
0.8,89,90,recursive_basis,0.00855339999543503,61
0.8,90,91,general,0.014217599993571639,61
0.8,90,91,recursive_basis,0.010766499995952472,61
0.8,90,91,recursive_no_basis,0.00440040000830777,61
0.8,91,92,recursive_basis,0.008592400001361966,61
0.8,91,92,recursive_no_basis,0.004998799995519221,61
0.8,91,92,general,0.014403099979972467,61
0.8,92,93,recursive_no_basis,0.004394699994008988,61
0.8,92,93,general,0.01369140000315383,61
0.8,92,93,recursive_basis,0.00854300000355579,61
0.8,93,94,general,0.013475799991283566,61
0.8,93,94,recursive_basis,0.007507800008170307,61
0.8,93,94,recursive_no_basis,0.00407739999354817,61
0.8,94,95,recursive_basis,0.007227099995361641,61
0.8,94,95,recursive_no_basis,0.004125500010559335,61
0.8,94,95,general,0.013826599984895438,61
0.8,95,96,recursive_no_basis,0.004071800009114668,61
0.8,95,96,general,0.013620899990200996,61
0.8,95,96,recursive_basis,0.009955899993656203,61
0.8,96,97,general,0.014062100002774969,61
0.8,96,97,recursive_basis,0.009983900003135204,61
0.8,96,97,recursive_no_basis,0.004495000001043081,61
0.8,97,98,recursive_basis,0.013791399978799745,61
0.8,97,98,recursive_no_basis,0.01583670001127757,61
0.8,97,98,general,0.03064379998249933,61
0.8,98,99,recursive_no_basis,0.006296300009125844,61
0.8,98,99,general,0.015403700002934784,61
0.8,98,99,recursive_basis,0.009841499995673075,61
0.8,99,100,general,0.017072899994673207,61
0.8,99,100,recursive_basis,0.0094229000096675,61
0.8,99,100,recursive_no_basis,0.004606699978467077,61
0.8,100,101,recursive_basis,0.008677200006786734,61
0.8,100,101,recursive_no_basis,0.006444200000260025,61
0.8,100,101,general,0.03029580001020804,61
0.8,101,102,recursive_no_basis,0.0048359000065829605,61
0.8,101,102,general,0.014803999976720661,61
0.8,101,102,recursive_basis,0.009353100002044812,61
0.8,102,103,general,0.014611999999033287,61
0.8,102,103,recursive_basis,0.008857400011038408,61
0.8,102,103,recursive_no_basis,0.0056093999883159995,61
0.8,103,104,recursive_basis,0.009997499990276992,61
0.8,103,104,recursive_no_basis,0.007129300007363781,61
0.8,103,104,general,0.017274999991059303,61
0.8,104,105,recursive_no_basis,0.004487700003664941,61
0.8,104,105,general,0.017858400009572506,61
0.8,104,105,recursive_basis,0.015324799984227866,61
0.8,105,106,general,0.038686899992171675,61
0.8,105,106,recursive_basis,0.009971500025130808,61
0.8,105,106,recursive_no_basis,0.004442200006451458,61
0.8,106,107,recursive_basis,0.00885839998954907,61
0.8,106,107,recursive_no_basis,0.0043966000084765255,61
0.8,106,107,general,0.017015799996443093,61
0.8,107,108,recursive_no_basis,0.004561199981253594,61
0.8,107,108,general,0.015454799984581769,61
0.8,107,108,recursive_basis,0.010027799988165498,61
0.8,108,109,general,0.01871239999309182,61
0.8,108,109,recursive_basis,0.01416570000583306,61
0.8,108,109,recursive_no_basis,0.009013900009449571,61
0.8,109,110,recursive_basis,0.028976700006751344,61
0.8,109,110,recursive_no_basis,0.006100200000219047,61
0.8,109,110,general,0.016107200004626065,61
0.8,110,111,recursive_no_basis,0.004076799988979474,61
0.8,110,111,general,0.015491099999053404,61
0.8,110,111,recursive_basis,0.028068399988114834,61
0.8,111,112,general,0.019836599996779114,61
0.8,111,112,recursive_basis,0.008379600010812283,61
0.8,111,112,recursive_no_basis,0.0042742999794427305,61
0.8,112,113,recursive_basis,0.012554300017654896,61
0.8,112,113,recursive_no_basis,0.006056199985323474,61
0.8,112,113,general,0.01604010001756251,61
0.8,113,114,recursive_no_basis,0.004874699981883168,61
0.8,113,114,general,0.015447699988726526,61
0.8,113,114,recursive_basis,0.009396600013133138,61
0.8,114,115,general,0.029305000003660098,61
0.8,114,115,recursive_basis,0.022415999992517754,61
0.8,114,115,recursive_no_basis,0.0053368000080809,61
0.8,115,116,recursive_basis,0.0097519000119064,61
0.8,115,116,recursive_no_basis,0.005301900004269555,61
0.8,115,116,general,0.01981199998408556,61
0.8,116,117,recursive_no_basis,0.004969999979948625,61
0.8,116,117,general,0.019502800016198307,61
0.8,116,117,recursive_basis,0.020799799996893853,61
0.8,117,118,general,0.015026700013549998,61
0.8,117,118,recursive_basis,0.010174900002311915,61
0.8,117,118,recursive_no_basis,0.004809399979421869,61
0.8,118,119,recursive_basis,0.008880899986252189,61
0.8,118,119,recursive_no_basis,0.05125170000246726,61
0.8,118,119,general,0.02652829998987727,61
0.8,119,120,recursive_no_basis,0.006465099984779954,61
0.8,119,120,general,0.022276400006376207,61
0.8,119,120,recursive_basis,0.014633999991929159,61
0.8,120,121,general,0.0239622000080999,61
0.8,120,121,recursive_basis,0.008861699985573068,61
0.8,120,121,recursive_no_basis,0.004506900004344061,61
0.8,121,122,recursive_basis,0.0071693999925628304,61
0.8,121,122,recursive_no_basis,0.003903300006641075,61
0.8,121,122,general,0.015372599998954684,61
0.8,122,123,recursive_no_basis,0.004228299978422001,61
0.8,122,123,general,0.014549200015608221,61
0.8,122,123,recursive_basis,0.011031300004106015,61
0.8,123,124,general,0.014392999990377575,61
0.8,123,124,recursive_basis,0.00843029998941347,61
0.8,123,124,recursive_no_basis,0.004972000024281442,61
0.8,124,125,recursive_basis,0.008174799993867055,61
0.8,124,125,recursive_no_basis,0.00434699998004362,61
0.8,124,125,general,0.013859400001820177,61
0.8,125,126,recursive_no_basis,0.005155699996976182,61
0.8,125,126,general,0.017010699986713007,61
0.8,125,126,recursive_basis,0.008486400009132922,61
0.8,126,127,general,0.014269899984356016,61
0.8,126,127,recursive_basis,0.008783099998254329,61
0.8,126,127,recursive_no_basis,0.004711799992946908,61
0.8,127,128,recursive_basis,0.009670100000221282,61
0.8,127,128,recursive_no_basis,0.0058837000105995685,61
0.8,127,128,general,0.014239999989513308,61
0.8,128,129,recursive_no_basis,0.003908099984982982,61
0.8,128,129,general,0.014252900000428781,61
0.8,128,129,recursive_basis,0.010748100001364946,61
0.8,129,130,general,0.014982799999415874,61
0.8,129,130,recursive_basis,0.01071189998765476,61
0.8,129,130,recursive_no_basis,0.004358000005595386,61
0.8,130,131,recursive_basis,0.014117699989583343,61
0.8,130,131,recursive_no_basis,0.0049703000113368034,61
0.8,130,131,general,0.014525999984471127,61
0.8,131,132,recursive_no_basis,0.003622000018367544,61
0.8,131,132,general,0.01567369999247603,61
0.8,131,132,recursive_basis,0.010965499997837469,61
0.8,132,133,general,0.016979500011075288,61
0.8,132,133,recursive_basis,0.012269799975911155,61
0.8,132,133,recursive_no_basis,0.004648200003430247,61
0.8,133,134,recursive_basis,0.007761699991533533,61
0.8,133,134,recursive_no_basis,0.004107099986867979,61
0.8,133,134,general,0.021734900015871972,61
0.8,134,135,recursive_no_basis,0.004378299985546619,61
0.8,134,135,general,0.014568400016287342,61
0.8,134,135,recursive_basis,0.009264099993743002,61
0.8,135,136,general,0.014868500002194196,61
0.8,135,136,recursive_basis,0.011757700005546212,61
0.8,135,136,recursive_no_basis,0.003943000017898157,61
0.8,136,137,recursive_basis,0.009632100001908839,61
0.8,136,137,recursive_no_basis,0.004277800006093457,61
0.8,136,137,general,0.014120300009381026,61
0.8,137,138,recursive_no_basis,0.0039038000104483217,61
0.8,137,138,general,0.013509799988241866,61
0.8,137,138,recursive_basis,0.010339100001147017,61
0.8,138,139,general,0.013695200002985075,61
0.8,138,139,recursive_basis,0.007894200010923669,61
0.8,138,139,recursive_no_basis,0.0054330000129994005,61
0.8,139,140,recursive_basis,0.0076262000075075775,61
0.8,139,140,recursive_no_basis,0.003798499994445592,61
0.8,139,140,general,0.01342329999897629,61
0.8,140,141,recursive_no_basis,0.0038043000095058233,61
0.8,140,141,general,0.014243300014641136,61
0.8,140,141,recursive_basis,0.008631200005766004,61
0.8,141,142,general,0.014096899976721033,61
0.8,141,142,recursive_basis,0.01837210002122447,61
0.8,141,142,recursive_no_basis,0.004327600006945431,61
0.8,142,143,recursive_basis,0.007541800005128607,61
0.8,142,143,recursive_no_basis,0.005172999983187765,61
0.8,142,143,general,0.014571399980923161,61
0.8,143,144,recursive_no_basis,0.004233799991197884,61
0.8,143,144,general,0.014648800017312169,61
0.8,143,144,recursive_basis,0.00827630001003854,61
0.8,144,145,general,0.014020000002346933,61
0.8,144,145,recursive_basis,0.007171400007791817,61
0.8,144,145,recursive_no_basis,0.00391140001011081,61
0.8,145,146,recursive_basis,0.0072589000046718866,61
0.8,145,146,recursive_no_basis,0.004147100000409409,61
0.8,145,146,general,0.014227700012270361,61
0.8,146,147,recursive_no_basis,0.006595100014237687,61
0.8,146,147,general,0.0150976000004448,61
0.8,146,147,recursive_basis,0.010546899982728064,61
0.8,147,148,general,0.019762100011575967,61
0.8,147,148,recursive_basis,0.00965409999480471,61
0.8,147,148,recursive_no_basis,0.00428920000558719,61
0.8,148,149,recursive_basis,0.007974800013471395,61
0.8,148,149,recursive_no_basis,0.004474899993510917,61
0.8,148,149,general,0.014857999980449677,61
0.8,149,150,recursive_no_basis,0.005136899999342859,61
0.8,149,150,general,0.01438939999206923,61
0.8,149,150,recursive_basis,0.008473699999740347,61
0.8,150,151,general,0.013757200009422377,61
0.8,150,151,recursive_basis,0.00805100001161918,61
0.8,150,151,recursive_no_basis,0.00423590000718832,61
0.8,151,152,recursive_basis,0.00787319999653846,61
0.8,151,152,recursive_no_basis,0.004326700000092387,61
0.8,151,152,general,0.014276400004746392,61
0.8,152,153,recursive_no_basis,0.004662399995140731,61
0.8,152,153,general,0.013631799985887483,61
0.8,152,153,recursive_basis,0.008028399985050783,61
0.8,153,154,general,0.017901799990795553,61
0.8,153,154,recursive_basis,0.008142500009853393,61
0.8,153,154,recursive_no_basis,0.004184799996437505,61
0.8,154,155,recursive_basis,0.008014299994101748,61
0.8,154,155,recursive_no_basis,0.0046036000130698085,61
0.8,154,155,general,0.014102099987212569,61
0.8,155,156,recursive_no_basis,0.004300700005842373,61
0.8,155,156,general,0.01376420000451617,61
0.8,155,156,recursive_basis,0.009709700010716915,61
0.8,156,157,general,0.014422400010516867,61
0.8,156,157,recursive_basis,0.013779500004602596,61
0.8,156,157,recursive_no_basis,0.004186499980278313,61
0.8,157,158,recursive_basis,0.008254599990323186,61
0.8,157,158,recursive_no_basis,0.004291999997803941,61
0.8,157,158,general,0.014656400016974658,61
0.8,158,159,recursive_no_basis,0.004274000006262213,61
0.8,158,159,general,0.014325800002552569,61
0.8,158,159,recursive_basis,0.013072800007648766,61
0.8,159,160,general,0.018543400015914813,61
0.8,159,160,recursive_basis,0.009649499988881871,61
0.8,159,160,recursive_no_basis,0.004562700021779165,61
0.8,160,161,recursive_basis,0.007654799992451444,61
0.8,160,161,recursive_no_basis,0.004070399998454377,61
0.8,160,161,general,0.014490600005956367,61
0.8,161,162,recursive_no_basis,0.004507800011197105,61
0.8,161,162,general,0.015512499987380579,61
0.8,161,162,recursive_basis,0.010608899989165366,61
0.8,162,163,general,0.016025699995225295,61
0.8,162,163,recursive_basis,0.009197599982144311,61
0.8,162,163,recursive_no_basis,0.004960699996445328,61
0.8,163,164,recursive_basis,0.008656099991640076,61
0.8,163,164,recursive_no_basis,0.004303199995774776,61
0.8,163,164,general,0.015500100009376183,61
0.8,164,165,recursive_no_basis,0.0068091999855823815,61
0.8,164,165,general,0.015548399998806417,61
0.8,164,165,recursive_basis,0.009028100001160055,61
0.8,165,166,general,0.014469499990809709,61
0.8,165,166,recursive_basis,0.009670300001744181,61
0.8,165,166,recursive_no_basis,0.005780299979960546,61
0.8,166,167,recursive_basis,0.011538000020664185,61
0.8,166,167,recursive_no_basis,0.007458999985828996,61
0.8,166,167,general,0.017607099987799302,61
0.8,167,168,recursive_no_basis,0.003947999997762963,61
0.8,167,168,general,0.01661029999377206,61
0.8,167,168,recursive_basis,0.00870440001017414,61
0.8,168,169,general,0.01603120000800118,61
0.8,168,169,recursive_basis,0.014126199996098876,61
0.8,168,169,recursive_no_basis,0.004092899995157495,61
0.8,169,170,recursive_basis,0.009715499996673316,61
0.8,169,170,recursive_no_basis,0.004638000013073906,61
0.8,169,170,general,0.022049799998058006,61
0.8,170,171,recursive_no_basis,0.004078099998878315,61
0.8,170,171,general,0.014763100014533848,61
0.8,170,171,recursive_basis,0.010169000015594065,61
0.8,171,172,general,0.014973300014389679,61
0.8,171,172,recursive_basis,0.007656100002350286,61
0.8,171,172,recursive_no_basis,0.0043197000049985945,61
0.8,172,173,recursive_basis,0.01128979999339208,61
0.8,172,173,recursive_no_basis,0.005919799994444475,61
0.8,172,173,general,0.016931299993302673,61
0.8,173,174,recursive_no_basis,0.0046070000098552555,61
0.8,173,174,general,0.014881700015394017,61
0.8,173,174,recursive_basis,0.011864900006912649,61
0.8,174,175,general,0.01465309999184683,61
0.8,174,175,recursive_basis,0.007477799983462319,61
0.8,174,175,recursive_no_basis,0.004231900005834177,61
0.8,175,176,recursive_basis,0.010551600018516183,61
0.8,175,176,recursive_no_basis,0.004259300010744482,61
0.8,175,176,general,0.015042000013636425,61
0.8,176,177,recursive_no_basis,0.004088599991519004,61
0.8,176,177,general,0.014311899984022602,61
0.8,176,177,recursive_basis,0.008960200008004904,61
0.8,177,178,general,0.014768399996683002,61
0.8,177,178,recursive_basis,0.008939099992858246,61
0.8,177,178,recursive_no_basis,0.004704699997091666,61
0.8,178,179,recursive_basis,0.008552599989343435,61
0.8,178,179,recursive_no_basis,0.004680499987443909,61
0.8,178,179,general,0.014394300000276417,61
0.8,179,180,recursive_no_basis,0.0043271000031381845,61
0.8,179,180,general,0.014521500008413568,61
0.8,179,180,recursive_basis,0.009472300007473677,61
0.8,180,181,general,0.020501300023170188,61
0.8,180,181,recursive_basis,0.01056219998281449,61
0.8,180,181,recursive_no_basis,0.004179800016572699,61
0.8,181,182,recursive_basis,0.009975000022677705,61
0.8,181,182,recursive_no_basis,0.005920199997490272,61
0.8,181,182,general,0.014466699998592958,61
0.8,182,183,recursive_no_basis,0.005913500004680827,61
0.8,182,183,general,0.021930500020971522,61
0.8,182,183,recursive_basis,0.010364499990828335,61
0.8,183,184,general,0.015850800002226606,61
0.8,183,184,recursive_basis,0.013515400001779199,61
0.8,183,184,recursive_no_basis,0.004638800019165501,61
0.8,184,185,recursive_basis,0.01105709999683313,61
0.8,184,185,recursive_no_basis,0.004833699989831075,61
0.8,184,185,general,0.014314900006866083,61
0.8,185,186,recursive_no_basis,0.003821400023298338,61
0.8,185,186,general,0.01522189998649992,61
0.8,185,186,recursive_basis,0.012647199997445568,61
0.8,186,187,general,0.015120700001716614,61
0.8,186,187,recursive_basis,0.014051699981791899,61
0.8,186,187,recursive_no_basis,0.004999100026907399,61
0.8,187,188,recursive_basis,0.012088000017683953,61
0.8,187,188,recursive_no_basis,0.007060700008878484,61
0.8,187,188,general,0.02217489999020472,61
0.8,188,189,recursive_no_basis,0.010782900004414842,61
0.8,188,189,general,0.018571399996289983,61
0.8,188,189,recursive_basis,0.012467900000046939,61
0.8,189,190,general,0.01705040002707392,61
0.8,189,190,recursive_basis,0.011699100024998188,61
0.8,189,190,recursive_no_basis,0.006289499986451119,61
0.8,190,191,recursive_basis,0.013777099986327812,61
0.8,190,191,recursive_no_basis,0.004891799995675683,61
0.8,190,191,general,0.014758000004803762,61
0.8,191,192,recursive_no_basis,0.00690569999278523,61
0.8,191,192,general,0.01467830000910908,61
0.8,191,192,recursive_basis,0.008823700016364455,61
0.8,192,193,general,0.014437799982260913,61
0.8,192,193,recursive_basis,0.01042310000048019,61
0.8,192,193,recursive_no_basis,0.005360299983294681,61
0.8,193,194,recursive_basis,0.01093869999749586,61
0.8,193,194,recursive_no_basis,0.004555400024401024,61
0.8,193,194,general,0.014532400004100055,61
0.8,194,195,recursive_no_basis,0.010662199987564236,61
0.8,194,195,general,0.014470000023720786,61
0.8,194,195,recursive_basis,0.007581499987281859,61
0.8,195,196,general,0.014887400000588968,61
0.8,195,196,recursive_basis,0.007841500017093495,61
0.8,195,196,recursive_no_basis,0.004761600022902712,61
0.8,196,197,recursive_basis,0.010244399978546426,61
0.8,196,197,recursive_no_basis,0.004569100012304261,61
0.8,196,197,general,0.014519300020765513,61
0.8,197,198,recursive_no_basis,0.010801199998240918,61
0.8,197,198,general,0.018064800009597093,61
0.8,197,198,recursive_basis,0.009011899994220585,61
0.8,198,199,general,0.016381800000090152,61
0.8,198,199,recursive_basis,0.0109801999933552,61
0.8,198,199,recursive_no_basis,0.004719799995655194,61
0.8,199,200,recursive_basis,0.008337899984326214,61
0.8,199,200,recursive_no_basis,0.006205500016221777,61
0.8,199,200,general,0.015422900003613904,61
0.9,0,1,general,0.018996499973582104,71
0.9,0,1,recursive_basis,0.006924300017999485,71
0.9,0,1,recursive_no_basis,0.004084499989403412,71
0.9,1,2,recursive_basis,0.00893559999531135,71
0.9,1,2,recursive_no_basis,0.004443599988007918,71
0.9,1,2,general,0.016363299975637347,71
0.9,2,3,recursive_no_basis,0.003435300022829324,71
0.9,2,3,general,0.016500900004757568,71
0.9,2,3,recursive_basis,0.006681400001980364,71
0.9,3,4,general,0.015845199988689274,71
0.9,3,4,recursive_basis,0.009598000004189089,71
0.9,3,4,recursive_no_basis,0.0033290999999735504,71
0.9,4,5,recursive_basis,0.006704400002490729,71
0.9,4,5,recursive_no_basis,0.003325600002426654,71
0.9,4,5,general,0.01603389999945648,71
0.9,5,6,recursive_no_basis,0.003274100017733872,71
0.9,5,6,general,0.016056499996921048,71
0.9,5,6,recursive_basis,0.0066580999991856515,71
0.9,6,7,general,0.016086399991763756,71
0.9,6,7,recursive_basis,0.007559599995147437,71
0.9,6,7,recursive_no_basis,0.0035761000181082636,71
0.9,7,8,recursive_basis,0.009984800009988248,71
0.9,7,8,recursive_no_basis,0.004750099993543699,71
0.9,7,8,general,0.015940899989800528,71
0.9,8,9,recursive_no_basis,0.003572500019799918,71
0.9,8,9,general,0.01607380001223646,71
0.9,8,9,recursive_basis,0.006925299996510148,71
0.9,9,10,general,0.01622200000565499,71
0.9,9,10,recursive_basis,0.007275400013895705,71
0.9,9,10,recursive_no_basis,0.0035198999976273626,71
0.9,10,11,recursive_basis,0.006772299995645881,71
0.9,10,11,recursive_no_basis,0.003358299989486113,71
0.9,10,11,general,0.016747200017562136,71
0.9,11,12,recursive_no_basis,0.0035333000123500824,71
0.9,11,12,general,0.03864490002160892,71
0.9,11,12,recursive_basis,0.08205799999996088,71
0.9,12,13,general,0.01824289999785833,71
0.9,12,13,recursive_basis,0.006331099983071908,71
0.9,12,13,recursive_no_basis,0.0030146000208333135,71
0.9,13,14,recursive_basis,0.009824899985687807,71
0.9,13,14,recursive_no_basis,0.0041655999957583845,71
0.9,13,14,general,0.016229000000748783,71
0.9,14,15,recursive_no_basis,0.003156699996907264,71
0.9,14,15,general,0.017588699993211776,71
0.9,14,15,recursive_basis,0.007106600009137765,71
0.9,15,16,general,0.016007900005206466,71
0.9,15,16,recursive_basis,0.008644299989100546,71
0.9,15,16,recursive_no_basis,0.0037071999977342784,71
0.9,16,17,recursive_basis,0.007224599976325408,71
0.9,16,17,recursive_no_basis,0.0036684999940916896,71
0.9,16,17,general,0.01683269999921322,71
0.9,17,18,recursive_no_basis,0.0034568999835755676,71
0.9,17,18,general,0.017431399988709018,71
0.9,17,18,recursive_basis,0.008197899995138869,71
0.9,18,19,general,0.01652430000831373,71
0.9,18,19,recursive_basis,0.00791620000381954,71
0.9,18,19,recursive_no_basis,0.0031350999779533595,71
0.9,19,20,recursive_basis,0.007311599998502061,71
0.9,19,20,recursive_no_basis,0.006161900004372001,71
0.9,19,20,general,0.01659259997541085,71
0.9,20,21,recursive_no_basis,0.003341300005558878,71
0.9,20,21,general,0.01673460000893101,71
0.9,20,21,recursive_basis,0.006763999990653247,71
0.9,21,22,general,0.016219399985857308,71
0.9,21,22,recursive_basis,0.00713390001328662,71
0.9,21,22,recursive_no_basis,0.0034747000026982278,71
0.9,22,23,recursive_basis,0.007460900000296533,71
0.9,22,23,recursive_no_basis,0.003912499989382923,71
0.9,22,23,general,0.017123900004662573,71
0.9,23,24,recursive_no_basis,0.0038546999858226627,71
0.9,23,24,general,0.01659250000375323,71
0.9,23,24,recursive_basis,0.007284099992830306,71
0.9,24,25,general,0.016369100019801408,71
0.9,24,25,recursive_basis,0.010983400017721578,71
0.9,24,25,recursive_no_basis,0.013972499989904463,71
0.9,25,26,recursive_basis,0.011478400003397837,71
0.9,25,26,recursive_no_basis,0.003462000022409484,71
0.9,25,26,general,0.017445100005716085,71
0.9,26,27,recursive_no_basis,0.0034736999950837344,71
0.9,26,27,general,0.017316600016783923,71
0.9,26,27,recursive_basis,0.010537399997701868,71
0.9,27,28,general,0.016212699993047863,71
0.9,27,28,recursive_basis,0.0073899000126402825,71
0.9,27,28,recursive_no_basis,0.003887900005793199,71
0.9,28,29,recursive_basis,0.0072469000006094575,71
0.9,28,29,recursive_no_basis,0.004264899995177984,71
0.9,28,29,general,0.01673329999903217,71
0.9,29,30,recursive_no_basis,0.0037718999956268817,71
0.9,29,30,general,0.016454099997645244,71
0.9,29,30,recursive_basis,0.006916699989233166,71
0.9,30,31,general,0.016746999986935407,71
0.9,30,31,recursive_basis,0.0069660999870393425,71
0.9,30,31,recursive_no_basis,0.0038970999885350466,71
0.9,31,32,recursive_basis,0.01128550001885742,71
0.9,31,32,recursive_no_basis,0.004624699999112636,71
0.9,31,32,general,0.019383500010007992,71
0.9,32,33,recursive_no_basis,0.004914199991617352,71
0.9,32,33,general,0.01825059999828227,71
0.9,32,33,recursive_basis,0.0075563999998848885,71
0.9,33,34,general,0.01700870000058785,71
0.9,33,34,recursive_basis,0.008175099996151403,71
0.9,33,34,recursive_no_basis,0.0038691999798174948,71
0.9,34,35,recursive_basis,0.007346700003836304,71
0.9,34,35,recursive_no_basis,0.00441520000458695,71
0.9,34,35,general,0.016791500005638227,71
0.9,35,36,recursive_no_basis,0.003297800023574382,71
0.9,35,36,general,0.016497000004164875,71
0.9,35,36,recursive_basis,0.0070300000079441816,71
0.9,36,37,general,0.016462500003399327,71
0.9,36,37,recursive_basis,0.00754729998880066,71
0.9,36,37,recursive_no_basis,0.0036484999873209745,71
0.9,37,38,recursive_basis,0.009255199984181672,71
0.9,37,38,recursive_no_basis,0.005787400004919618,71
0.9,37,38,general,0.018635999993421137,71
0.9,38,39,recursive_no_basis,0.00387000001501292,71
0.9,38,39,general,0.016458500002045184,71
0.9,38,39,recursive_basis,0.007407600001897663,71
0.9,39,40,general,0.016703199973562732,71
0.9,39,40,recursive_basis,0.006720000004861504,71
0.9,39,40,recursive_no_basis,0.0036435000074561685,71
0.9,40,41,recursive_basis,0.01557749998755753,71
0.9,40,41,recursive_no_basis,0.0051401999953668565,71
0.9,40,41,general,0.018216700002085418,71
0.9,41,42,recursive_no_basis,0.0070254000020213425,71
0.9,41,42,general,0.016300000017508864,71
0.9,41,42,recursive_basis,0.006844699993962422,71
0.9,42,43,general,0.016931399994064122,71
0.9,42,43,recursive_basis,0.0073862000135704875,71
0.9,42,43,recursive_no_basis,0.004116800002520904,71
0.9,43,44,recursive_basis,0.007321799988858402,71
0.9,43,44,recursive_no_basis,0.003675099986139685,71
0.9,43,44,general,0.0165151999972295,71
0.9,44,45,recursive_no_basis,0.0036117999989073724,71
0.9,44,45,general,0.016059699992183596,71
0.9,44,45,recursive_basis,0.00961999999708496,71
0.9,45,46,general,0.01685749998432584,71
0.9,45,46,recursive_basis,0.0067156000004615635,71
0.9,45,46,recursive_no_basis,0.003030299994861707,71
0.9,46,47,recursive_basis,0.007340800017118454,71
0.9,46,47,recursive_no_basis,0.0037969000113662332,71
0.9,46,47,general,0.019796200009295717,71
0.9,47,48,recursive_no_basis,0.0036223999923095107,71
0.9,47,48,general,0.01641310000559315,71
0.9,47,48,recursive_basis,0.007377300004009157,71
0.9,48,49,general,0.016956400009803474,71
0.9,48,49,recursive_basis,0.01160830000299029,71
0.9,48,49,recursive_no_basis,0.0040669999725651,71
0.9,49,50,recursive_basis,0.007607500010635704,71
0.9,49,50,recursive_no_basis,0.00362850000965409,71
0.9,49,50,general,0.019873599987477064,71
0.9,50,51,recursive_no_basis,0.004736300004879013,71
0.9,50,51,general,0.0191558999940753,71
0.9,50,51,recursive_basis,0.011671099986415356,71
0.9,51,52,general,0.01712559998850338,71
0.9,51,52,recursive_basis,0.008078399987425655,71
0.9,51,52,recursive_no_basis,0.0036552999808918685,71
0.9,52,53,recursive_basis,0.01141720000305213,71
0.9,52,53,recursive_no_basis,0.003281899989815429,71
0.9,52,53,general,0.016860000003362074,71
0.9,53,54,recursive_no_basis,0.003321299998788163,71
0.9,53,54,general,0.018336599983740598,71
0.9,53,54,recursive_basis,0.007801500003552064,71
0.9,54,55,general,0.01675559999421239,71
0.9,54,55,recursive_basis,0.007230699993669987,71
0.9,54,55,recursive_no_basis,0.0038426000101026148,71
0.9,55,56,recursive_basis,0.006121499987784773,71
0.9,55,56,recursive_no_basis,0.003247400018153712,71
0.9,55,56,general,0.016601100011030212,71
0.9,56,57,recursive_no_basis,0.0029708999791182578,71
0.9,56,57,general,0.016729900002246723,71
0.9,56,57,recursive_basis,0.0077535000164061785,71
0.9,57,58,general,0.022709800017764792,71
0.9,57,58,recursive_basis,0.007048400002531707,71
0.9,57,58,recursive_no_basis,0.004287499992642552,71
0.9,58,59,recursive_basis,0.00900220000767149,71
0.9,58,59,recursive_no_basis,0.004067900008521974,71
0.9,58,59,general,0.017064699990442023,71
0.9,59,60,recursive_no_basis,0.003296999988378957,71
0.9,59,60,general,0.017023100022925064,71
0.9,59,60,recursive_basis,0.008785399986663833,71
0.9,60,61,general,0.01618939999025315,71
0.9,60,61,recursive_basis,0.006864399998448789,71
0.9,60,61,recursive_no_basis,0.0032866999972611666,71
0.9,61,62,recursive_basis,0.010253999993437901,71
0.9,61,62,recursive_no_basis,0.004755799978738651,71
0.9,61,62,general,0.01735699997516349,71
0.9,62,63,recursive_no_basis,0.0035250000073574483,71
0.9,62,63,general,0.022420499997679144,71
0.9,62,63,recursive_basis,0.007824799977242947,71
0.9,63,64,general,0.016230600012931973,71
0.9,63,64,recursive_basis,0.01217739999992773,71
0.9,63,64,recursive_no_basis,0.0037998999760020524,71
0.9,64,65,recursive_basis,0.009770200005732477,71
0.9,64,65,recursive_no_basis,0.003532300004735589,71
0.9,64,65,general,0.021365599997807294,71
0.9,65,66,recursive_no_basis,0.0033916000102180988,71
0.9,65,66,general,0.016273599991109222,71
0.9,65,66,recursive_basis,0.014732900017406791,71
0.9,66,67,general,0.016268300008960068,71
0.9,66,67,recursive_basis,0.006768099992768839,71
0.9,66,67,recursive_no_basis,0.003495999990263954,71
0.9,67,68,recursive_basis,0.012583899981109425,71
0.9,67,68,recursive_no_basis,0.003208699985407293,71
0.9,67,68,general,0.01632160000735894,71
0.9,68,69,recursive_no_basis,0.0036238000029698014,71
0.9,68,69,general,0.022830400004750118,71
0.9,68,69,recursive_basis,0.007513799995649606,71
0.9,69,70,general,0.020977000007405877,71
0.9,69,70,recursive_basis,0.00718440001946874,71
0.9,69,70,recursive_no_basis,0.003551100002368912,71
0.9,70,71,recursive_basis,0.006378499994752929,71
0.9,70,71,recursive_no_basis,0.0031987999973353,71
0.9,70,71,general,0.02115290000801906,71
0.9,71,72,recursive_no_basis,0.003054500004509464,71
0.9,71,72,general,0.016527600004337728,71
0.9,71,72,recursive_basis,0.012234099995112047,71
0.9,72,73,general,0.016412299999501556,71
0.9,72,73,recursive_basis,0.009424899995792657,71
0.9,72,73,recursive_no_basis,0.009731800004374236,71
0.9,73,74,recursive_basis,0.007315900002140552,71
0.9,73,74,recursive_no_basis,0.0036038000253029168,71
0.9,73,74,general,0.0160755000251811,71
0.9,74,75,recursive_no_basis,0.006653399992501363,71
0.9,74,75,general,0.016401800006860867,71
0.9,74,75,recursive_basis,0.007090800005244091,71
0.9,75,76,general,0.02281510000466369,71
0.9,75,76,recursive_basis,0.007214999990537763,71
0.9,75,76,recursive_no_basis,0.00341949998983182,71
0.9,76,77,recursive_basis,0.006494000001111999,71
0.9,76,77,recursive_no_basis,0.0036130000080447644,71
0.9,76,77,general,0.017123500001616776,71
0.9,77,78,recursive_no_basis,0.0037358000117819756,71
0.9,77,78,general,0.01939739999943413,71
0.9,77,78,recursive_basis,0.006631000025663525,71
0.9,78,79,general,0.01678079998237081,71
0.9,78,79,recursive_basis,0.007344500016188249,71
0.9,78,79,recursive_no_basis,0.004292099998565391,71
0.9,79,80,recursive_basis,0.009145100018940866,71
0.9,79,80,recursive_no_basis,0.01031789998523891,71
0.9,79,80,general,0.016640399990137666,71
0.9,80,81,recursive_no_basis,0.0036374999908730388,71
0.9,80,81,general,0.01624559998163022,71
0.9,80,81,recursive_basis,0.009920000011334196,71
0.9,81,82,general,0.01638059999095276,71
0.9,81,82,recursive_basis,0.006977599987294525,71
0.9,81,82,recursive_no_basis,0.0034457000147085637,71
0.9,82,83,recursive_basis,0.007436899992171675,71
0.9,82,83,recursive_no_basis,0.0033694999874569476,71
0.9,82,83,general,0.016849099978571758,71
0.9,83,84,recursive_no_basis,0.0034610000147949904,71
0.9,83,84,general,0.017186199984280393,71
0.9,83,84,recursive_basis,0.008721199992578477,71
0.9,84,85,general,0.01774100001784973,71
0.9,84,85,recursive_basis,0.007565499981865287,71
0.9,84,85,recursive_no_basis,0.0033053999941330403,71
0.9,85,86,recursive_basis,0.007051499997032806,71
0.9,85,86,recursive_no_basis,0.003915800014510751,71
0.9,85,86,general,0.017561000015120953,71
0.9,86,87,recursive_no_basis,0.0038339000020641834,71
0.9,86,87,general,0.017401099990820512,71
0.9,86,87,recursive_basis,0.008558400004403666,71
0.9,87,88,general,0.01689900000928901,71
0.9,87,88,recursive_basis,0.010605699993902817,71
0.9,87,88,recursive_no_basis,0.005045600002631545,71
0.9,88,89,recursive_basis,0.007217300008051097,71
0.9,88,89,recursive_no_basis,0.00346099998569116,71
0.9,88,89,general,0.018930999998701736,71
0.9,89,90,recursive_no_basis,0.0033269000123254955,71
0.9,89,90,general,0.016034600004786626,71
0.9,89,90,recursive_basis,0.012226399994688109,71
0.9,90,91,general,0.01636449998477474,71
0.9,90,91,recursive_basis,0.009481700020842254,71
0.9,90,91,recursive_no_basis,0.0044735999836120754,71
0.9,91,92,recursive_basis,0.009524799999780953,71
0.9,91,92,recursive_no_basis,0.0046790000051259995,71
0.9,91,92,general,0.016372599988244474,71
0.9,92,93,recursive_no_basis,0.0036503000010270625,71
0.9,92,93,general,0.016354799998225644,71
0.9,92,93,recursive_basis,0.008009000011952594,71
0.9,93,94,general,0.017491299979155883,71
0.9,93,94,recursive_basis,0.00796210000407882,71
0.9,93,94,recursive_no_basis,0.005040199990617111,71
0.9,94,95,recursive_basis,0.007975000014994293,71
0.9,94,95,recursive_no_basis,0.0045310000132303685,71
0.9,94,95,general,0.016817999974591658,71
0.9,95,96,recursive_no_basis,0.003514599986374378,71
0.9,95,96,general,0.017203900002641603,71
0.9,95,96,recursive_basis,0.007812000025296584,71
0.9,96,97,general,0.016409699979703873,71
0.9,96,97,recursive_basis,0.007854600000428036,71
0.9,96,97,recursive_no_basis,0.0034078999888151884,71
0.9,97,98,recursive_basis,0.006644600012805313,71
0.9,97,98,recursive_no_basis,0.003424299997277558,71
0.9,97,98,general,0.01626509998459369,71
0.9,98,99,recursive_no_basis,0.003377599990926683,71
0.9,98,99,general,0.016987599985441193,71
0.9,98,99,recursive_basis,0.01750500002526678,71
0.9,99,100,general,0.018012699991231784,71
0.9,99,100,recursive_basis,0.012634899991098791,71
0.9,99,100,recursive_no_basis,0.004121700010728091,71
0.9,100,101,recursive_basis,0.006644600012805313,71
0.9,100,101,recursive_no_basis,0.0030774000042583793,71
0.9,100,101,general,0.016329599980963394,71
0.9,101,102,recursive_no_basis,0.00370850000763312,71
0.9,101,102,general,0.01621760000125505,71
0.9,101,102,recursive_basis,0.007132200000341982,71
0.9,102,103,general,0.01661020002211444,71
0.9,102,103,recursive_basis,0.007189900003140792,71
0.9,102,103,recursive_no_basis,0.003864500002237037,71
0.9,103,104,recursive_basis,0.008121000020764768,71
0.9,103,104,recursive_no_basis,0.003965899988543242,71
0.9,103,104,general,0.015742399991722777,71
0.9,104,105,recursive_no_basis,0.0033811000175774097,71
0.9,104,105,general,0.017953700007637963,71
0.9,104,105,recursive_basis,0.021857799991266802,71
0.9,105,106,general,0.021946399996522814,71
0.9,105,106,recursive_basis,0.010522199998376891,71
0.9,105,106,recursive_no_basis,0.0038127000152599066,71
0.9,106,107,recursive_basis,0.01046900000073947,71
0.9,106,107,recursive_no_basis,0.0034685000136960298,71
0.9,106,107,general,0.01871709999977611,71
0.9,107,108,recursive_no_basis,0.00428039999678731,71
0.9,107,108,general,0.016430100018624216,71
0.9,107,108,recursive_basis,0.010175500006880611,71
0.9,108,109,general,0.016826200007926673,71
0.9,108,109,recursive_basis,0.007179300009738654,71
0.9,108,109,recursive_no_basis,0.004216800007270649,71
0.9,109,110,recursive_basis,0.007461100001819432,71
0.9,109,110,recursive_no_basis,0.0035816000017803162,71
0.9,109,110,general,0.01624719999381341,71
0.9,110,111,recursive_no_basis,0.003567900013877079,71
0.9,110,111,general,0.01617039999109693,71
0.9,110,111,recursive_basis,0.007282400008989498,71
0.9,111,112,general,0.01837789997807704,71
0.9,111,112,recursive_basis,0.006758399977115914,71
0.9,111,112,recursive_no_basis,0.0038385000079870224,71
0.9,112,113,recursive_basis,0.007190700009232387,71
0.9,112,113,recursive_no_basis,0.0032195000094361603,71
0.9,112,113,general,0.016199199977563694,71
0.9,113,114,recursive_no_basis,0.003384399984497577,71
0.9,113,114,general,0.016920699999900535,71
0.9,113,114,recursive_basis,0.007624300022143871,71
0.9,114,115,general,0.0163481000054162,71
0.9,114,115,recursive_basis,0.00822889999835752,71
0.9,114,115,recursive_no_basis,0.00417659999220632,71
0.9,115,116,recursive_basis,0.007412900013150647,71
0.9,115,116,recursive_no_basis,0.003273800015449524,71
0.9,115,116,general,0.01611689999117516,71
0.9,116,117,recursive_no_basis,0.0035561999829951674,71
0.9,116,117,general,0.017044000007444993,71
0.9,116,117,recursive_basis,0.006870899989735335,71
0.9,117,118,general,0.01721900000120513,71
0.9,117,118,recursive_basis,0.010293200000887737,71
0.9,117,118,recursive_no_basis,0.0038822999922558665,71
0.9,118,119,recursive_basis,0.009470099990721792,71
0.9,118,119,recursive_no_basis,0.004052300006151199,71
0.9,118,119,general,0.016430099989520386,71
0.9,119,120,recursive_no_basis,0.0033066000032704324,71
0.9,119,120,general,0.017505700001493096,71
0.9,119,120,recursive_basis,0.010752500005764887,71
0.9,120,121,general,0.01731120000476949,71
0.9,120,121,recursive_basis,0.011262200016062707,71
0.9,120,121,recursive_no_basis,0.003683099988847971,71
0.9,121,122,recursive_basis,0.007269499998074025,71
0.9,121,122,recursive_no_basis,0.005180999985896051,71
0.9,121,122,general,0.01787270000204444,71
0.9,122,123,recursive_no_basis,0.0033659000182524323,71
0.9,122,123,general,0.017304400011198595,71
0.9,122,123,recursive_basis,0.008529500017175451,71
0.9,123,124,general,0.0181598000053782,71
0.9,123,124,recursive_basis,0.007487700000638142,71
0.9,123,124,recursive_no_basis,0.004113899980438873,71
0.9,124,125,recursive_basis,0.010419700003694743,71
0.9,124,125,recursive_no_basis,0.004141700017498806,71
0.9,124,125,general,0.01736899997922592,71
0.9,125,126,recursive_no_basis,0.0038955000054556876,71
0.9,125,126,general,0.01656859999638982,71
0.9,125,126,recursive_basis,0.009041100012836978,71
0.9,126,127,general,0.01969640000606887,71
0.9,126,127,recursive_basis,0.010491599998204038,71
0.9,126,127,recursive_no_basis,0.0035143000131938607,71
0.9,127,128,recursive_basis,0.011038900003768504,71
0.9,127,128,recursive_no_basis,0.004065899993292987,71
0.9,127,128,general,0.0192920999834314,71
0.9,128,129,recursive_no_basis,0.0038664000167045742,71
0.9,128,129,general,0.018978300009621307,71
0.9,128,129,recursive_basis,0.011356999981217086,71
0.9,129,130,general,0.01735849998658523,71
0.9,129,130,recursive_basis,0.007775699981721118,71
0.9,129,130,recursive_no_basis,0.003415300016058609,71
0.9,130,131,recursive_basis,0.00986890000058338,71
0.9,130,131,recursive_no_basis,0.005918500013649464,71
0.9,130,131,general,0.01830349999363534,71
0.9,131,132,recursive_no_basis,0.0044003999792039394,71
0.9,131,132,general,0.01789950000238605,71
0.9,131,132,recursive_basis,0.010092199983773753,71
0.9,132,133,general,0.01808609999716282,71
0.9,132,133,recursive_basis,0.011361299984855577,71
0.9,132,133,recursive_no_basis,0.00386399999842979,71
0.9,133,134,recursive_basis,0.0066584000014699996,71
0.9,133,134,recursive_no_basis,0.0031352000078186393,71
0.9,133,134,general,0.017505700001493096,71
0.9,134,135,recursive_no_basis,0.003195400000549853,71
0.9,134,135,general,0.01860470001702197,71
0.9,134,135,recursive_basis,0.009650899999542162,71
0.9,135,136,general,0.017389900021953508,71
0.9,135,136,recursive_basis,0.00647910000407137,71
0.9,135,136,recursive_no_basis,0.003359099995577708,71
0.9,136,137,recursive_basis,0.007271099981153384,71
0.9,136,137,recursive_no_basis,0.00312619999749586,71
0.9,136,137,general,0.01747680001426488,71
0.9,137,138,recursive_no_basis,0.004122500016819686,71
0.9,137,138,general,0.017781500006094575,71
0.9,137,138,recursive_basis,0.010724199994001538,71
0.9,138,139,general,0.017030199989676476,71
0.9,138,139,recursive_basis,0.006509699975140393,71
0.9,138,139,recursive_no_basis,0.0035314999986439943,71
0.9,139,140,recursive_basis,0.0063436999917030334,71
0.9,139,140,recursive_no_basis,0.003252399998018518,71
0.9,139,140,general,0.017197700013639405,71
0.9,140,141,recursive_no_basis,0.0036997999995946884,71
0.9,140,141,general,0.017639500001678243,71
0.9,140,141,recursive_basis,0.006707599997753277,71
0.9,141,142,general,0.01678669999819249,71
0.9,141,142,recursive_basis,0.01112250000005588,71
0.9,141,142,recursive_no_basis,0.0036127000057604164,71
0.9,142,143,recursive_basis,0.007931999978609383,71
0.9,142,143,recursive_no_basis,0.0040972999995574355,71
0.9,142,143,general,0.017032000003382564,71
0.9,143,144,recursive_no_basis,0.0032802000059746206,71
0.9,143,144,general,0.01782979999552481,71
0.9,143,144,recursive_basis,0.007051499997032806,71
0.9,144,145,general,0.019304099987493828,71
0.9,144,145,recursive_basis,0.0069352000136859715,71
0.9,144,145,recursive_no_basis,0.003552000009221956,71
0.9,145,146,recursive_basis,0.008509399980539456,71
0.9,145,146,recursive_no_basis,0.003922100004274398,71
0.9,145,146,general,0.016886500001419336,71
0.9,146,147,recursive_no_basis,0.004300800006603822,71
0.9,146,147,general,0.017367100022966042,71
0.9,146,147,recursive_basis,0.007608399988384917,71
0.9,147,148,general,0.017726800026139244,71
0.9,147,148,recursive_basis,0.009315300005255267,71
0.9,147,148,recursive_no_basis,0.003334899985929951,71
0.9,148,149,recursive_basis,0.007867900014389306,71
0.9,148,149,recursive_no_basis,0.003656999993836507,71
0.9,148,149,general,0.016781200014520437,71
0.9,149,150,recursive_no_basis,0.0034536999883130193,71
0.9,149,150,general,0.017492499988293275,71
0.9,149,150,recursive_basis,0.007097199995769188,71
0.9,150,151,general,0.017603899992536753,71
0.9,150,151,recursive_basis,0.00758129998575896,71
0.9,150,151,recursive_no_basis,0.003885199985234067,71
0.9,151,152,recursive_basis,0.010106600006110966,71
0.9,151,152,recursive_no_basis,0.0037945999938528985,71
0.9,151,152,general,0.0173744999920018,71
0.9,152,153,recursive_no_basis,0.00350550000439398,71
0.9,152,153,general,0.016961099987383932,71
0.9,152,153,recursive_basis,0.007777300023008138,71
0.9,153,154,general,0.016871600004378706,71
0.9,153,154,recursive_basis,0.007978900015586987,71
0.9,153,154,recursive_no_basis,0.0054469000024255365,71
0.9,154,155,recursive_basis,0.006504699995275587,71
0.9,154,155,recursive_no_basis,0.0036859000101685524,71
0.9,154,155,general,0.01688579999608919,71
0.9,155,156,recursive_no_basis,0.0047981999814510345,71
0.9,155,156,general,0.01689479997730814,71
0.9,155,156,recursive_basis,0.011460500012617558,71
0.9,156,157,general,0.017217299988260493,71
0.9,156,157,recursive_basis,0.008171599998604506,71
0.9,156,157,recursive_no_basis,0.0034388000203762203,71
0.9,157,158,recursive_basis,0.010251500003505498,71
0.9,157,158,recursive_no_basis,0.0035860000061802566,71
0.9,157,158,general,0.0177063999872189,71
0.9,158,159,recursive_no_basis,0.003895900008501485,71
0.9,158,159,general,0.01761049998458475,71
0.9,158,159,recursive_basis,0.007783200009725988,71
0.9,159,160,general,0.018174500000895932,71
0.9,159,160,recursive_basis,0.00826579998829402,71
0.9,159,160,recursive_no_basis,0.0032420000061392784,71
0.9,160,161,recursive_basis,0.00910010002553463,71
0.9,160,161,recursive_no_basis,0.004081599996425211,71
0.9,160,161,general,0.016946000017924234,71
0.9,161,162,recursive_no_basis,0.0038521999958902597,71
0.9,161,162,general,0.017031700001098216,71
0.9,161,162,recursive_basis,0.008420700003625825,71
0.9,162,163,general,0.017409699998097494,71
0.9,162,163,recursive_basis,0.007677799992961809,71
0.9,162,163,recursive_no_basis,0.004315600002883002,71
0.9,163,164,recursive_basis,0.008163200021954253,71
0.9,163,164,recursive_no_basis,0.003575499984435737,71
0.9,163,164,general,0.01662509999005124,71
0.9,164,165,recursive_no_basis,0.0038407999963965267,71
0.9,164,165,general,0.019402199977776036,71
0.9,164,165,recursive_basis,0.007085800025379285,71
0.9,165,166,general,0.017875200021080673,71
0.9,165,166,recursive_basis,0.00675610001781024,71
0.9,165,166,recursive_no_basis,0.003305899997940287,71
0.9,166,167,recursive_basis,0.0070912000082898885,71
0.9,166,167,recursive_no_basis,0.004570099990814924,71
0.9,166,167,general,0.017304599983617663,71
0.9,167,168,recursive_no_basis,0.0043123000068590045,71
0.9,167,168,general,0.017645500018261373,71
0.9,167,168,recursive_basis,0.008075099991401657,71
0.9,168,169,general,0.018368299992289394,71
0.9,168,169,recursive_basis,0.00884379999479279,71
0.9,168,169,recursive_no_basis,0.004454200010513887,71
0.9,169,170,recursive_basis,0.00782719999551773,71
0.9,169,170,recursive_no_basis,0.003356300003360957,71
0.9,169,170,general,0.01696760000777431,71
0.9,170,171,recursive_no_basis,0.0035118999949190766,71
0.9,170,171,general,0.01858949998859316,71
0.9,170,171,recursive_basis,0.007726999989245087,71
0.9,171,172,general,0.01715089997742325,71
0.9,171,172,recursive_basis,0.008721099991817027,71
0.9,171,172,recursive_no_basis,0.003781400009756908,71
0.9,172,173,recursive_basis,0.006876700004795566,71
0.9,172,173,recursive_no_basis,0.0035482999810483307,71
0.9,172,173,general,0.01721180000458844,71
0.9,173,174,recursive_no_basis,0.00302539998665452,71
0.9,173,174,general,0.017030499991960824,71
0.9,173,174,recursive_basis,0.0070331000024452806,71
0.9,174,175,general,0.017096499999752268,71
0.9,174,175,recursive_basis,0.007108899997547269,71
0.9,174,175,recursive_no_basis,0.0038067999994382262,71
0.9,175,176,recursive_basis,0.007833700015908107,71
0.9,175,176,recursive_no_basis,0.004193100001430139,71
0.9,175,176,general,0.01686929998686537,71
0.9,176,177,recursive_no_basis,0.0037339999980758876,71
0.9,176,177,general,0.017577100021298975,71
0.9,176,177,recursive_basis,0.006668799993349239,71
0.9,177,178,general,0.01729630000772886,71
0.9,177,178,recursive_basis,0.007818100013537332,71
0.9,177,178,recursive_no_basis,0.0038404999941121787,71
0.9,178,179,recursive_basis,0.00725540000712499,71
0.9,178,179,recursive_no_basis,0.004244099982315674,71
0.9,178,179,general,0.0171081000007689,71
0.9,179,180,recursive_no_basis,0.004420599987497553,71
0.9,179,180,general,0.01698499999474734,71
0.9,179,180,recursive_basis,0.007619200012413785,71
0.9,180,181,general,0.01787250000052154,71
0.9,180,181,recursive_basis,0.007518099999288097,71
0.9,180,181,recursive_no_basis,0.0035201999999117106,71
0.9,181,182,recursive_basis,0.00870879998547025,71
0.9,181,182,recursive_no_basis,0.0035371000121813267,71
0.9,181,182,general,0.016968400013865903,71
0.9,182,183,recursive_no_basis,0.004388700006529689,71
0.9,182,183,general,0.01726370002143085,71
0.9,182,183,recursive_basis,0.010713999974541366,71
0.9,183,184,general,0.018094200000632554,71
0.9,183,184,recursive_basis,0.010912800004007295,71
0.9,183,184,recursive_no_basis,0.0037100999907124788,71
0.9,184,185,recursive_basis,0.010616199986543506,71
0.9,184,185,recursive_no_basis,0.0036164000048302114,71
0.9,184,185,general,0.01661319998675026,71
0.9,185,186,recursive_no_basis,0.003298499999800697,71
0.9,185,186,general,0.01762530000996776,71
0.9,185,186,recursive_basis,0.006991200003540143,71
0.9,186,187,general,0.017150600004242733,71
0.9,186,187,recursive_basis,0.011125999997602776,71
0.9,186,187,recursive_no_basis,0.004695900017395616,71
0.9,187,188,recursive_basis,0.00666720001026988,71
0.9,187,188,recursive_no_basis,0.0033857999951578677,71
0.9,187,188,general,0.01673020000453107,71
0.9,188,189,recursive_no_basis,0.003800899983616546,71
0.9,188,189,general,0.01738649999606423,71
0.9,188,189,recursive_basis,0.007607099978486076,71
0.9,189,190,general,0.016814000002341345,71
0.9,189,190,recursive_basis,0.010634200007189065,71
0.9,189,190,recursive_no_basis,0.003813799994532019,71
0.9,190,191,recursive_basis,0.007578799995826557,71
0.9,190,191,recursive_no_basis,0.006382999999914318,71
0.9,190,191,general,0.017950000008568168,71
0.9,191,192,recursive_no_basis,0.0035743000044021755,71
0.9,191,192,general,0.016915999993216246,71
0.9,191,192,recursive_basis,0.01056840000092052,71
0.9,192,193,general,0.017560199979925528,71
0.9,192,193,recursive_basis,0.007156900013796985,71
0.9,192,193,recursive_no_basis,0.003604900004575029,71
0.9,193,194,recursive_basis,0.007804799999576062,71
0.9,193,194,recursive_no_basis,0.003611399995861575,71
0.9,193,194,general,0.017029300011927262,71
0.9,194,195,recursive_no_basis,0.003177000005962327,71
0.9,194,195,general,0.01713769999332726,71
0.9,194,195,recursive_basis,0.0067051000078208745,71
0.9,195,196,general,0.017041800019796938,71
0.9,195,196,recursive_basis,0.012499300006311387,71
0.9,195,196,recursive_no_basis,0.0038369999965652823,71
0.9,196,197,recursive_basis,0.010315899999113753,71
0.9,196,197,recursive_no_basis,0.004091500013601035,71
0.9,196,197,general,0.018023100012214854,71
0.9,197,198,recursive_no_basis,0.003972800011979416,71
0.9,197,198,general,0.017494300001999363,71
0.9,197,198,recursive_basis,0.008790899999439716,71
0.9,198,199,general,0.01678049998008646,71
0.9,198,199,recursive_basis,0.0074674999923445284,71
0.9,198,199,recursive_no_basis,0.005692900012945756,71
0.9,199,200,recursive_basis,0.0070164000208023936,71
0.9,199,200,recursive_no_basis,0.004092400020454079,71
0.9,199,200,general,0.016581200005020946,71
